[  918318ms] [LOG] [Fast Refresh] rebuilding @ http://localhost:3000/_next/static/chunks/node_modules_next_dist_115brz8._.js:2477
[  918384ms] [ERROR] ./src/app/insights/InsightsClient.tsx:221:1
Unexpected token. Did you mean `{'}'}` or `&rbrace;`?
  219 |     </div>
  220 |   );
> 221 | }
      | ^
  222 |

Parsing ecmascript source code failed

Import traces:
  Client Component Browser:
    ./src/app/insights/InsightsClient.tsx [Client Component Browser]
    ./src/app/page.tsx [Client Component Browser]
    ./src/app/page.tsx [Server Component]

  Client Component SSR:
    ./src/app/insights/InsightsClient.tsx [Client Component SSR]
    ./src/app/page.tsx [Client Component SSR]
    ./src/app/page.tsx [Server Component] @ http://localhost:3000/_next/static/chunks/node_modules_next_dist_115brz8._.js:3318
[  918499ms] [LOG] [Fast Refresh] rebuilding @ http://localhost:3000/_next/static/chunks/node_modules_next_dist_115brz8._.js:2477
[  918658ms] [ERROR] ./src/app/insights/InsightsClient.tsx:221:1
Unexpected token. Did you mean `{'}'}` or `&rbrace;`?
  219 |     </div>
  220 |   );
> 221 | }
      | ^
  222 |

Parsing ecmascript source code failed

Import traces:
  Client Component Browser:
    ./src/app/insights/InsightsClient.tsx [Client Component Browser]
    ./src/app/page.tsx [Client Component Browser]
    ./src/app/page.tsx [Server Component]

  Client Component SSR:
    ./src/app/insights/InsightsClient.tsx [Client Component SSR]
    ./src/app/page.tsx [Client Component SSR]
    ./src/app/page.tsx [Server Component] @ http://localhost:3000/_next/static/chunks/node_modules_next_dist_115brz8._.js:3318
[  918760ms] [LOG] [Fast Refresh] rebuilding @ http://localhost:3000/_next/static/chunks/node_modules_next_dist_115brz8._.js:2477
[  918806ms] [ERROR] ./src/app/insights/InsightsClient.tsx:221:1
Unexpected token. Did you mean `{'}'}` or `&rbrace;`?
  219 |     </div>
  220 |   );
> 221 | }
      | ^
  222 |

Parsing ecmascript source code failed

Import traces:
  Client Component Browser:
    ./src/app/insights/InsightsClient.tsx [Client Component Browser]
    ./src/app/page.tsx [Client Component Browser]
    ./src/app/page.tsx [Server Component]

  Client Component SSR:
    ./src/app/insights/InsightsClient.tsx [Client Component SSR]
    ./src/app/page.tsx [Client Component SSR]
    ./src/app/page.tsx [Server Component] @ http://localhost:3000/_next/static/chunks/node_modules_next_dist_115brz8._.js:3318
[  918806ms] [ERROR] ./src/app/insights/InsightsClient.tsx:221:1
Unexpected token. Did you mean `{'}'}` or `&rbrace;`?
  219 |     </div>
  220 |   );
> 221 | }
      | ^
  222 |

Parsing ecmascript source code failed

Import traces:
  Client Component Browser:
    ./src/app/insights/InsightsClient.tsx [Client Component Browser]
    ./src/app/page.tsx [Client Component Browser]
    ./src/app/page.tsx [Server Component]

  Client Component SSR:
    ./src/app/insights/InsightsClient.tsx [Client Component SSR]
    ./src/app/page.tsx [Client Component SSR]
    ./src/app/page.tsx [Server Component] @ http://localhost:3000/_next/static/chunks/node_modules_next_dist_115brz8._.js:3318
[  918806ms] [ERROR] Failed to load resource: the server responded with a status of 500 (Internal Server Error) @ http://localhost:3000/insights?_rsc=TGSvg7BIvxy0m9LW:0
[  918855ms] [ERROR] ./src/app/insights/InsightsClient.tsx:221:1
Unexpected token. Did you mean `{'}'}` or `&rbrace;`?
  219 |     </div>
  220 |   );
> 221 | }
      | ^
  222 |

Parsing ecmascript source code failed

Import traces:
  Client Component Browser:
    ./src/app/insights/InsightsClient.tsx [Client Component Browser]
    ./src/app/page.tsx [Client Component Browser]
    ./src/app/page.tsx [Server Component]

  Client Component SSR:
    ./src/app/insights/InsightsClient.tsx [Client Component SSR]
    ./src/app/page.tsx [Client Component SSR]
    ./src/app/page.tsx [Server Component] @ http://localhost:3000/_next/static/chunks/node_modules_next_dist_115brz8._.js:3318
[  918888ms] [ERROR] Failed to load resource: the server responded with a status of 500 (Internal Server Error) @ http://localhost:3000/insights?_rsc=TGSvg7BIvxy0m9LW:0
[  918897ms] [ERROR] Failed to load resource: the server responded with a status of 500 (Internal Server Error) @ http://localhost:3000/insights:0
[  918949ms] [INFO] %cDownload the React DevTools for a better development experience: https://react.dev/link/react-devtools font-weight:bold @ http://localhost:3000/_next/static/chunks/node_modules_react-dom_0bruynb._.js:15305
[  918974ms] Error: ./src/app/insights/InsightsClient.tsx:221:1
Unexpected token. Did you mean `{'}'}` or `&rbrace;`?
  219 |     </div>
  220 |   );
> 221 | }
      | ^
  222 |

Parsing ecmascript source code failed

Import traces:
  Client Component Browser:
    ./src/app/insights/InsightsClient.tsx [Client Component Browser]
    ./src/app/page.tsx [Client Component Browser]
    ./src/app/page.tsx [Server Component]

  Client Component SSR:
    ./src/app/insights/InsightsClient.tsx [Client Component SSR]
    ./src/app/page.tsx [Client Component SSR]
    ./src/app/page.tsx [Server Component]


    at <unknown> (Error: ./src/app/insights/InsightsClient.tsx:221:1)
    at Object.getCompilationErrors (file:///Users/hallyo/Desktop/Calentask/node_modules/next/dist/server/dev/hot-reloader-turbopack.js:1186:59)
    at DevBundlerService.getCompilationError (file:///Users/hallyo/Desktop/Calentask/node_modules/next/dist/server/lib/dev-bundler-service.js:44:55)
    at DevServer.getCompilationError (file:///Users/hallyo/Desktop/Calentask/node_modules/next/dist/server/dev/next-dev-server.js:720:42)
    at DevServer.findPageComponents (file:///Users/hallyo/Desktop/Calentask/node_modules/next/dist/server/dev/next-dev-server.js:690:43)
    at async DevServer.renderErrorToResponseImpl (file:///Users/hallyo/Desktop/Calentask/node_modules/next/dist/server/base-server.js:1753:26)
[  918974ms] [LOG] [HMR] connected @ http://localhost:3000/_next/static/chunks/node_modules_next_dist_0u_w_5s._.js:1226
[  918975ms] [ERROR] ./src/app/insights/InsightsClient.tsx:221:1
Unexpected token. Did you mean `{'}'}` or `&rbrace;`?
  219 |     </div>
  220 |   );
> 221 | }
      | ^
  222 |

Parsing ecmascript source code failed

Import traces:
  Client Component Browser:
    ./src/app/insights/InsightsClient.tsx [Client Component Browser]
    ./src/app/page.tsx [Client Component Browser]
    ./src/app/page.tsx [Server Component]

  Client Component SSR:
    ./src/app/insights/InsightsClient.tsx [Client Component SSR]
    ./src/app/page.tsx [Client Component SSR]
    ./src/app/page.tsx [Server Component] @ http://localhost:3000/_next/static/chunks/node_modules_next_dist_0u_w_5s._.js:1945
[  918975ms] [ERROR] ./src/app/insights/InsightsClient.tsx:221:1
Unexpected token. Did you mean `{'}'}` or `&rbrace;`?
  219 |     </div>
  220 |   );
> 221 | }
      | ^
  222 |

Parsing ecmascript source code failed

Import trace:
  Server Component:
    ./src/app/insights/InsightsClient.tsx
    ./src/app/insights/page.tsx @ http://localhost:3000/_next/static/chunks/node_modules_next_dist_0u_w_5s._.js:1945
[  918989ms] [ERROR] Failed to load resource: the server responded with a status of 404 (Not Found) @ http://localhost:3000/favicon.ico:0
[  919030ms] [ERROR] ./src/app/insights/InsightsClient.tsx:221:1
Unexpected token. Did you mean `{'}'}` or `&rbrace;`?
  219 |     </div>
  220 |   );
> 221 | }
      | ^
  222 |

Parsing ecmascript source code failed

Import traces:
  Client Component Browser:
    ./src/app/insights/InsightsClient.tsx [Client Component Browser]
    ./src/app/page.tsx [Client Component Browser]
    ./src/app/page.tsx [Server Component]

  Client Component SSR:
    ./src/app/insights/InsightsClient.tsx [Client Component SSR]
    ./src/app/page.tsx [Client Component SSR]
    ./src/app/page.tsx [Server Component] @ http://localhost:3000/_next/static/chunks/node_modules_next_dist_0u_w_5s._.js:1945
[  919077ms] [ERROR] ./src/app/insights/InsightsClient.tsx:221:1
Unexpected token. Did you mean `{'}'}` or `&rbrace;`?
  219 |     </div>
  220 |   );
> 221 | }
      | ^
  222 |

Parsing ecmascript source code failed

Import traces:
  Client Component Browser:
    ./src/app/insights/InsightsClient.tsx [Client Component Browser]
    ./src/app/page.tsx [Client Component Browser]
    ./src/app/page.tsx [Server Component]

  Client Component SSR:
    ./src/app/insights/InsightsClient.tsx [Client Component SSR]
    ./src/app/page.tsx [Client Component SSR]
    ./src/app/page.tsx [Server Component] @ http://localhost:3000/_next/static/chunks/node_modules_next_dist_0u_w_5s._.js:1945
[  919125ms] [ERROR] ./src/app/insights/InsightsClient.tsx:221:1
Unexpected token. Did you mean `{'}'}` or `&rbrace;`?
  219 |     </div>
  220 |   );
> 221 | }
      | ^
  222 |

Parsing ecmascript source code failed

Import traces:
  Client Component Browser:
    ./src/app/insights/InsightsClient.tsx [Client Component Browser]
    ./src/app/page.tsx [Client Component Browser]
    ./src/app/page.tsx [Server Component]

  Client Component SSR:
    ./src/app/insights/InsightsClient.tsx [Client Component SSR]
    ./src/app/page.tsx [Client Component SSR]
    ./src/app/page.tsx [Server Component] @ http://localhost:3000/_next/static/chunks/node_modules_next_dist_0u_w_5s._.js:1945
[  919173ms] [ERROR] ./src/app/insights/InsightsClient.tsx:221:1
Unexpected token. Did you mean `{'}'}` or `&rbrace;`?
  219 |     </div>
  220 |   );
> 221 | }
      | ^
  222 |

Parsing ecmascript source code failed

Import traces:
  Client Component Browser:
    ./src/app/insights/InsightsClient.tsx [Client Component Browser]
    ./src/app/page.tsx [Client Component Browser]
    ./src/app/page.tsx [Server Component]

  Client Component SSR:
    ./src/app/insights/InsightsClient.tsx [Client Component SSR]
    ./src/app/page.tsx [Client Component SSR]
    ./src/app/page.tsx [Server Component] @ http://localhost:3000/_next/static/chunks/node_modules_next_dist_0u_w_5s._.js:1945
[  919220ms] [ERROR] ./src/app/insights/InsightsClient.tsx:221:1
Unexpected token. Did you mean `{'}'}` or `&rbrace;`?
  219 |     </div>
  220 |   );
> 221 | }
      | ^
  222 |

Parsing ecmascript source code failed

Import traces:
  Client Component Browser:
    ./src/app/insights/InsightsClient.tsx [Client Component Browser]
    ./src/app/page.tsx [Client Component Browser]
    ./src/app/page.tsx [Server Component]

  Client Component SSR:
    ./src/app/insights/InsightsClient.tsx [Client Component SSR]
    ./src/app/page.tsx [Client Component SSR]
    ./src/app/page.tsx [Server Component] @ http://localhost:3000/_next/static/chunks/node_modules_next_dist_0u_w_5s._.js:1945
[  919267ms] [ERROR] ./src/app/insights/InsightsClient.tsx:221:1
Unexpected token. Did you mean `{'}'}` or `&rbrace;`?
  219 |     </div>
  220 |   );
> 221 | }
      | ^
  222 |

Parsing ecmascript source code failed

Import traces:
  Client Component Browser:
    ./src/app/insights/InsightsClient.tsx [Client Component Browser]
    ./src/app/page.tsx [Client Component Browser]
    ./src/app/page.tsx [Server Component]

  Client Component SSR:
    ./src/app/insights/InsightsClient.tsx [Client Component SSR]
    ./src/app/page.tsx [Client Component SSR]
    ./src/app/page.tsx [Server Component] @ http://localhost:3000/_next/static/chunks/node_modules_next_dist_0u_w_5s._.js:1945
[  919316ms] [ERROR] ./src/app/insights/InsightsClient.tsx:221:1
Unexpected token. Did you mean `{'}'}` or `&rbrace;`?
  219 |     </div>
  220 |   );
> 221 | }
      | ^
  222 |

Parsing ecmascript source code failed

Import traces:
  Client Component Browser:
    ./src/app/insights/InsightsClient.tsx [Client Component Browser]
    ./src/app/page.tsx [Client Component Browser]
    ./src/app/page.tsx [Server Component]

  Client Component SSR:
    ./src/app/insights/InsightsClient.tsx [Client Component SSR]
    ./src/app/page.tsx [Client Component SSR]
    ./src/app/page.tsx [Server Component] @ http://localhost:3000/_next/static/chunks/node_modules_next_dist_0u_w_5s._.js:1945
[  919364ms] [ERROR] ./src/app/insights/InsightsClient.tsx:221:1
Unexpected token. Did you mean `{'}'}` or `&rbrace;`?
  219 |     </div>
  220 |   );
> 221 | }
      | ^
  222 |

Parsing ecmascript source code failed

Import traces:
  Client Component Browser:
    ./src/app/insights/InsightsClient.tsx [Client Component Browser]
    ./src/app/page.tsx [Client Component Browser]
    ./src/app/page.tsx [Server Component]

  Client Component SSR:
    ./src/app/insights/InsightsClient.tsx [Client Component SSR]
    ./src/app/page.tsx [Client Component SSR]
    ./src/app/page.tsx [Server Component] @ http://localhost:3000/_next/static/chunks/node_modules_next_dist_0u_w_5s._.js:1945
[  919411ms] [ERROR] ./src/app/insights/InsightsClient.tsx:221:1
Unexpected token. Did you mean `{'}'}` or `&rbrace;`?
  219 |     </div>
  220 |   );
> 221 | }
      | ^
  222 |

Parsing ecmascript source code failed

Import traces:
  Client Component Browser:
    ./src/app/insights/InsightsClient.tsx [Client Component Browser]
    ./src/app/page.tsx [Client Component Browser]
    ./src/app/page.tsx [Server Component]

  Client Component SSR:
    ./src/app/insights/InsightsClient.tsx [Client Component SSR]
    ./src/app/page.tsx [Client Component SSR]
    ./src/app/page.tsx [Server Component] @ http://localhost:3000/_next/static/chunks/node_modules_next_dist_0u_w_5s._.js:1945
[  919459ms] [ERROR] ./src/app/insights/InsightsClient.tsx:221:1
Unexpected token. Did you mean `{'}'}` or `&rbrace;`?
  219 |     </div>
  220 |   );
> 221 | }
      | ^
  222 |

Parsing ecmascript source code failed

Import traces:
  Client Component Browser:
    ./src/app/insights/InsightsClient.tsx [Client Component Browser]
    ./src/app/page.tsx [Client Component Browser]
    ./src/app/page.tsx [Server Component]

  Client Component SSR:
    ./src/app/insights/InsightsClient.tsx [Client Component SSR]
    ./src/app/page.tsx [Client Component SSR]
    ./src/app/page.tsx [Server Component] @ http://localhost:3000/_next/static/chunks/node_modules_next_dist_0u_w_5s._.js:1945
[  919506ms] [ERROR] ./src/app/insights/InsightsClient.tsx:221:1
Unexpected token. Did you mean `{'}'}` or `&rbrace;`?
  219 |     </div>
  220 |   );
> 221 | }
      | ^
  222 |

Parsing ecmascript source code failed

Import traces:
  Client Component Browser:
    ./src/app/insights/InsightsClient.tsx [Client Component Browser]
    ./src/app/page.tsx [Client Component Browser]
    ./src/app/page.tsx [Server Component]

  Client Component SSR:
    ./src/app/insights/InsightsClient.tsx [Client Component SSR]
    ./src/app/page.tsx [Client Component SSR]
    ./src/app/page.tsx [Server Component] @ http://localhost:3000/_next/static/chunks/node_modules_next_dist_0u_w_5s._.js:1945
[  919554ms] [ERROR] ./src/app/insights/InsightsClient.tsx:221:1
Unexpected token. Did you mean `{'}'}` or `&rbrace;`?
  219 |     </div>
  220 |   );
> 221 | }
      | ^
  222 |

Parsing ecmascript source code failed

Import traces:
  Client Component Browser:
    ./src/app/insights/InsightsClient.tsx [Client Component Browser]
    ./src/app/page.tsx [Client Component Browser]
    ./src/app/page.tsx [Server Component]

  Client Component SSR:
    ./src/app/insights/InsightsClient.tsx [Client Component SSR]
    ./src/app/page.tsx [Client Component SSR]
    ./src/app/page.tsx [Server Component] @ http://localhost:3000/_next/static/chunks/node_modules_next_dist_0u_w_5s._.js:1945
[  919603ms] [ERROR] ./src/app/insights/InsightsClient.tsx:221:1
Unexpected token. Did you mean `{'}'}` or `&rbrace;`?
  219 |     </div>
  220 |   );
> 221 | }
      | ^
  222 |

Parsing ecmascript source code failed

Import traces:
  Client Component Browser:
    ./src/app/insights/InsightsClient.tsx [Client Component Browser]
    ./src/app/page.tsx [Client Component Browser]
    ./src/app/page.tsx [Server Component]

  Client Component SSR:
    ./src/app/insights/InsightsClient.tsx [Client Component SSR]
    ./src/app/page.tsx [Client Component SSR]
    ./src/app/page.tsx [Server Component] @ http://localhost:3000/_next/static/chunks/node_modules_next_dist_0u_w_5s._.js:1945
[  919652ms] [ERROR] ./src/app/insights/InsightsClient.tsx:221:1
Unexpected token. Did you mean `{'}'}` or `&rbrace;`?
  219 |     </div>
  220 |   );
> 221 | }
      | ^
  222 |

Parsing ecmascript source code failed

Import traces:
  Client Component Browser:
    ./src/app/insights/InsightsClient.tsx [Client Component Browser]
    ./src/app/page.tsx [Client Component Browser]
    ./src/app/page.tsx [Server Component]

  Client Component SSR:
    ./src/app/insights/InsightsClient.tsx [Client Component SSR]
    ./src/app/page.tsx [Client Component SSR]
    ./src/app/page.tsx [Server Component] @ http://localhost:3000/_next/static/chunks/node_modules_next_dist_0u_w_5s._.js:1945
[  919702ms] [ERROR] ./src/app/insights/InsightsClient.tsx:221:1
Unexpected token. Did you mean `{'}'}` or `&rbrace;`?
  219 |     </div>
  220 |   );
> 221 | }
      | ^
  222 |

Parsing ecmascript source code failed

Import traces:
  Client Component Browser:
    ./src/app/insights/InsightsClient.tsx [Client Component Browser]
    ./src/app/page.tsx [Client Component Browser]
    ./src/app/page.tsx [Server Component]

  Client Component SSR:
    ./src/app/insights/InsightsClient.tsx [Client Component SSR]
    ./src/app/page.tsx [Client Component SSR]
    ./src/app/page.tsx [Server Component] @ http://localhost:3000/_next/static/chunks/node_modules_next_dist_0u_w_5s._.js:1945
[  919754ms] [ERROR] ./src/app/insights/InsightsClient.tsx:221:1
Unexpected token. Did you mean `{'}'}` or `&rbrace;`?
  219 |     </div>
  220 |   );
> 221 | }
      | ^
  222 |

Parsing ecmascript source code failed

Import traces:
  Client Component Browser:
    ./src/app/insights/InsightsClient.tsx [Client Component Browser]
    ./src/app/page.tsx [Client Component Browser]
    ./src/app/page.tsx [Server Component]

  Client Component SSR:
    ./src/app/insights/InsightsClient.tsx [Client Component SSR]
    ./src/app/page.tsx [Client Component SSR]
    ./src/app/page.tsx [Server Component] @ http://localhost:3000/_next/static/chunks/node_modules_next_dist_0u_w_5s._.js:1945
[  919809ms] [ERROR] ./src/app/insights/InsightsClient.tsx:221:1
Unexpected token. Did you mean `{'}'}` or `&rbrace;`?
  219 |     </div>
  220 |   );
> 221 | }
      | ^
  222 |

Parsing ecmascript source code failed

Import traces:
  Client Component Browser:
    ./src/app/insights/InsightsClient.tsx [Client Component Browser]
    ./src/app/page.tsx [Client Component Browser]
    ./src/app/page.tsx [Server Component]

  Client Component SSR:
    ./src/app/insights/InsightsClient.tsx [Client Component SSR]
    ./src/app/page.tsx [Client Component SSR]
    ./src/app/page.tsx [Server Component] @ http://localhost:3000/_next/static/chunks/node_modules_next_dist_0u_w_5s._.js:1945
[  919864ms] [ERROR] ./src/app/insights/InsightsClient.tsx:221:1
Unexpected token. Did you mean `{'}'}` or `&rbrace;`?
  219 |     </div>
  220 |   );
> 221 | }
      | ^
  222 |

Parsing ecmascript source code failed

Import traces:
  Client Component Browser:
    ./src/app/insights/InsightsClient.tsx [Client Component Browser]
    ./src/app/page.tsx [Client Component Browser]
    ./src/app/page.tsx [Server Component]

  Client Component SSR:
    ./src/app/insights/InsightsClient.tsx [Client Component SSR]
    ./src/app/page.tsx [Client Component SSR]
    ./src/app/page.tsx [Server Component] @ http://localhost:3000/_next/static/chunks/node_modules_next_dist_0u_w_5s._.js:1945
[  919919ms] [ERROR] ./src/app/insights/InsightsClient.tsx:221:1
Unexpected token. Did you mean `{'}'}` or `&rbrace;`?
  219 |     </div>
  220 |   );
> 221 | }
      | ^
  222 |

Parsing ecmascript source code failed

Import traces:
  Client Component Browser:
    ./src/app/insights/InsightsClient.tsx [Client Component Browser]
    ./src/app/page.tsx [Client Component Browser]
    ./src/app/page.tsx [Server Component]

  Client Component SSR:
    ./src/app/insights/InsightsClient.tsx [Client Component SSR]
    ./src/app/page.tsx [Client Component SSR]
    ./src/app/page.tsx [Server Component] @ http://localhost:3000/_next/static/chunks/node_modules_next_dist_0u_w_5s._.js:1945
[  919972ms] [ERROR] ./src/app/insights/InsightsClient.tsx:221:1
Unexpected token. Did you mean `{'}'}` or `&rbrace;`?
  219 |     </div>
  220 |   );
> 221 | }
      | ^
  222 |

Parsing ecmascript source code failed

Import traces:
  Client Component Browser:
    ./src/app/insights/InsightsClient.tsx [Client Component Browser]
    ./src/app/page.tsx [Client Component Browser]
    ./src/app/page.tsx [Server Component]

  Client Component SSR:
    ./src/app/insights/InsightsClient.tsx [Client Component SSR]
    ./src/app/page.tsx [Client Component SSR]
    ./src/app/page.tsx [Server Component] @ http://localhost:3000/_next/static/chunks/node_modules_next_dist_0u_w_5s._.js:1945
[  920028ms] [ERROR] ./src/app/insights/InsightsClient.tsx:221:1
Unexpected token. Did you mean `{'}'}` or `&rbrace;`?
  219 |     </div>
  220 |   );
> 221 | }
      | ^
  222 |

Parsing ecmascript source code failed

Import traces:
  Client Component Browser:
    ./src/app/insights/InsightsClient.tsx [Client Component Browser]
    ./src/app/page.tsx [Client Component Browser]
    ./src/app/page.tsx [Server Component]

  Client Component SSR:
    ./src/app/insights/InsightsClient.tsx [Client Component SSR]
    ./src/app/page.tsx [Client Component SSR]
    ./src/app/page.tsx [Server Component] @ http://localhost:3000/_next/static/chunks/node_modules_next_dist_0u_w_5s._.js:1945
[  920084ms] [ERROR] ./src/app/insights/InsightsClient.tsx:221:1
Unexpected token. Did you mean `{'}'}` or `&rbrace;`?
  219 |     </div>
  220 |   );
> 221 | }
      | ^
  222 |

Parsing ecmascript source code failed

Import traces:
  Client Component Browser:
    ./src/app/insights/InsightsClient.tsx [Client Component Browser]
    ./src/app/page.tsx [Client Component Browser]
    ./src/app/page.tsx [Server Component]

  Client Component SSR:
    ./src/app/insights/InsightsClient.tsx [Client Component SSR]
    ./src/app/page.tsx [Client Component SSR]
    ./src/app/page.tsx [Server Component] @ http://localhost:3000/_next/static/chunks/node_modules_next_dist_0u_w_5s._.js:1945
[  920140ms] [ERROR] ./src/app/insights/InsightsClient.tsx:221:1
Unexpected token. Did you mean `{'}'}` or `&rbrace;`?
  219 |     </div>
  220 |   );
> 221 | }
      | ^
  222 |

Parsing ecmascript source code failed

Import traces:
  Client Component Browser:
    ./src/app/insights/InsightsClient.tsx [Client Component Browser]
    ./src/app/page.tsx [Client Component Browser]
    ./src/app/page.tsx [Server Component]

  Client Component SSR:
    ./src/app/insights/InsightsClient.tsx [Client Component SSR]
    ./src/app/page.tsx [Client Component SSR]
    ./src/app/page.tsx [Server Component] @ http://localhost:3000/_next/static/chunks/node_modules_next_dist_0u_w_5s._.js:1945
[  920194ms] [ERROR] ./src/app/insights/InsightsClient.tsx:221:1
Unexpected token. Did you mean `{'}'}` or `&rbrace;`?
  219 |     </div>
  220 |   );
> 221 | }
      | ^
  222 |

Parsing ecmascript source code failed

Import traces:
  Client Component Browser:
    ./src/app/insights/InsightsClient.tsx [Client Component Browser]
    ./src/app/page.tsx [Client Component Browser]
    ./src/app/page.tsx [Server Component]

  Client Component SSR:
    ./src/app/insights/InsightsClient.tsx [Client Component SSR]
    ./src/app/page.tsx [Client Component SSR]
    ./src/app/page.tsx [Server Component] @ http://localhost:3000/_next/static/chunks/node_modules_next_dist_0u_w_5s._.js:1945
[  920246ms] [ERROR] ./src/app/insights/InsightsClient.tsx:221:1
Unexpected token. Did you mean `{'}'}` or `&rbrace;`?
  219 |     </div>
  220 |   );
> 221 | }
      | ^
  222 |

Parsing ecmascript source code failed

Import traces:
  Client Component Browser:
    ./src/app/insights/InsightsClient.tsx [Client Component Browser]
    ./src/app/page.tsx [Client Component Browser]
    ./src/app/page.tsx [Server Component]

  Client Component SSR:
    ./src/app/insights/InsightsClient.tsx [Client Component SSR]
    ./src/app/page.tsx [Client Component SSR]
    ./src/app/page.tsx [Server Component] @ http://localhost:3000/_next/static/chunks/node_modules_next_dist_0u_w_5s._.js:1945
[  920300ms] [ERROR] ./src/app/insights/InsightsClient.tsx:221:1
Unexpected token. Did you mean `{'}'}` or `&rbrace;`?
  219 |     </div>
  220 |   );
> 221 | }
      | ^
  222 |

Parsing ecmascript source code failed

Import traces:
  Client Component Browser:
    ./src/app/insights/InsightsClient.tsx [Client Component Browser]
    ./src/app/page.tsx [Client Component Browser]
    ./src/app/page.tsx [Server Component]

  Client Component SSR:
    ./src/app/insights/InsightsClient.tsx [Client Component SSR]
    ./src/app/page.tsx [Client Component SSR]
    ./src/app/page.tsx [Server Component] @ http://localhost:3000/_next/static/chunks/node_modules_next_dist_0u_w_5s._.js:1945
[  920355ms] [ERROR] ./src/app/insights/InsightsClient.tsx:221:1
Unexpected token. Did you mean `{'}'}` or `&rbrace;`?
  219 |     </div>
  220 |   );
> 221 | }
      | ^
  222 |

Parsing ecmascript source code failed

Import traces:
  Client Component Browser:
    ./src/app/insights/InsightsClient.tsx [Client Component Browser]
    ./src/app/page.tsx [Client Component Browser]
    ./src/app/page.tsx [Server Component]

  Client Component SSR:
    ./src/app/insights/InsightsClient.tsx [Client Component SSR]
    ./src/app/page.tsx [Client Component SSR]
    ./src/app/page.tsx [Server Component] @ http://localhost:3000/_next/static/chunks/node_modules_next_dist_0u_w_5s._.js:1945
[  920408ms] [ERROR] ./src/app/insights/InsightsClient.tsx:221:1
Unexpected token. Did you mean `{'}'}` or `&rbrace;`?
  219 |     </div>
  220 |   );
> 221 | }
      | ^
  222 |

Parsing ecmascript source code failed

Import traces:
  Client Component Browser:
    ./src/app/insights/InsightsClient.tsx [Client Component Browser]
    ./src/app/page.tsx [Client Component Browser]
    ./src/app/page.tsx [Server Component]

  Client Component SSR:
    ./src/app/insights/InsightsClient.tsx [Client Component SSR]
    ./src/app/page.tsx [Client Component SSR]
    ./src/app/page.tsx [Server Component] @ http://localhost:3000/_next/static/chunks/node_modules_next_dist_0u_w_5s._.js:1945
[  920461ms] [ERROR] ./src/app/insights/InsightsClient.tsx:221:1
Unexpected token. Did you mean `{'}'}` or `&rbrace;`?
  219 |     </div>
  220 |   );
> 221 | }
      | ^
  222 |

Parsing ecmascript source code failed

Import traces:
  Client Component Browser:
    ./src/app/insights/InsightsClient.tsx [Client Component Browser]
    ./src/app/page.tsx [Client Component Browser]
    ./src/app/page.tsx [Server Component]

  Client Component SSR:
    ./src/app/insights/InsightsClient.tsx [Client Component SSR]
    ./src/app/page.tsx [Client Component SSR]
    ./src/app/page.tsx [Server Component] @ http://localhost:3000/_next/static/chunks/node_modules_next_dist_0u_w_5s._.js:1945
[  920511ms] [ERROR] ./src/app/insights/InsightsClient.tsx:221:1
Unexpected token. Did you mean `{'}'}` or `&rbrace;`?
  219 |     </div>
  220 |   );
> 221 | }
      | ^
  222 |

Parsing ecmascript source code failed

Import traces:
  Client Component Browser:
    ./src/app/insights/InsightsClient.tsx [Client Component Browser]
    ./src/app/page.tsx [Client Component Browser]
    ./src/app/page.tsx [Server Component]

  Client Component SSR:
    ./src/app/insights/InsightsClient.tsx [Client Component SSR]
    ./src/app/page.tsx [Client Component SSR]
    ./src/app/page.tsx [Server Component] @ http://localhost:3000/_next/static/chunks/node_modules_next_dist_0u_w_5s._.js:1945
[  920563ms] [ERROR] ./src/app/insights/InsightsClient.tsx:221:1
Unexpected token. Did you mean `{'}'}` or `&rbrace;`?
  219 |     </div>
  220 |   );
> 221 | }
      | ^
  222 |

Parsing ecmascript source code failed

Import traces:
  Client Component Browser:
    ./src/app/insights/InsightsClient.tsx [Client Component Browser]
    ./src/app/page.tsx [Client Component Browser]
    ./src/app/page.tsx [Server Component]

  Client Component SSR:
    ./src/app/insights/InsightsClient.tsx [Client Component SSR]
    ./src/app/page.tsx [Client Component SSR]
    ./src/app/page.tsx [Server Component] @ http://localhost:3000/_next/static/chunks/node_modules_next_dist_0u_w_5s._.js:1945
[  920619ms] [ERROR] ./src/app/insights/InsightsClient.tsx:221:1
Unexpected token. Did you mean `{'}'}` or `&rbrace;`?
  219 |     </div>
  220 |   );
> 221 | }
      | ^
  222 |

Parsing ecmascript source code failed

Import traces:
  Client Component Browser:
    ./src/app/insights/InsightsClient.tsx [Client Component Browser]
    ./src/app/page.tsx [Client Component Browser]
    ./src/app/page.tsx [Server Component]

  Client Component SSR:
    ./src/app/insights/InsightsClient.tsx [Client Component SSR]
    ./src/app/page.tsx [Client Component SSR]
    ./src/app/page.tsx [Server Component] @ http://localhost:3000/_next/static/chunks/node_modules_next_dist_0u_w_5s._.js:1945
[  920674ms] [ERROR] ./src/app/insights/InsightsClient.tsx:221:1
Unexpected token. Did you mean `{'}'}` or `&rbrace;`?
  219 |     </div>
  220 |   );
> 221 | }
      | ^
  222 |

Parsing ecmascript source code failed

Import traces:
  Client Component Browser:
    ./src/app/insights/InsightsClient.tsx [Client Component Browser]
    ./src/app/page.tsx [Client Component Browser]
    ./src/app/page.tsx [Server Component]

  Client Component SSR:
    ./src/app/insights/InsightsClient.tsx [Client Component SSR]
    ./src/app/page.tsx [Client Component SSR]
    ./src/app/page.tsx [Server Component] @ http://localhost:3000/_next/static/chunks/node_modules_next_dist_0u_w_5s._.js:1945
[  920730ms] [ERROR] ./src/app/insights/InsightsClient.tsx:221:1
Unexpected token. Did you mean `{'}'}` or `&rbrace;`?
  219 |     </div>
  220 |   );
> 221 | }
      | ^
  222 |

Parsing ecmascript source code failed

Import traces:
  Client Component Browser:
    ./src/app/insights/InsightsClient.tsx [Client Component Browser]
    ./src/app/page.tsx [Client Component Browser]
    ./src/app/page.tsx [Server Component]

  Client Component SSR:
    ./src/app/insights/InsightsClient.tsx [Client Component SSR]
    ./src/app/page.tsx [Client Component SSR]
    ./src/app/page.tsx [Server Component] @ http://localhost:3000/_next/static/chunks/node_modules_next_dist_0u_w_5s._.js:1945
[  920782ms] [ERROR] ./src/app/insights/InsightsClient.tsx:221:1
Unexpected token. Did you mean `{'}'}` or `&rbrace;`?
  219 |     </div>
  220 |   );
> 221 | }
      | ^
  222 |

Parsing ecmascript source code failed

Import traces:
  Client Component Browser:
    ./src/app/insights/InsightsClient.tsx [Client Component Browser]
    ./src/app/page.tsx [Client Component Browser]
    ./src/app/page.tsx [Server Component]

  Client Component SSR:
    ./src/app/insights/InsightsClient.tsx [Client Component SSR]
    ./src/app/page.tsx [Client Component SSR]
    ./src/app/page.tsx [Server Component] @ http://localhost:3000/_next/static/chunks/node_modules_next_dist_0u_w_5s._.js:1945
[  920837ms] [ERROR] ./src/app/insights/InsightsClient.tsx:221:1
Unexpected token. Did you mean `{'}'}` or `&rbrace;`?
  219 |     </div>
  220 |   );
> 221 | }
      | ^
  222 |

Parsing ecmascript source code failed

Import traces:
  Client Component Browser:
    ./src/app/insights/InsightsClient.tsx [Client Component Browser]
    ./src/app/page.tsx [Client Component Browser]
    ./src/app/page.tsx [Server Component]

  Client Component SSR:
    ./src/app/insights/InsightsClient.tsx [Client Component SSR]
    ./src/app/page.tsx [Client Component SSR]
    ./src/app/page.tsx [Server Component] @ http://localhost:3000/_next/static/chunks/node_modules_next_dist_0u_w_5s._.js:1945
[  920891ms] [ERROR] ./src/app/insights/InsightsClient.tsx:221:1
Unexpected token. Did you mean `{'}'}` or `&rbrace;`?
  219 |     </div>
  220 |   );
> 221 | }
      | ^
  222 |

Parsing ecmascript source code failed

Import traces:
  Client Component Browser:
    ./src/app/insights/InsightsClient.tsx [Client Component Browser]
    ./src/app/page.tsx [Client Component Browser]
    ./src/app/page.tsx [Server Component]

  Client Component SSR:
    ./src/app/insights/InsightsClient.tsx [Client Component SSR]
    ./src/app/page.tsx [Client Component SSR]
    ./src/app/page.tsx [Server Component] @ http://localhost:3000/_next/static/chunks/node_modules_next_dist_0u_w_5s._.js:1945
[  920945ms] [ERROR] ./src/app/insights/InsightsClient.tsx:221:1
Unexpected token. Did you mean `{'}'}` or `&rbrace;`?
  219 |     </div>
  220 |   );
> 221 | }
      | ^
  222 |

Parsing ecmascript source code failed

Import traces:
  Client Component Browser:
    ./src/app/insights/InsightsClient.tsx [Client Component Browser]
    ./src/app/page.tsx [Client Component Browser]
    ./src/app/page.tsx [Server Component]

  Client Component SSR:
    ./src/app/insights/InsightsClient.tsx [Client Component SSR]
    ./src/app/page.tsx [Client Component SSR]
    ./src/app/page.tsx [Server Component] @ http://localhost:3000/_next/static/chunks/node_modules_next_dist_0u_w_5s._.js:1945
[  921000ms] [ERROR] ./src/app/insights/InsightsClient.tsx:221:1
Unexpected token. Did you mean `{'}'}` or `&rbrace;`?
  219 |     </div>
  220 |   );
> 221 | }
      | ^
  222 |

Parsing ecmascript source code failed

Import traces:
  Client Component Browser:
    ./src/app/insights/InsightsClient.tsx [Client Component Browser]
    ./src/app/page.tsx [Client Component Browser]
    ./src/app/page.tsx [Server Component]

  Client Component SSR:
    ./src/app/insights/InsightsClient.tsx [Client Component SSR]
    ./src/app/page.tsx [Client Component SSR]
    ./src/app/page.tsx [Server Component] @ http://localhost:3000/_next/static/chunks/node_modules_next_dist_0u_w_5s._.js:1945
[  921055ms] [ERROR] ./src/app/insights/InsightsClient.tsx:221:1
Unexpected token. Did you mean `{'}'}` or `&rbrace;`?
  219 |     </div>
  220 |   );
> 221 | }
      | ^
  222 |

Parsing ecmascript source code failed

Import traces:
  Client Component Browser:
    ./src/app/insights/InsightsClient.tsx [Client Component Browser]
    ./src/app/page.tsx [Client Component Browser]
    ./src/app/page.tsx [Server Component]

  Client Component SSR:
    ./src/app/insights/InsightsClient.tsx [Client Component SSR]
    ./src/app/page.tsx [Client Component SSR]
    ./src/app/page.tsx [Server Component] @ http://localhost:3000/_next/static/chunks/node_modules_next_dist_0u_w_5s._.js:1945
[  921109ms] [ERROR] ./src/app/insights/InsightsClient.tsx:221:1
Unexpected token. Did you mean `{'}'}` or `&rbrace;`?
  219 |     </div>
  220 |   );
> 221 | }
      | ^
  222 |

Parsing ecmascript source code failed

Import traces:
  Client Component Browser:
    ./src/app/insights/InsightsClient.tsx [Client Component Browser]
    ./src/app/page.tsx [Client Component Browser]
    ./src/app/page.tsx [Server Component]

  Client Component SSR:
    ./src/app/insights/InsightsClient.tsx [Client Component SSR]
    ./src/app/page.tsx [Client Component SSR]
    ./src/app/page.tsx [Server Component] @ http://localhost:3000/_next/static/chunks/node_modules_next_dist_0u_w_5s._.js:1945
[  921165ms] [ERROR] ./src/app/insights/InsightsClient.tsx:221:1
Unexpected token. Did you mean `{'}'}` or `&rbrace;`?
  219 |     </div>
  220 |   );
> 221 | }
      | ^
  222 |

Parsing ecmascript source code failed

Import traces:
  Client Component Browser:
    ./src/app/insights/InsightsClient.tsx [Client Component Browser]
    ./src/app/page.tsx [Client Component Browser]
    ./src/app/page.tsx [Server Component]

  Client Component SSR:
    ./src/app/insights/InsightsClient.tsx [Client Component SSR]
    ./src/app/page.tsx [Client Component SSR]
    ./src/app/page.tsx [Server Component] @ http://localhost:3000/_next/static/chunks/node_modules_next_dist_0u_w_5s._.js:1945
[  921222ms] [ERROR] ./src/app/insights/InsightsClient.tsx:221:1
Unexpected token. Did you mean `{'}'}` or `&rbrace;`?
  219 |     </div>
  220 |   );
> 221 | }
      | ^
  222 |

Parsing ecmascript source code failed

Import traces:
  Client Component Browser:
    ./src/app/insights/InsightsClient.tsx [Client Component Browser]
    ./src/app/page.tsx [Client Component Browser]
    ./src/app/page.tsx [Server Component]

  Client Component SSR:
    ./src/app/insights/InsightsClient.tsx [Client Component SSR]
    ./src/app/page.tsx [Client Component SSR]
    ./src/app/page.tsx [Server Component] @ http://localhost:3000/_next/static/chunks/node_modules_next_dist_0u_w_5s._.js:1945
[  921274ms] [ERROR] ./src/app/insights/InsightsClient.tsx:221:1
Unexpected token. Did you mean `{'}'}` or `&rbrace;`?
  219 |     </div>
  220 |   );
> 221 | }
      | ^
  222 |

Parsing ecmascript source code failed

Import traces:
  Client Component Browser:
    ./src/app/insights/InsightsClient.tsx [Client Component Browser]
    ./src/app/page.tsx [Client Component Browser]
    ./src/app/page.tsx [Server Component]

  Client Component SSR:
    ./src/app/insights/InsightsClient.tsx [Client Component SSR]
    ./src/app/page.tsx [Client Component SSR]
    ./src/app/page.tsx [Server Component] @ http://localhost:3000/_next/static/chunks/node_modules_next_dist_0u_w_5s._.js:1945
[  921327ms] [ERROR] ./src/app/insights/InsightsClient.tsx:221:1
Unexpected token. Did you mean `{'}'}` or `&rbrace;`?
  219 |     </div>
  220 |   );
> 221 | }
      | ^
  222 |

Parsing ecmascript source code failed

Import traces:
  Client Component Browser:
    ./src/app/insights/InsightsClient.tsx [Client Component Browser]
    ./src/app/page.tsx [Client Component Browser]
    ./src/app/page.tsx [Server Component]

  Client Component SSR:
    ./src/app/insights/InsightsClient.tsx [Client Component SSR]
    ./src/app/page.tsx [Client Component SSR]
    ./src/app/page.tsx [Server Component] @ http://localhost:3000/_next/static/chunks/node_modules_next_dist_0u_w_5s._.js:1945
[  921383ms] [ERROR] ./src/app/insights/InsightsClient.tsx:221:1
Unexpected token. Did you mean `{'}'}` or `&rbrace;`?
  219 |     </div>
  220 |   );
> 221 | }
      | ^
  222 |

Parsing ecmascript source code failed

Import traces:
  Client Component Browser:
    ./src/app/insights/InsightsClient.tsx [Client Component Browser]
    ./src/app/page.tsx [Client Component Browser]
    ./src/app/page.tsx [Server Component]

  Client Component SSR:
    ./src/app/insights/InsightsClient.tsx [Client Component SSR]
    ./src/app/page.tsx [Client Component SSR]
    ./src/app/page.tsx [Server Component] @ http://localhost:3000/_next/static/chunks/node_modules_next_dist_0u_w_5s._.js:1945
[  921438ms] [ERROR] ./src/app/insights/InsightsClient.tsx:221:1
Unexpected token. Did you mean `{'}'}` or `&rbrace;`?
  219 |     </div>
  220 |   );
> 221 | }
      | ^
  222 |

Parsing ecmascript source code failed

Import traces:
  Client Component Browser:
    ./src/app/insights/InsightsClient.tsx [Client Component Browser]
    ./src/app/page.tsx [Client Component Browser]
    ./src/app/page.tsx [Server Component]

  Client Component SSR:
    ./src/app/insights/InsightsClient.tsx [Client Component SSR]
    ./src/app/page.tsx [Client Component SSR]
    ./src/app/page.tsx [Server Component] @ http://localhost:3000/_next/static/chunks/node_modules_next_dist_0u_w_5s._.js:1945
[  921493ms] [ERROR] ./src/app/insights/InsightsClient.tsx:221:1
Unexpected token. Did you mean `{'}'}` or `&rbrace;`?
  219 |     </div>
  220 |   );
> 221 | }
      | ^
  222 |

Parsing ecmascript source code failed

Import traces:
  Client Component Browser:
    ./src/app/insights/InsightsClient.tsx [Client Component Browser]
    ./src/app/page.tsx [Client Component Browser]
    ./src/app/page.tsx [Server Component]

  Client Component SSR:
    ./src/app/insights/InsightsClient.tsx [Client Component SSR]
    ./src/app/page.tsx [Client Component SSR]
    ./src/app/page.tsx [Server Component] @ http://localhost:3000/_next/static/chunks/node_modules_next_dist_0u_w_5s._.js:1945
[  921548ms] [ERROR] ./src/app/insights/InsightsClient.tsx:221:1
Unexpected token. Did you mean `{'}'}` or `&rbrace;`?
  219 |     </div>
  220 |   );
> 221 | }
      | ^
  222 |

Parsing ecmascript source code failed

Import traces:
  Client Component Browser:
    ./src/app/insights/InsightsClient.tsx [Client Component Browser]
    ./src/app/page.tsx [Client Component Browser]
    ./src/app/page.tsx [Server Component]

  Client Component SSR:
    ./src/app/insights/InsightsClient.tsx [Client Component SSR]
    ./src/app/page.tsx [Client Component SSR]
    ./src/app/page.tsx [Server Component] @ http://localhost:3000/_next/static/chunks/node_modules_next_dist_0u_w_5s._.js:1945
[  921600ms] [ERROR] ./src/app/insights/InsightsClient.tsx:221:1
Unexpected token. Did you mean `{'}'}` or `&rbrace;`?
  219 |     </div>
  220 |   );
> 221 | }
      | ^
  222 |

Parsing ecmascript source code failed

Import traces:
  Client Component Browser:
    ./src/app/insights/InsightsClient.tsx [Client Component Browser]
    ./src/app/page.tsx [Client Component Browser]
    ./src/app/page.tsx [Server Component]

  Client Component SSR:
    ./src/app/insights/InsightsClient.tsx [Client Component SSR]
    ./src/app/page.tsx [Client Component SSR]
    ./src/app/page.tsx [Server Component] @ http://localhost:3000/_next/static/chunks/node_modules_next_dist_0u_w_5s._.js:1945
[  921656ms] [ERROR] ./src/app/insights/InsightsClient.tsx:221:1
Unexpected token. Did you mean `{'}'}` or `&rbrace;`?
  219 |     </div>
  220 |   );
> 221 | }
      | ^
  222 |

Parsing ecmascript source code failed

Import traces:
  Client Component Browser:
    ./src/app/insights/InsightsClient.tsx [Client Component Browser]
    ./src/app/page.tsx [Client Component Browser]
    ./src/app/page.tsx [Server Component]

  Client Component SSR:
    ./src/app/insights/InsightsClient.tsx [Client Component SSR]
    ./src/app/page.tsx [Client Component SSR]
    ./src/app/page.tsx [Server Component] @ http://localhost:3000/_next/static/chunks/node_modules_next_dist_0u_w_5s._.js:1945
[  921710ms] [ERROR] ./src/app/insights/InsightsClient.tsx:221:1
Unexpected token. Did you mean `{'}'}` or `&rbrace;`?
  219 |     </div>
  220 |   );
> 221 | }
      | ^
  222 |

Parsing ecmascript source code failed

Import traces:
  Client Component Browser:
    ./src/app/insights/InsightsClient.tsx [Client Component Browser]
    ./src/app/page.tsx [Client Component Browser]
    ./src/app/page.tsx [Server Component]

  Client Component SSR:
    ./src/app/insights/InsightsClient.tsx [Client Component SSR]
    ./src/app/page.tsx [Client Component SSR]
    ./src/app/page.tsx [Server Component] @ http://localhost:3000/_next/static/chunks/node_modules_next_dist_0u_w_5s._.js:1945
[  921763ms] [ERROR] ./src/app/insights/InsightsClient.tsx:221:1
Unexpected token. Did you mean `{'}'}` or `&rbrace;`?
  219 |     </div>
  220 |   );
> 221 | }
      | ^
  222 |

Parsing ecmascript source code failed

Import traces:
  Client Component Browser:
    ./src/app/insights/InsightsClient.tsx [Client Component Browser]
    ./src/app/page.tsx [Client Component Browser]
    ./src/app/page.tsx [Server Component]

  Client Component SSR:
    ./src/app/insights/InsightsClient.tsx [Client Component SSR]
    ./src/app/page.tsx [Client Component SSR]
    ./src/app/page.tsx [Server Component] @ http://localhost:3000/_next/static/chunks/node_modules_next_dist_0u_w_5s._.js:1945
[  921814ms] [ERROR] ./src/app/insights/InsightsClient.tsx:221:1
Unexpected token. Did you mean `{'}'}` or `&rbrace;`?
  219 |     </div>
  220 |   );
> 221 | }
      | ^
  222 |

Parsing ecmascript source code failed

Import traces:
  Client Component Browser:
    ./src/app/insights/InsightsClient.tsx [Client Component Browser]
    ./src/app/page.tsx [Client Component Browser]
    ./src/app/page.tsx [Server Component]

  Client Component SSR:
    ./src/app/insights/InsightsClient.tsx [Client Component SSR]
    ./src/app/page.tsx [Client Component SSR]
    ./src/app/page.tsx [Server Component] @ http://localhost:3000/_next/static/chunks/node_modules_next_dist_0u_w_5s._.js:1945
[  921867ms] [ERROR] ./src/app/insights/InsightsClient.tsx:221:1
Unexpected token. Did you mean `{'}'}` or `&rbrace;`?
  219 |     </div>
  220 |   );
> 221 | }
      | ^
  222 |

Parsing ecmascript source code failed

Import traces:
  Client Component Browser:
    ./src/app/insights/InsightsClient.tsx [Client Component Browser]
    ./src/app/page.tsx [Client Component Browser]
    ./src/app/page.tsx [Server Component]

  Client Component SSR:
    ./src/app/insights/InsightsClient.tsx [Client Component SSR]
    ./src/app/page.tsx [Client Component SSR]
    ./src/app/page.tsx [Server Component] @ http://localhost:3000/_next/static/chunks/node_modules_next_dist_0u_w_5s._.js:1945
[  921922ms] [ERROR] ./src/app/insights/InsightsClient.tsx:221:1
Unexpected token. Did you mean `{'}'}` or `&rbrace;`?
  219 |     </div>
  220 |   );
> 221 | }
      | ^
  222 |

Parsing ecmascript source code failed

Import traces:
  Client Component Browser:
    ./src/app/insights/InsightsClient.tsx [Client Component Browser]
    ./src/app/page.tsx [Client Component Browser]
    ./src/app/page.tsx [Server Component]

  Client Component SSR:
    ./src/app/insights/InsightsClient.tsx [Client Component SSR]
    ./src/app/page.tsx [Client Component SSR]
    ./src/app/page.tsx [Server Component] @ http://localhost:3000/_next/static/chunks/node_modules_next_dist_0u_w_5s._.js:1945
[  921976ms] [ERROR] ./src/app/insights/InsightsClient.tsx:221:1
Unexpected token. Did you mean `{'}'}` or `&rbrace;`?
  219 |     </div>
  220 |   );
> 221 | }
      | ^
  222 |

Parsing ecmascript source code failed

Import traces:
  Client Component Browser:
    ./src/app/insights/InsightsClient.tsx [Client Component Browser]
    ./src/app/page.tsx [Client Component Browser]
    ./src/app/page.tsx [Server Component]

  Client Component SSR:
    ./src/app/insights/InsightsClient.tsx [Client Component SSR]
    ./src/app/page.tsx [Client Component SSR]
    ./src/app/page.tsx [Server Component] @ http://localhost:3000/_next/static/chunks/node_modules_next_dist_0u_w_5s._.js:1945
[  922032ms] [ERROR] ./src/app/insights/InsightsClient.tsx:221:1
Unexpected token. Did you mean `{'}'}` or `&rbrace;`?
  219 |     </div>
  220 |   );
> 221 | }
      | ^
  222 |

Parsing ecmascript source code failed

Import traces:
  Client Component Browser:
    ./src/app/insights/InsightsClient.tsx [Client Component Browser]
    ./src/app/page.tsx [Client Component Browser]
    ./src/app/page.tsx [Server Component]

  Client Component SSR:
    ./src/app/insights/InsightsClient.tsx [Client Component SSR]
    ./src/app/page.tsx [Client Component SSR]
    ./src/app/page.tsx [Server Component] @ http://localhost:3000/_next/static/chunks/node_modules_next_dist_0u_w_5s._.js:1945
[  922089ms] [ERROR] ./src/app/insights/InsightsClient.tsx:221:1
Unexpected token. Did you mean `{'}'}` or `&rbrace;`?
  219 |     </div>
  220 |   );
> 221 | }
      | ^
  222 |

Parsing ecmascript source code failed

Import traces:
  Client Component Browser:
    ./src/app/insights/InsightsClient.tsx [Client Component Browser]
    ./src/app/page.tsx [Client Component Browser]
    ./src/app/page.tsx [Server Component]

  Client Component SSR:
    ./src/app/insights/InsightsClient.tsx [Client Component SSR]
    ./src/app/page.tsx [Client Component SSR]
    ./src/app/page.tsx [Server Component] @ http://localhost:3000/_next/static/chunks/node_modules_next_dist_0u_w_5s._.js:1945
[  922145ms] [ERROR] ./src/app/insights/InsightsClient.tsx:221:1
Unexpected token. Did you mean `{'}'}` or `&rbrace;`?
  219 |     </div>
  220 |   );
> 221 | }
      | ^
  222 |

Parsing ecmascript source code failed

Import traces:
  Client Component Browser:
    ./src/app/insights/InsightsClient.tsx [Client Component Browser]
    ./src/app/page.tsx [Client Component Browser]
    ./src/app/page.tsx [Server Component]

  Client Component SSR:
    ./src/app/insights/InsightsClient.tsx [Client Component SSR]
    ./src/app/page.tsx [Client Component SSR]
    ./src/app/page.tsx [Server Component] @ http://localhost:3000/_next/static/chunks/node_modules_next_dist_0u_w_5s._.js:1945
[  922202ms] [ERROR] ./src/app/insights/InsightsClient.tsx:221:1
Unexpected token. Did you mean `{'}'}` or `&rbrace;`?
  219 |     </div>
  220 |   );
> 221 | }
      | ^
  222 |

Parsing ecmascript source code failed

Import traces:
  Client Component Browser:
    ./src/app/insights/InsightsClient.tsx [Client Component Browser]
    ./src/app/page.tsx [Client Component Browser]
    ./src/app/page.tsx [Server Component]

  Client Component SSR:
    ./src/app/insights/InsightsClient.tsx [Client Component SSR]
    ./src/app/page.tsx [Client Component SSR]
    ./src/app/page.tsx [Server Component] @ http://localhost:3000/_next/static/chunks/node_modules_next_dist_0u_w_5s._.js:1945
[  922258ms] [ERROR] ./src/app/insights/InsightsClient.tsx:221:1
Unexpected token. Did you mean `{'}'}` or `&rbrace;`?
  219 |     </div>
  220 |   );
> 221 | }
      | ^
  222 |

Parsing ecmascript source code failed

Import traces:
  Client Component Browser:
    ./src/app/insights/InsightsClient.tsx [Client Component Browser]
    ./src/app/page.tsx [Client Component Browser]
    ./src/app/page.tsx [Server Component]

  Client Component SSR:
    ./src/app/insights/InsightsClient.tsx [Client Component SSR]
    ./src/app/page.tsx [Client Component SSR]
    ./src/app/page.tsx [Server Component] @ http://localhost:3000/_next/static/chunks/node_modules_next_dist_0u_w_5s._.js:1945
[  922311ms] [ERROR] ./src/app/insights/InsightsClient.tsx:221:1
Unexpected token. Did you mean `{'}'}` or `&rbrace;`?
  219 |     </div>
  220 |   );
> 221 | }
      | ^
  222 |

Parsing ecmascript source code failed

Import traces:
  Client Component Browser:
    ./src/app/insights/InsightsClient.tsx [Client Component Browser]
    ./src/app/page.tsx [Client Component Browser]
    ./src/app/page.tsx [Server Component]

  Client Component SSR:
    ./src/app/insights/InsightsClient.tsx [Client Component SSR]
    ./src/app/page.tsx [Client Component SSR]
    ./src/app/page.tsx [Server Component] @ http://localhost:3000/_next/static/chunks/node_modules_next_dist_0u_w_5s._.js:1945
[  922365ms] [ERROR] ./src/app/insights/InsightsClient.tsx:221:1
Unexpected token. Did you mean `{'}'}` or `&rbrace;`?
  219 |     </div>
  220 |   );
> 221 | }
      | ^
  222 |

Parsing ecmascript source code failed

Import traces:
  Client Component Browser:
    ./src/app/insights/InsightsClient.tsx [Client Component Browser]
    ./src/app/page.tsx [Client Component Browser]
    ./src/app/page.tsx [Server Component]

  Client Component SSR:
    ./src/app/insights/InsightsClient.tsx [Client Component SSR]
    ./src/app/page.tsx [Client Component SSR]
    ./src/app/page.tsx [Server Component] @ http://localhost:3000/_next/static/chunks/node_modules_next_dist_0u_w_5s._.js:1945
[  922420ms] [ERROR] ./src/app/insights/InsightsClient.tsx:221:1
Unexpected token. Did you mean `{'}'}` or `&rbrace;`?
  219 |     </div>
  220 |   );
> 221 | }
      | ^
  222 |

Parsing ecmascript source code failed

Import traces:
  Client Component Browser:
    ./src/app/insights/InsightsClient.tsx [Client Component Browser]
    ./src/app/page.tsx [Client Component Browser]
    ./src/app/page.tsx [Server Component]

  Client Component SSR:
    ./src/app/insights/InsightsClient.tsx [Client Component SSR]
    ./src/app/page.tsx [Client Component SSR]
    ./src/app/page.tsx [Server Component] @ http://localhost:3000/_next/static/chunks/node_modules_next_dist_0u_w_5s._.js:1945
[  922474ms] [ERROR] ./src/app/insights/InsightsClient.tsx:221:1
Unexpected token. Did you mean `{'}'}` or `&rbrace;`?
  219 |     </div>
  220 |   );
> 221 | }
      | ^
  222 |

Parsing ecmascript source code failed

Import traces:
  Client Component Browser:
    ./src/app/insights/InsightsClient.tsx [Client Component Browser]
    ./src/app/page.tsx [Client Component Browser]
    ./src/app/page.tsx [Server Component]

  Client Component SSR:
    ./src/app/insights/InsightsClient.tsx [Client Component SSR]
    ./src/app/page.tsx [Client Component SSR]
    ./src/app/page.tsx [Server Component] @ http://localhost:3000/_next/static/chunks/node_modules_next_dist_0u_w_5s._.js:1945
[  922528ms] [ERROR] ./src/app/insights/InsightsClient.tsx:221:1
Unexpected token. Did you mean `{'}'}` or `&rbrace;`?
  219 |     </div>
  220 |   );
> 221 | }
      | ^
  222 |

Parsing ecmascript source code failed

Import traces:
  Client Component Browser:
    ./src/app/insights/InsightsClient.tsx [Client Component Browser]
    ./src/app/page.tsx [Client Component Browser]
    ./src/app/page.tsx [Server Component]

  Client Component SSR:
    ./src/app/insights/InsightsClient.tsx [Client Component SSR]
    ./src/app/page.tsx [Client Component SSR]
    ./src/app/page.tsx [Server Component] @ http://localhost:3000/_next/static/chunks/node_modules_next_dist_0u_w_5s._.js:1945
[  922582ms] [ERROR] ./src/app/insights/InsightsClient.tsx:221:1
Unexpected token. Did you mean `{'}'}` or `&rbrace;`?
  219 |     </div>
  220 |   );
> 221 | }
      | ^
  222 |

Parsing ecmascript source code failed

Import traces:
  Client Component Browser:
    ./src/app/insights/InsightsClient.tsx [Client Component Browser]
    ./src/app/page.tsx [Client Component Browser]
    ./src/app/page.tsx [Server Component]

  Client Component SSR:
    ./src/app/insights/InsightsClient.tsx [Client Component SSR]
    ./src/app/page.tsx [Client Component SSR]
    ./src/app/page.tsx [Server Component] @ http://localhost:3000/_next/static/chunks/node_modules_next_dist_0u_w_5s._.js:1945
[  922640ms] [ERROR] ./src/app/insights/InsightsClient.tsx:221:1
Unexpected token. Did you mean `{'}'}` or `&rbrace;`?
  219 |     </div>
  220 |   );
> 221 | }
      | ^
  222 |

Parsing ecmascript source code failed

Import traces:
  Client Component Browser:
    ./src/app/insights/InsightsClient.tsx [Client Component Browser]
    ./src/app/page.tsx [Client Component Browser]
    ./src/app/page.tsx [Server Component]

  Client Component SSR:
    ./src/app/insights/InsightsClient.tsx [Client Component SSR]
    ./src/app/page.tsx [Client Component SSR]
    ./src/app/page.tsx [Server Component] @ http://localhost:3000/_next/static/chunks/node_modules_next_dist_0u_w_5s._.js:1945
[  922694ms] [ERROR] ./src/app/insights/InsightsClient.tsx:221:1
Unexpected token. Did you mean `{'}'}` or `&rbrace;`?
  219 |     </div>
  220 |   );
> 221 | }
      | ^
  222 |

Parsing ecmascript source code failed

Import traces:
  Client Component Browser:
    ./src/app/insights/InsightsClient.tsx [Client Component Browser]
    ./src/app/page.tsx [Client Component Browser]
    ./src/app/page.tsx [Server Component]

  Client Component SSR:
    ./src/app/insights/InsightsClient.tsx [Client Component SSR]
    ./src/app/page.tsx [Client Component SSR]
    ./src/app/page.tsx [Server Component] @ http://localhost:3000/_next/static/chunks/node_modules_next_dist_0u_w_5s._.js:1945
[  922748ms] [ERROR] ./src/app/insights/InsightsClient.tsx:221:1
Unexpected token. Did you mean `{'}'}` or `&rbrace;`?
  219 |     </div>
  220 |   );
> 221 | }
      | ^
  222 |

Parsing ecmascript source code failed

Import traces:
  Client Component Browser:
    ./src/app/insights/InsightsClient.tsx [Client Component Browser]
    ./src/app/page.tsx [Client Component Browser]
    ./src/app/page.tsx [Server Component]

  Client Component SSR:
    ./src/app/insights/InsightsClient.tsx [Client Component SSR]
    ./src/app/page.tsx [Client Component SSR]
    ./src/app/page.tsx [Server Component] @ http://localhost:3000/_next/static/chunks/node_modules_next_dist_0u_w_5s._.js:1945
[  922806ms] [ERROR] ./src/app/insights/InsightsClient.tsx:221:1
Unexpected token. Did you mean `{'}'}` or `&rbrace;`?
  219 |     </div>
  220 |   );
> 221 | }
      | ^
  222 |

Parsing ecmascript source code failed

Import traces:
  Client Component Browser:
    ./src/app/insights/InsightsClient.tsx [Client Component Browser]
    ./src/app/page.tsx [Client Component Browser]
    ./src/app/page.tsx [Server Component]

  Client Component SSR:
    ./src/app/insights/InsightsClient.tsx [Client Component SSR]
    ./src/app/page.tsx [Client Component SSR]
    ./src/app/page.tsx [Server Component] @ http://localhost:3000/_next/static/chunks/node_modules_next_dist_0u_w_5s._.js:1945
[  922860ms] [ERROR] ./src/app/insights/InsightsClient.tsx:221:1
Unexpected token. Did you mean `{'}'}` or `&rbrace;`?
  219 |     </div>
  220 |   );
> 221 | }
      | ^
  222 |

Parsing ecmascript source code failed

Import traces:
  Client Component Browser:
    ./src/app/insights/InsightsClient.tsx [Client Component Browser]
    ./src/app/page.tsx [Client Component Browser]
    ./src/app/page.tsx [Server Component]

  Client Component SSR:
    ./src/app/insights/InsightsClient.tsx [Client Component SSR]
    ./src/app/page.tsx [Client Component SSR]
    ./src/app/page.tsx [Server Component] @ http://localhost:3000/_next/static/chunks/node_modules_next_dist_0u_w_5s._.js:1945
[  922913ms] [ERROR] ./src/app/insights/InsightsClient.tsx:221:1
Unexpected token. Did you mean `{'}'}` or `&rbrace;`?
  219 |     </div>
  220 |   );
> 221 | }
      | ^
  222 |

Parsing ecmascript source code failed

Import traces:
  Client Component Browser:
    ./src/app/insights/InsightsClient.tsx [Client Component Browser]
    ./src/app/page.tsx [Client Component Browser]
    ./src/app/page.tsx [Server Component]

  Client Component SSR:
    ./src/app/insights/InsightsClient.tsx [Client Component SSR]
    ./src/app/page.tsx [Client Component SSR]
    ./src/app/page.tsx [Server Component] @ http://localhost:3000/_next/static/chunks/node_modules_next_dist_0u_w_5s._.js:1945
[  922965ms] [ERROR] ./src/app/insights/InsightsClient.tsx:221:1
Unexpected token. Did you mean `{'}'}` or `&rbrace;`?
  219 |     </div>
  220 |   );
> 221 | }
      | ^
  222 |

Parsing ecmascript source code failed

Import traces:
  Client Component Browser:
    ./src/app/insights/InsightsClient.tsx [Client Component Browser]
    ./src/app/page.tsx [Client Component Browser]
    ./src/app/page.tsx [Server Component]

  Client Component SSR:
    ./src/app/insights/InsightsClient.tsx [Client Component SSR]
    ./src/app/page.tsx [Client Component SSR]
    ./src/app/page.tsx [Server Component] @ http://localhost:3000/_next/static/chunks/node_modules_next_dist_0u_w_5s._.js:1945
[  923018ms] [ERROR] ./src/app/insights/InsightsClient.tsx:221:1
Unexpected token. Did you mean `{'}'}` or `&rbrace;`?
  219 |     </div>
  220 |   );
> 221 | }
      | ^
  222 |

Parsing ecmascript source code failed

Import traces:
  Client Component Browser:
    ./src/app/insights/InsightsClient.tsx [Client Component Browser]
    ./src/app/page.tsx [Client Component Browser]
    ./src/app/page.tsx [Server Component]

  Client Component SSR:
    ./src/app/insights/InsightsClient.tsx [Client Component SSR]
    ./src/app/page.tsx [Client Component SSR]
    ./src/app/page.tsx [Server Component] @ http://localhost:3000/_next/static/chunks/node_modules_next_dist_0u_w_5s._.js:1945
[  923073ms] [ERROR] ./src/app/insights/InsightsClient.tsx:221:1
Unexpected token. Did you mean `{'}'}` or `&rbrace;`?
  219 |     </div>
  220 |   );
> 221 | }
      | ^
  222 |

Parsing ecmascript source code failed

Import traces:
  Client Component Browser:
    ./src/app/insights/InsightsClient.tsx [Client Component Browser]
    ./src/app/page.tsx [Client Component Browser]
    ./src/app/page.tsx [Server Component]

  Client Component SSR:
    ./src/app/insights/InsightsClient.tsx [Client Component SSR]
    ./src/app/page.tsx [Client Component SSR]
    ./src/app/page.tsx [Server Component] @ http://localhost:3000/_next/static/chunks/node_modules_next_dist_0u_w_5s._.js:1945
[  923128ms] [ERROR] ./src/app/insights/InsightsClient.tsx:221:1
Unexpected token. Did you mean `{'}'}` or `&rbrace;`?
  219 |     </div>
  220 |   );
> 221 | }
      | ^
  222 |

Parsing ecmascript source code failed

Import traces:
  Client Component Browser:
    ./src/app/insights/InsightsClient.tsx [Client Component Browser]
    ./src/app/page.tsx [Client Component Browser]
    ./src/app/page.tsx [Server Component]

  Client Component SSR:
    ./src/app/insights/InsightsClient.tsx [Client Component SSR]
    ./src/app/page.tsx [Client Component SSR]
    ./src/app/page.tsx [Server Component] @ http://localhost:3000/_next/static/chunks/node_modules_next_dist_0u_w_5s._.js:1945
[  923188ms] [ERROR] ./src/app/insights/InsightsClient.tsx:221:1
Unexpected token. Did you mean `{'}'}` or `&rbrace;`?
  219 |     </div>
  220 |   );
> 221 | }
      | ^
  222 |

Parsing ecmascript source code failed

Import traces:
  Client Component Browser:
    ./src/app/insights/InsightsClient.tsx [Client Component Browser]
    ./src/app/page.tsx [Client Component Browser]
    ./src/app/page.tsx [Server Component]

  Client Component SSR:
    ./src/app/insights/InsightsClient.tsx [Client Component SSR]
    ./src/app/page.tsx [Client Component SSR]
    ./src/app/page.tsx [Server Component] @ http://localhost:3000/_next/static/chunks/node_modules_next_dist_0u_w_5s._.js:1945
[  923240ms] [ERROR] ./src/app/insights/InsightsClient.tsx:221:1
Unexpected token. Did you mean `{'}'}` or `&rbrace;`?
  219 |     </div>
  220 |   );
> 221 | }
      | ^
  222 |

Parsing ecmascript source code failed

Import traces:
  Client Component Browser:
    ./src/app/insights/InsightsClient.tsx [Client Component Browser]
    ./src/app/page.tsx [Client Component Browser]
    ./src/app/page.tsx [Server Component]

  Client Component SSR:
    ./src/app/insights/InsightsClient.tsx [Client Component SSR]
    ./src/app/page.tsx [Client Component SSR]
    ./src/app/page.tsx [Server Component] @ http://localhost:3000/_next/static/chunks/node_modules_next_dist_0u_w_5s._.js:1945
[  923294ms] [ERROR] ./src/app/insights/InsightsClient.tsx:221:1
Unexpected token. Did you mean `{'}'}` or `&rbrace;`?
  219 |     </div>
  220 |   );
> 221 | }
      | ^
  222 |

Parsing ecmascript source code failed

Import traces:
  Client Component Browser:
    ./src/app/insights/InsightsClient.tsx [Client Component Browser]
    ./src/app/page.tsx [Client Component Browser]
    ./src/app/page.tsx [Server Component]

  Client Component SSR:
    ./src/app/insights/InsightsClient.tsx [Client Component SSR]
    ./src/app/page.tsx [Client Component SSR]
    ./src/app/page.tsx [Server Component] @ http://localhost:3000/_next/static/chunks/node_modules_next_dist_0u_w_5s._.js:1945
[  923345ms] [ERROR] ./src/app/insights/InsightsClient.tsx:221:1
Unexpected token. Did you mean `{'}'}` or `&rbrace;`?
  219 |     </div>
  220 |   );
> 221 | }
      | ^
  222 |

Parsing ecmascript source code failed

Import traces:
  Client Component Browser:
    ./src/app/insights/InsightsClient.tsx [Client Component Browser]
    ./src/app/page.tsx [Client Component Browser]
    ./src/app/page.tsx [Server Component]

  Client Component SSR:
    ./src/app/insights/InsightsClient.tsx [Client Component SSR]
    ./src/app/page.tsx [Client Component SSR]
    ./src/app/page.tsx [Server Component] @ http://localhost:3000/_next/static/chunks/node_modules_next_dist_0u_w_5s._.js:1945
[  923401ms] [ERROR] ./src/app/insights/InsightsClient.tsx:221:1
Unexpected token. Did you mean `{'}'}` or `&rbrace;`?
  219 |     </div>
  220 |   );
> 221 | }
      | ^
  222 |

Parsing ecmascript source code failed

Import traces:
  Client Component Browser:
    ./src/app/insights/InsightsClient.tsx [Client Component Browser]
    ./src/app/page.tsx [Client Component Browser]
    ./src/app/page.tsx [Server Component]

  Client Component SSR:
    ./src/app/insights/InsightsClient.tsx [Client Component SSR]
    ./src/app/page.tsx [Client Component SSR]
    ./src/app/page.tsx [Server Component] @ http://localhost:3000/_next/static/chunks/node_modules_next_dist_0u_w_5s._.js:1945
[  923456ms] [ERROR] ./src/app/insights/InsightsClient.tsx:221:1
Unexpected token. Did you mean `{'}'}` or `&rbrace;`?
  219 |     </div>
  220 |   );
> 221 | }
      | ^
  222 |

Parsing ecmascript source code failed

Import traces:
  Client Component Browser:
    ./src/app/insights/InsightsClient.tsx [Client Component Browser]
    ./src/app/page.tsx [Client Component Browser]
    ./src/app/page.tsx [Server Component]

  Client Component SSR:
    ./src/app/insights/InsightsClient.tsx [Client Component SSR]
    ./src/app/page.tsx [Client Component SSR]
    ./src/app/page.tsx [Server Component] @ http://localhost:3000/_next/static/chunks/node_modules_next_dist_0u_w_5s._.js:1945
[  923511ms] [ERROR] ./src/app/insights/InsightsClient.tsx:221:1
Unexpected token. Did you mean `{'}'}` or `&rbrace;`?
  219 |     </div>
  220 |   );
> 221 | }
      | ^
  222 |

Parsing ecmascript source code failed

Import traces:
  Client Component Browser:
    ./src/app/insights/InsightsClient.tsx [Client Component Browser]
    ./src/app/page.tsx [Client Component Browser]
    ./src/app/page.tsx [Server Component]

  Client Component SSR:
    ./src/app/insights/InsightsClient.tsx [Client Component SSR]
    ./src/app/page.tsx [Client Component SSR]
    ./src/app/page.tsx [Server Component] @ http://localhost:3000/_next/static/chunks/node_modules_next_dist_0u_w_5s._.js:1945
[  923569ms] [ERROR] ./src/app/insights/InsightsClient.tsx:221:1
Unexpected token. Did you mean `{'}'}` or `&rbrace;`?
  219 |     </div>
  220 |   );
> 221 | }
      | ^
  222 |

Parsing ecmascript source code failed

Import traces:
  Client Component Browser:
    ./src/app/insights/InsightsClient.tsx [Client Component Browser]
    ./src/app/page.tsx [Client Component Browser]
    ./src/app/page.tsx [Server Component]

  Client Component SSR:
    ./src/app/insights/InsightsClient.tsx [Client Component SSR]
    ./src/app/page.tsx [Client Component SSR]
    ./src/app/page.tsx [Server Component] @ http://localhost:3000/_next/static/chunks/node_modules_next_dist_0u_w_5s._.js:1945
[  923623ms] [ERROR] ./src/app/insights/InsightsClient.tsx:221:1
Unexpected token. Did you mean `{'}'}` or `&rbrace;`?
  219 |     </div>
  220 |   );
> 221 | }
      | ^
  222 |

Parsing ecmascript source code failed

Import traces:
  Client Component Browser:
    ./src/app/insights/InsightsClient.tsx [Client Component Browser]
    ./src/app/page.tsx [Client Component Browser]
    ./src/app/page.tsx [Server Component]

  Client Component SSR:
    ./src/app/insights/InsightsClient.tsx [Client Component SSR]
    ./src/app/page.tsx [Client Component SSR]
    ./src/app/page.tsx [Server Component] @ http://localhost:3000/_next/static/chunks/node_modules_next_dist_0u_w_5s._.js:1945
[  923678ms] [ERROR] ./src/app/insights/InsightsClient.tsx:221:1
Unexpected token. Did you mean `{'}'}` or `&rbrace;`?
  219 |     </div>
  220 |   );
> 221 | }
      | ^
  222 |

Parsing ecmascript source code failed

Import traces:
  Client Component Browser:
    ./src/app/insights/InsightsClient.tsx [Client Component Browser]
    ./src/app/page.tsx [Client Component Browser]
    ./src/app/page.tsx [Server Component]

  Client Component SSR:
    ./src/app/insights/InsightsClient.tsx [Client Component SSR]
    ./src/app/page.tsx [Client Component SSR]
    ./src/app/page.tsx [Server Component] @ http://localhost:3000/_next/static/chunks/node_modules_next_dist_0u_w_5s._.js:1945
[  923733ms] [ERROR] ./src/app/insights/InsightsClient.tsx:221:1
Unexpected token. Did you mean `{'}'}` or `&rbrace;`?
  219 |     </div>
  220 |   );
> 221 | }
      | ^
  222 |

Parsing ecmascript source code failed

Import traces:
  Client Component Browser:
    ./src/app/insights/InsightsClient.tsx [Client Component Browser]
    ./src/app/page.tsx [Client Component Browser]
    ./src/app/page.tsx [Server Component]

  Client Component SSR:
    ./src/app/insights/InsightsClient.tsx [Client Component SSR]
    ./src/app/page.tsx [Client Component SSR]
    ./src/app/page.tsx [Server Component] @ http://localhost:3000/_next/static/chunks/node_modules_next_dist_0u_w_5s._.js:1945
[  923789ms] [ERROR] ./src/app/insights/InsightsClient.tsx:221:1
Unexpected token. Did you mean `{'}'}` or `&rbrace;`?
  219 |     </div>
  220 |   );
> 221 | }
      | ^
  222 |

Parsing ecmascript source code failed

Import traces:
  Client Component Browser:
    ./src/app/insights/InsightsClient.tsx [Client Component Browser]
    ./src/app/page.tsx [Client Component Browser]
    ./src/app/page.tsx [Server Component]

  Client Component SSR:
    ./src/app/insights/InsightsClient.tsx [Client Component SSR]
    ./src/app/page.tsx [Client Component SSR]
    ./src/app/page.tsx [Server Component] @ http://localhost:3000/_next/static/chunks/node_modules_next_dist_0u_w_5s._.js:1945
[  923842ms] [ERROR] ./src/app/insights/InsightsClient.tsx:221:1
Unexpected token. Did you mean `{'}'}` or `&rbrace;`?
  219 |     </div>
  220 |   );
> 221 | }
      | ^
  222 |

Parsing ecmascript source code failed

Import traces:
  Client Component Browser:
    ./src/app/insights/InsightsClient.tsx [Client Component Browser]
    ./src/app/page.tsx [Client Component Browser]
    ./src/app/page.tsx [Server Component]

  Client Component SSR:
    ./src/app/insights/InsightsClient.tsx [Client Component SSR]
    ./src/app/page.tsx [Client Component SSR]
    ./src/app/page.tsx [Server Component] @ http://localhost:3000/_next/static/chunks/node_modules_next_dist_0u_w_5s._.js:1945
[  923897ms] [ERROR] ./src/app/insights/InsightsClient.tsx:221:1
Unexpected token. Did you mean `{'}'}` or `&rbrace;`?
  219 |     </div>
  220 |   );
> 221 | }
      | ^
  222 |

Parsing ecmascript source code failed

Import traces:
  Client Component Browser:
    ./src/app/insights/InsightsClient.tsx [Client Component Browser]
    ./src/app/page.tsx [Client Component Browser]
    ./src/app/page.tsx [Server Component]

  Client Component SSR:
    ./src/app/insights/InsightsClient.tsx [Client Component SSR]
    ./src/app/page.tsx [Client Component SSR]
    ./src/app/page.tsx [Server Component] @ http://localhost:3000/_next/static/chunks/node_modules_next_dist_0u_w_5s._.js:1945
[  923952ms] [ERROR] ./src/app/insights/InsightsClient.tsx:221:1
Unexpected token. Did you mean `{'}'}` or `&rbrace;`?
  219 |     </div>
  220 |   );
> 221 | }
      | ^
  222 |

Parsing ecmascript source code failed

Import traces:
  Client Component Browser:
    ./src/app/insights/InsightsClient.tsx [Client Component Browser]
    ./src/app/page.tsx [Client Component Browser]
    ./src/app/page.tsx [Server Component]

  Client Component SSR:
    ./src/app/insights/InsightsClient.tsx [Client Component SSR]
    ./src/app/page.tsx [Client Component SSR]
    ./src/app/page.tsx [Server Component] @ http://localhost:3000/_next/static/chunks/node_modules_next_dist_0u_w_5s._.js:1945
[  924006ms] [ERROR] ./src/app/insights/InsightsClient.tsx:221:1
Unexpected token. Did you mean `{'}'}` or `&rbrace;`?
  219 |     </div>
  220 |   );
> 221 | }
      | ^
  222 |

Parsing ecmascript source code failed

Import traces:
  Client Component Browser:
    ./src/app/insights/InsightsClient.tsx [Client Component Browser]
    ./src/app/page.tsx [Client Component Browser]
    ./src/app/page.tsx [Server Component]

  Client Component SSR:
    ./src/app/insights/InsightsClient.tsx [Client Component SSR]
    ./src/app/page.tsx [Client Component SSR]
    ./src/app/page.tsx [Server Component] @ http://localhost:3000/_next/static/chunks/node_modules_next_dist_0u_w_5s._.js:1945
[  924062ms] [ERROR] ./src/app/insights/InsightsClient.tsx:221:1
Unexpected token. Did you mean `{'}'}` or `&rbrace;`?
  219 |     </div>
  220 |   );
> 221 | }
      | ^
  222 |

Parsing ecmascript source code failed

Import traces:
  Client Component Browser:
    ./src/app/insights/InsightsClient.tsx [Client Component Browser]
    ./src/app/page.tsx [Client Component Browser]
    ./src/app/page.tsx [Server Component]

  Client Component SSR:
    ./src/app/insights/InsightsClient.tsx [Client Component SSR]
    ./src/app/page.tsx [Client Component SSR]
    ./src/app/page.tsx [Server Component] @ http://localhost:3000/_next/static/chunks/node_modules_next_dist_0u_w_5s._.js:1945
[  924119ms] [ERROR] ./src/app/insights/InsightsClient.tsx:221:1
Unexpected token. Did you mean `{'}'}` or `&rbrace;`?
  219 |     </div>
  220 |   );
> 221 | }
      | ^
  222 |

Parsing ecmascript source code failed

Import traces:
  Client Component Browser:
    ./src/app/insights/InsightsClient.tsx [Client Component Browser]
    ./src/app/page.tsx [Client Component Browser]
    ./src/app/page.tsx [Server Component]

  Client Component SSR:
    ./src/app/insights/InsightsClient.tsx [Client Component SSR]
    ./src/app/page.tsx [Client Component SSR]
    ./src/app/page.tsx [Server Component] @ http://localhost:3000/_next/static/chunks/node_modules_next_dist_0u_w_5s._.js:1945
[  924172ms] [ERROR] ./src/app/insights/InsightsClient.tsx:221:1
Unexpected token. Did you mean `{'}'}` or `&rbrace;`?
  219 |     </div>
  220 |   );
> 221 | }
      | ^
  222 |

Parsing ecmascript source code failed

Import traces:
  Client Component Browser:
    ./src/app/insights/InsightsClient.tsx [Client Component Browser]
    ./src/app/page.tsx [Client Component Browser]
    ./src/app/page.tsx [Server Component]

  Client Component SSR:
    ./src/app/insights/InsightsClient.tsx [Client Component SSR]
    ./src/app/page.tsx [Client Component SSR]
    ./src/app/page.tsx [Server Component] @ http://localhost:3000/_next/static/chunks/node_modules_next_dist_0u_w_5s._.js:1945
[  924228ms] [ERROR] ./src/app/insights/InsightsClient.tsx:221:1
Unexpected token. Did you mean `{'}'}` or `&rbrace;`?
  219 |     </div>
  220 |   );
> 221 | }
      | ^
  222 |

Parsing ecmascript source code failed

Import traces:
  Client Component Browser:
    ./src/app/insights/InsightsClient.tsx [Client Component Browser]
    ./src/app/page.tsx [Client Component Browser]
    ./src/app/page.tsx [Server Component]

  Client Component SSR:
    ./src/app/insights/InsightsClient.tsx [Client Component SSR]
    ./src/app/page.tsx [Client Component SSR]
    ./src/app/page.tsx [Server Component] @ http://localhost:3000/_next/static/chunks/node_modules_next_dist_0u_w_5s._.js:1945
[  924281ms] [ERROR] ./src/app/insights/InsightsClient.tsx:221:1
Unexpected token. Did you mean `{'}'}` or `&rbrace;`?
  219 |     </div>
  220 |   );
> 221 | }
      | ^
  222 |

Parsing ecmascript source code failed

Import traces:
  Client Component Browser:
    ./src/app/insights/InsightsClient.tsx [Client Component Browser]
    ./src/app/page.tsx [Client Component Browser]
    ./src/app/page.tsx [Server Component]

  Client Component SSR:
    ./src/app/insights/InsightsClient.tsx [Client Component SSR]
    ./src/app/page.tsx [Client Component SSR]
    ./src/app/page.tsx [Server Component] @ http://localhost:3000/_next/static/chunks/node_modules_next_dist_0u_w_5s._.js:1945
[  924334ms] [ERROR] ./src/app/insights/InsightsClient.tsx:221:1
Unexpected token. Did you mean `{'}'}` or `&rbrace;`?
  219 |     </div>
  220 |   );
> 221 | }
      | ^
  222 |

Parsing ecmascript source code failed

Import traces:
  Client Component Browser:
    ./src/app/insights/InsightsClient.tsx [Client Component Browser]
    ./src/app/page.tsx [Client Component Browser]
    ./src/app/page.tsx [Server Component]

  Client Component SSR:
    ./src/app/insights/InsightsClient.tsx [Client Component SSR]
    ./src/app/page.tsx [Client Component SSR]
    ./src/app/page.tsx [Server Component] @ http://localhost:3000/_next/static/chunks/node_modules_next_dist_0u_w_5s._.js:1945
[  924389ms] [ERROR] ./src/app/insights/InsightsClient.tsx:221:1
Unexpected token. Did you mean `{'}'}` or `&rbrace;`?
  219 |     </div>
  220 |   );
> 221 | }
      | ^
  222 |

Parsing ecmascript source code failed

Import traces:
  Client Component Browser:
    ./src/app/insights/InsightsClient.tsx [Client Component Browser]
    ./src/app/page.tsx [Client Component Browser]
    ./src/app/page.tsx [Server Component]

  Client Component SSR:
    ./src/app/insights/InsightsClient.tsx [Client Component SSR]
    ./src/app/page.tsx [Client Component SSR]
    ./src/app/page.tsx [Server Component] @ http://localhost:3000/_next/static/chunks/node_modules_next_dist_0u_w_5s._.js:1945
[  924445ms] [ERROR] ./src/app/insights/InsightsClient.tsx:221:1
Unexpected token. Did you mean `{'}'}` or `&rbrace;`?
  219 |     </div>
  220 |   );
> 221 | }
      | ^
  222 |

Parsing ecmascript source code failed

Import traces:
  Client Component Browser:
    ./src/app/insights/InsightsClient.tsx [Client Component Browser]
    ./src/app/page.tsx [Client Component Browser]
    ./src/app/page.tsx [Server Component]

  Client Component SSR:
    ./src/app/insights/InsightsClient.tsx [Client Component SSR]
    ./src/app/page.tsx [Client Component SSR]
    ./src/app/page.tsx [Server Component] @ http://localhost:3000/_next/static/chunks/node_modules_next_dist_0u_w_5s._.js:1945
[  924498ms] [ERROR] ./src/app/insights/InsightsClient.tsx:221:1
Unexpected token. Did you mean `{'}'}` or `&rbrace;`?
  219 |     </div>
  220 |   );
> 221 | }
      | ^
  222 |

Parsing ecmascript source code failed

Import traces:
  Client Component Browser:
    ./src/app/insights/InsightsClient.tsx [Client Component Browser]
    ./src/app/page.tsx [Client Component Browser]
    ./src/app/page.tsx [Server Component]

  Client Component SSR:
    ./src/app/insights/InsightsClient.tsx [Client Component SSR]
    ./src/app/page.tsx [Client Component SSR]
    ./src/app/page.tsx [Server Component] @ http://localhost:3000/_next/static/chunks/node_modules_next_dist_0u_w_5s._.js:1945
[  924553ms] [ERROR] ./src/app/insights/InsightsClient.tsx:221:1
Unexpected token. Did you mean `{'}'}` or `&rbrace;`?
  219 |     </div>
  220 |   );
> 221 | }
      | ^
  222 |

Parsing ecmascript source code failed

Import traces:
  Client Component Browser:
    ./src/app/insights/InsightsClient.tsx [Client Component Browser]
    ./src/app/page.tsx [Client Component Browser]
    ./src/app/page.tsx [Server Component]

  Client Component SSR:
    ./src/app/insights/InsightsClient.tsx [Client Component SSR]
    ./src/app/page.tsx [Client Component SSR]
    ./src/app/page.tsx [Server Component] @ http://localhost:3000/_next/static/chunks/node_modules_next_dist_0u_w_5s._.js:1945
[  924607ms] [ERROR] ./src/app/insights/InsightsClient.tsx:221:1
Unexpected token. Did you mean `{'}'}` or `&rbrace;`?
  219 |     </div>
  220 |   );
> 221 | }
      | ^
  222 |

Parsing ecmascript source code failed

Import traces:
  Client Component Browser:
    ./src/app/insights/InsightsClient.tsx [Client Component Browser]
    ./src/app/page.tsx [Client Component Browser]
    ./src/app/page.tsx [Server Component]

  Client Component SSR:
    ./src/app/insights/InsightsClient.tsx [Client Component SSR]
    ./src/app/page.tsx [Client Component SSR]
    ./src/app/page.tsx [Server Component] @ http://localhost:3000/_next/static/chunks/node_modules_next_dist_0u_w_5s._.js:1945
[  924662ms] [ERROR] ./src/app/insights/InsightsClient.tsx:221:1
Unexpected token. Did you mean `{'}'}` or `&rbrace;`?
  219 |     </div>
  220 |   );
> 221 | }
      | ^
  222 |

Parsing ecmascript source code failed

Import traces:
  Client Component Browser:
    ./src/app/insights/InsightsClient.tsx [Client Component Browser]
    ./src/app/page.tsx [Client Component Browser]
    ./src/app/page.tsx [Server Component]

  Client Component SSR:
    ./src/app/insights/InsightsClient.tsx [Client Component SSR]
    ./src/app/page.tsx [Client Component SSR]
    ./src/app/page.tsx [Server Component] @ http://localhost:3000/_next/static/chunks/node_modules_next_dist_0u_w_5s._.js:1945
[  924718ms] [ERROR] ./src/app/insights/InsightsClient.tsx:221:1
Unexpected token. Did you mean `{'}'}` or `&rbrace;`?
  219 |     </div>
  220 |   );
> 221 | }
      | ^
  222 |

Parsing ecmascript source code failed

Import traces:
  Client Component Browser:
    ./src/app/insights/InsightsClient.tsx [Client Component Browser]
    ./src/app/page.tsx [Client Component Browser]
    ./src/app/page.tsx [Server Component]

  Client Component SSR:
    ./src/app/insights/InsightsClient.tsx [Client Component SSR]
    ./src/app/page.tsx [Client Component SSR]
    ./src/app/page.tsx [Server Component] @ http://localhost:3000/_next/static/chunks/node_modules_next_dist_0u_w_5s._.js:1945
[  924771ms] [ERROR] ./src/app/insights/InsightsClient.tsx:221:1
Unexpected token. Did you mean `{'}'}` or `&rbrace;`?
  219 |     </div>
  220 |   );
> 221 | }
      | ^
  222 |

Parsing ecmascript source code failed

Import traces:
  Client Component Browser:
    ./src/app/insights/InsightsClient.tsx [Client Component Browser]
    ./src/app/page.tsx [Client Component Browser]
    ./src/app/page.tsx [Server Component]

  Client Component SSR:
    ./src/app/insights/InsightsClient.tsx [Client Component SSR]
    ./src/app/page.tsx [Client Component SSR]
    ./src/app/page.tsx [Server Component] @ http://localhost:3000/_next/static/chunks/node_modules_next_dist_0u_w_5s._.js:1945
[  924824ms] [ERROR] ./src/app/insights/InsightsClient.tsx:221:1
Unexpected token. Did you mean `{'}'}` or `&rbrace;`?
  219 |     </div>
  220 |   );
> 221 | }
      | ^
  222 |

Parsing ecmascript source code failed

Import traces:
  Client Component Browser:
    ./src/app/insights/InsightsClient.tsx [Client Component Browser]
    ./src/app/page.tsx [Client Component Browser]
    ./src/app/page.tsx [Server Component]

  Client Component SSR:
    ./src/app/insights/InsightsClient.tsx [Client Component SSR]
    ./src/app/page.tsx [Client Component SSR]
    ./src/app/page.tsx [Server Component] @ http://localhost:3000/_next/static/chunks/node_modules_next_dist_0u_w_5s._.js:1945
[  924880ms] [ERROR] ./src/app/insights/InsightsClient.tsx:221:1
Unexpected token. Did you mean `{'}'}` or `&rbrace;`?
  219 |     </div>
  220 |   );
> 221 | }
      | ^
  222 |

Parsing ecmascript source code failed

Import traces:
  Client Component Browser:
    ./src/app/insights/InsightsClient.tsx [Client Component Browser]
    ./src/app/page.tsx [Client Component Browser]
    ./src/app/page.tsx [Server Component]

  Client Component SSR:
    ./src/app/insights/InsightsClient.tsx [Client Component SSR]
    ./src/app/page.tsx [Client Component SSR]
    ./src/app/page.tsx [Server Component] @ http://localhost:3000/_next/static/chunks/node_modules_next_dist_0u_w_5s._.js:1945
[  924936ms] [ERROR] ./src/app/insights/InsightsClient.tsx:221:1
Unexpected token. Did you mean `{'}'}` or `&rbrace;`?
  219 |     </div>
  220 |   );
> 221 | }
      | ^
  222 |

Parsing ecmascript source code failed

Import traces:
  Client Component Browser:
    ./src/app/insights/InsightsClient.tsx [Client Component Browser]
    ./src/app/page.tsx [Client Component Browser]
    ./src/app/page.tsx [Server Component]

  Client Component SSR:
    ./src/app/insights/InsightsClient.tsx [Client Component SSR]
    ./src/app/page.tsx [Client Component SSR]
    ./src/app/page.tsx [Server Component] @ http://localhost:3000/_next/static/chunks/node_modules_next_dist_0u_w_5s._.js:1945
[  924992ms] [ERROR] ./src/app/insights/InsightsClient.tsx:221:1
Unexpected token. Did you mean `{'}'}` or `&rbrace;`?
  219 |     </div>
  220 |   );
> 221 | }
      | ^
  222 |

Parsing ecmascript source code failed

Import traces:
  Client Component Browser:
    ./src/app/insights/InsightsClient.tsx [Client Component Browser]
    ./src/app/page.tsx [Client Component Browser]
    ./src/app/page.tsx [Server Component]

  Client Component SSR:
    ./src/app/insights/InsightsClient.tsx [Client Component SSR]
    ./src/app/page.tsx [Client Component SSR]
    ./src/app/page.tsx [Server Component] @ http://localhost:3000/_next/static/chunks/node_modules_next_dist_0u_w_5s._.js:1945
[  925047ms] [ERROR] ./src/app/insights/InsightsClient.tsx:221:1
Unexpected token. Did you mean `{'}'}` or `&rbrace;`?
  219 |     </div>
  220 |   );
> 221 | }
      | ^
  222 |

Parsing ecmascript source code failed

Import traces:
  Client Component Browser:
    ./src/app/insights/InsightsClient.tsx [Client Component Browser]
    ./src/app/page.tsx [Client Component Browser]
    ./src/app/page.tsx [Server Component]

  Client Component SSR:
    ./src/app/insights/InsightsClient.tsx [Client Component SSR]
    ./src/app/page.tsx [Client Component SSR]
    ./src/app/page.tsx [Server Component] @ http://localhost:3000/_next/static/chunks/node_modules_next_dist_0u_w_5s._.js:1945
[  925102ms] [ERROR] ./src/app/insights/InsightsClient.tsx:221:1
Unexpected token. Did you mean `{'}'}` or `&rbrace;`?
  219 |     </div>
  220 |   );
> 221 | }
      | ^
  222 |

Parsing ecmascript source code failed

Import traces:
  Client Component Browser:
    ./src/app/insights/InsightsClient.tsx [Client Component Browser]
    ./src/app/page.tsx [Client Component Browser]
    ./src/app/page.tsx [Server Component]

  Client Component SSR:
    ./src/app/insights/InsightsClient.tsx [Client Component SSR]
    ./src/app/page.tsx [Client Component SSR]
    ./src/app/page.tsx [Server Component] @ http://localhost:3000/_next/static/chunks/node_modules_next_dist_0u_w_5s._.js:1945
[  925157ms] [ERROR] ./src/app/insights/InsightsClient.tsx:221:1
Unexpected token. Did you mean `{'}'}` or `&rbrace;`?
  219 |     </div>
  220 |   );
> 221 | }
      | ^
  222 |

Parsing ecmascript source code failed

Import traces:
  Client Component Browser:
    ./src/app/insights/InsightsClient.tsx [Client Component Browser]
    ./src/app/page.tsx [Client Component Browser]
    ./src/app/page.tsx [Server Component]

  Client Component SSR:
    ./src/app/insights/InsightsClient.tsx [Client Component SSR]
    ./src/app/page.tsx [Client Component SSR]
    ./src/app/page.tsx [Server Component] @ http://localhost:3000/_next/static/chunks/node_modules_next_dist_0u_w_5s._.js:1945
[  925210ms] [ERROR] ./src/app/insights/InsightsClient.tsx:221:1
Unexpected token. Did you mean `{'}'}` or `&rbrace;`?
  219 |     </div>
  220 |   );
> 221 | }
      | ^
  222 |

Parsing ecmascript source code failed

Import traces:
  Client Component Browser:
    ./src/app/insights/InsightsClient.tsx [Client Component Browser]
    ./src/app/page.tsx [Client Component Browser]
    ./src/app/page.tsx [Server Component]

  Client Component SSR:
    ./src/app/insights/InsightsClient.tsx [Client Component SSR]
    ./src/app/page.tsx [Client Component SSR]
    ./src/app/page.tsx [Server Component] @ http://localhost:3000/_next/static/chunks/node_modules_next_dist_0u_w_5s._.js:1945
[  925262ms] [ERROR] ./src/app/insights/InsightsClient.tsx:221:1
Unexpected token. Did you mean `{'}'}` or `&rbrace;`?
  219 |     </div>
  220 |   );
> 221 | }
      | ^
  222 |

Parsing ecmascript source code failed

Import traces:
  Client Component Browser:
    ./src/app/insights/InsightsClient.tsx [Client Component Browser]
    ./src/app/page.tsx [Client Component Browser]
    ./src/app/page.tsx [Server Component]

  Client Component SSR:
    ./src/app/insights/InsightsClient.tsx [Client Component SSR]
    ./src/app/page.tsx [Client Component SSR]
    ./src/app/page.tsx [Server Component] @ http://localhost:3000/_next/static/chunks/node_modules_next_dist_0u_w_5s._.js:1945
[  925313ms] [ERROR] ./src/app/insights/InsightsClient.tsx:221:1
Unexpected token. Did you mean `{'}'}` or `&rbrace;`?
  219 |     </div>
  220 |   );
> 221 | }
      | ^
  222 |

Parsing ecmascript source code failed

Import traces:
  Client Component Browser:
    ./src/app/insights/InsightsClient.tsx [Client Component Browser]
    ./src/app/page.tsx [Client Component Browser]
    ./src/app/page.tsx [Server Component]

  Client Component SSR:
    ./src/app/insights/InsightsClient.tsx [Client Component SSR]
    ./src/app/page.tsx [Client Component SSR]
    ./src/app/page.tsx [Server Component] @ http://localhost:3000/_next/static/chunks/node_modules_next_dist_0u_w_5s._.js:1945
[  925365ms] [ERROR] ./src/app/insights/InsightsClient.tsx:221:1
Unexpected token. Did you mean `{'}'}` or `&rbrace;`?
  219 |     </div>
  220 |   );
> 221 | }
      | ^
  222 |

Parsing ecmascript source code failed

Import traces:
  Client Component Browser:
    ./src/app/insights/InsightsClient.tsx [Client Component Browser]
    ./src/app/page.tsx [Client Component Browser]
    ./src/app/page.tsx [Server Component]

  Client Component SSR:
    ./src/app/insights/InsightsClient.tsx [Client Component SSR]
    ./src/app/page.tsx [Client Component SSR]
    ./src/app/page.tsx [Server Component] @ http://localhost:3000/_next/static/chunks/node_modules_next_dist_0u_w_5s._.js:1945
[  925419ms] [ERROR] ./src/app/insights/InsightsClient.tsx:221:1
Unexpected token. Did you mean `{'}'}` or `&rbrace;`?
  219 |     </div>
  220 |   );
> 221 | }
      | ^
  222 |

Parsing ecmascript source code failed

Import traces:
  Client Component Browser:
    ./src/app/insights/InsightsClient.tsx [Client Component Browser]
    ./src/app/page.tsx [Client Component Browser]
    ./src/app/page.tsx [Server Component]

  Client Component SSR:
    ./src/app/insights/InsightsClient.tsx [Client Component SSR]
    ./src/app/page.tsx [Client Component SSR]
    ./src/app/page.tsx [Server Component] @ http://localhost:3000/_next/static/chunks/node_modules_next_dist_0u_w_5s._.js:1945
[  925472ms] [ERROR] ./src/app/insights/InsightsClient.tsx:221:1
Unexpected token. Did you mean `{'}'}` or `&rbrace;`?
  219 |     </div>
  220 |   );
> 221 | }
      | ^
  222 |

Parsing ecmascript source code failed

Import traces:
  Client Component Browser:
    ./src/app/insights/InsightsClient.tsx [Client Component Browser]
    ./src/app/page.tsx [Client Component Browser]
    ./src/app/page.tsx [Server Component]

  Client Component SSR:
    ./src/app/insights/InsightsClient.tsx [Client Component SSR]
    ./src/app/page.tsx [Client Component SSR]
    ./src/app/page.tsx [Server Component] @ http://localhost:3000/_next/static/chunks/node_modules_next_dist_0u_w_5s._.js:1945
[  925525ms] [ERROR] ./src/app/insights/InsightsClient.tsx:221:1
Unexpected token. Did you mean `{'}'}` or `&rbrace;`?
  219 |     </div>
  220 |   );
> 221 | }
      | ^
  222 |

Parsing ecmascript source code failed

Import traces:
  Client Component Browser:
    ./src/app/insights/InsightsClient.tsx [Client Component Browser]
    ./src/app/page.tsx [Client Component Browser]
    ./src/app/page.tsx [Server Component]

  Client Component SSR:
    ./src/app/insights/InsightsClient.tsx [Client Component SSR]
    ./src/app/page.tsx [Client Component SSR]
    ./src/app/page.tsx [Server Component] @ http://localhost:3000/_next/static/chunks/node_modules_next_dist_0u_w_5s._.js:1945
[  925581ms] [ERROR] ./src/app/insights/InsightsClient.tsx:221:1
Unexpected token. Did you mean `{'}'}` or `&rbrace;`?
  219 |     </div>
  220 |   );
> 221 | }
      | ^
  222 |

Parsing ecmascript source code failed

Import traces:
  Client Component Browser:
    ./src/app/insights/InsightsClient.tsx [Client Component Browser]
    ./src/app/page.tsx [Client Component Browser]
    ./src/app/page.tsx [Server Component]

  Client Component SSR:
    ./src/app/insights/InsightsClient.tsx [Client Component SSR]
    ./src/app/page.tsx [Client Component SSR]
    ./src/app/page.tsx [Server Component] @ http://localhost:3000/_next/static/chunks/node_modules_next_dist_0u_w_5s._.js:1945
[  925635ms] [ERROR] ./src/app/insights/InsightsClient.tsx:221:1
Unexpected token. Did you mean `{'}'}` or `&rbrace;`?
  219 |     </div>
  220 |   );
> 221 | }
      | ^
  222 |

Parsing ecmascript source code failed

Import traces:
  Client Component Browser:
    ./src/app/insights/InsightsClient.tsx [Client Component Browser]
    ./src/app/page.tsx [Client Component Browser]
    ./src/app/page.tsx [Server Component]

  Client Component SSR:
    ./src/app/insights/InsightsClient.tsx [Client Component SSR]
    ./src/app/page.tsx [Client Component SSR]
    ./src/app/page.tsx [Server Component] @ http://localhost:3000/_next/static/chunks/node_modules_next_dist_0u_w_5s._.js:1945
[  925690ms] [ERROR] ./src/app/insights/InsightsClient.tsx:221:1
Unexpected token. Did you mean `{'}'}` or `&rbrace;`?
  219 |     </div>
  220 |   );
> 221 | }
      | ^
  222 |

Parsing ecmascript source code failed

Import traces:
  Client Component Browser:
    ./src/app/insights/InsightsClient.tsx [Client Component Browser]
    ./src/app/page.tsx [Client Component Browser]
    ./src/app/page.tsx [Server Component]

  Client Component SSR:
    ./src/app/insights/InsightsClient.tsx [Client Component SSR]
    ./src/app/page.tsx [Client Component SSR]
    ./src/app/page.tsx [Server Component] @ http://localhost:3000/_next/static/chunks/node_modules_next_dist_0u_w_5s._.js:1945
[  925743ms] [ERROR] ./src/app/insights/InsightsClient.tsx:221:1
Unexpected token. Did you mean `{'}'}` or `&rbrace;`?
  219 |     </div>
  220 |   );
> 221 | }
      | ^
  222 |

Parsing ecmascript source code failed

Import traces:
  Client Component Browser:
    ./src/app/insights/InsightsClient.tsx [Client Component Browser]
    ./src/app/page.tsx [Client Component Browser]
    ./src/app/page.tsx [Server Component]

  Client Component SSR:
    ./src/app/insights/InsightsClient.tsx [Client Component SSR]
    ./src/app/page.tsx [Client Component SSR]
    ./src/app/page.tsx [Server Component] @ http://localhost:3000/_next/static/chunks/node_modules_next_dist_0u_w_5s._.js:1945
[  925798ms] [ERROR] ./src/app/insights/InsightsClient.tsx:221:1
Unexpected token. Did you mean `{'}'}` or `&rbrace;`?
  219 |     </div>
  220 |   );
> 221 | }
      | ^
  222 |

Parsing ecmascript source code failed

Import traces:
  Client Component Browser:
    ./src/app/insights/InsightsClient.tsx [Client Component Browser]
    ./src/app/page.tsx [Client Component Browser]
    ./src/app/page.tsx [Server Component]

  Client Component SSR:
    ./src/app/insights/InsightsClient.tsx [Client Component SSR]
    ./src/app/page.tsx [Client Component SSR]
    ./src/app/page.tsx [Server Component] @ http://localhost:3000/_next/static/chunks/node_modules_next_dist_0u_w_5s._.js:1945
[  925852ms] [ERROR] ./src/app/insights/InsightsClient.tsx:221:1
Unexpected token. Did you mean `{'}'}` or `&rbrace;`?
  219 |     </div>
  220 |   );
> 221 | }
      | ^
  222 |

Parsing ecmascript source code failed

Import traces:
  Client Component Browser:
    ./src/app/insights/InsightsClient.tsx [Client Component Browser]
    ./src/app/page.tsx [Client Component Browser]
    ./src/app/page.tsx [Server Component]

  Client Component SSR:
    ./src/app/insights/InsightsClient.tsx [Client Component SSR]
    ./src/app/page.tsx [Client Component SSR]
    ./src/app/page.tsx [Server Component] @ http://localhost:3000/_next/static/chunks/node_modules_next_dist_0u_w_5s._.js:1945
[  925907ms] [ERROR] ./src/app/insights/InsightsClient.tsx:221:1
Unexpected token. Did you mean `{'}'}` or `&rbrace;`?
  219 |     </div>
  220 |   );
> 221 | }
      | ^
  222 |

Parsing ecmascript source code failed

Import traces:
  Client Component Browser:
    ./src/app/insights/InsightsClient.tsx [Client Component Browser]
    ./src/app/page.tsx [Client Component Browser]
    ./src/app/page.tsx [Server Component]

  Client Component SSR:
    ./src/app/insights/InsightsClient.tsx [Client Component SSR]
    ./src/app/page.tsx [Client Component SSR]
    ./src/app/page.tsx [Server Component] @ http://localhost:3000/_next/static/chunks/node_modules_next_dist_0u_w_5s._.js:1945
[  925961ms] [ERROR] ./src/app/insights/InsightsClient.tsx:221:1
Unexpected token. Did you mean `{'}'}` or `&rbrace;`?
  219 |     </div>
  220 |   );
> 221 | }
      | ^
  222 |

Parsing ecmascript source code failed

Import traces:
  Client Component Browser:
    ./src/app/insights/InsightsClient.tsx [Client Component Browser]
    ./src/app/page.tsx [Client Component Browser]
    ./src/app/page.tsx [Server Component]

  Client Component SSR:
    ./src/app/insights/InsightsClient.tsx [Client Component SSR]
    ./src/app/page.tsx [Client Component SSR]
    ./src/app/page.tsx [Server Component] @ http://localhost:3000/_next/static/chunks/node_modules_next_dist_0u_w_5s._.js:1945
[  926015ms] [ERROR] ./src/app/insights/InsightsClient.tsx:221:1
Unexpected token. Did you mean `{'}'}` or `&rbrace;`?
  219 |     </div>
  220 |   );
> 221 | }
      | ^
  222 |

Parsing ecmascript source code failed

Import traces:
  Client Component Browser:
    ./src/app/insights/InsightsClient.tsx [Client Component Browser]
    ./src/app/page.tsx [Client Component Browser]
    ./src/app/page.tsx [Server Component]

  Client Component SSR:
    ./src/app/insights/InsightsClient.tsx [Client Component SSR]
    ./src/app/page.tsx [Client Component SSR]
    ./src/app/page.tsx [Server Component] @ http://localhost:3000/_next/static/chunks/node_modules_next_dist_0u_w_5s._.js:1945
[  926068ms] [ERROR] ./src/app/insights/InsightsClient.tsx:221:1
Unexpected token. Did you mean `{'}'}` or `&rbrace;`?
  219 |     </div>
  220 |   );
> 221 | }
      | ^
  222 |

Parsing ecmascript source code failed

Import traces:
  Client Component Browser:
    ./src/app/insights/InsightsClient.tsx [Client Component Browser]
    ./src/app/page.tsx [Client Component Browser]
    ./src/app/page.tsx [Server Component]

  Client Component SSR:
    ./src/app/insights/InsightsClient.tsx [Client Component SSR]
    ./src/app/page.tsx [Client Component SSR]
    ./src/app/page.tsx [Server Component] @ http://localhost:3000/_next/static/chunks/node_modules_next_dist_0u_w_5s._.js:1945
[  926122ms] [ERROR] ./src/app/insights/InsightsClient.tsx:221:1
Unexpected token. Did you mean `{'}'}` or `&rbrace;`?
  219 |     </div>
  220 |   );
> 221 | }
      | ^
  222 |

Parsing ecmascript source code failed

Import traces:
  Client Component Browser:
    ./src/app/insights/InsightsClient.tsx [Client Component Browser]
    ./src/app/page.tsx [Client Component Browser]
    ./src/app/page.tsx [Server Component]

  Client Component SSR:
    ./src/app/insights/InsightsClient.tsx [Client Component SSR]
    ./src/app/page.tsx [Client Component SSR]
    ./src/app/page.tsx [Server Component] @ http://localhost:3000/_next/static/chunks/node_modules_next_dist_0u_w_5s._.js:1945
[  926174ms] [ERROR] ./src/app/insights/InsightsClient.tsx:221:1
Unexpected token. Did you mean `{'}'}` or `&rbrace;`?
  219 |     </div>
  220 |   );
> 221 | }
      | ^
  222 |

Parsing ecmascript source code failed

Import traces:
  Client Component Browser:
    ./src/app/insights/InsightsClient.tsx [Client Component Browser]
    ./src/app/page.tsx [Client Component Browser]
    ./src/app/page.tsx [Server Component]

  Client Component SSR:
    ./src/app/insights/InsightsClient.tsx [Client Component SSR]
    ./src/app/page.tsx [Client Component SSR]
    ./src/app/page.tsx [Server Component] @ http://localhost:3000/_next/static/chunks/node_modules_next_dist_0u_w_5s._.js:1945
[  926230ms] [ERROR] ./src/app/insights/InsightsClient.tsx:221:1
Unexpected token. Did you mean `{'}'}` or `&rbrace;`?
  219 |     </div>
  220 |   );
> 221 | }
      | ^
  222 |

Parsing ecmascript source code failed

Import traces:
  Client Component Browser:
    ./src/app/insights/InsightsClient.tsx [Client Component Browser]
    ./src/app/page.tsx [Client Component Browser]
    ./src/app/page.tsx [Server Component]

  Client Component SSR:
    ./src/app/insights/InsightsClient.tsx [Client Component SSR]
    ./src/app/page.tsx [Client Component SSR]
    ./src/app/page.tsx [Server Component] @ http://localhost:3000/_next/static/chunks/node_modules_next_dist_0u_w_5s._.js:1945
[  926287ms] [ERROR] ./src/app/insights/InsightsClient.tsx:221:1
Unexpected token. Did you mean `{'}'}` or `&rbrace;`?
  219 |     </div>
  220 |   );
> 221 | }
      | ^
  222 |

Parsing ecmascript source code failed

Import traces:
  Client Component Browser:
    ./src/app/insights/InsightsClient.tsx [Client Component Browser]
    ./src/app/page.tsx [Client Component Browser]
    ./src/app/page.tsx [Server Component]

  Client Component SSR:
    ./src/app/insights/InsightsClient.tsx [Client Component SSR]
    ./src/app/page.tsx [Client Component SSR]
    ./src/app/page.tsx [Server Component] @ http://localhost:3000/_next/static/chunks/node_modules_next_dist_0u_w_5s._.js:1945
[  926342ms] [ERROR] ./src/app/insights/InsightsClient.tsx:221:1
Unexpected token. Did you mean `{'}'}` or `&rbrace;`?
  219 |     </div>
  220 |   );
> 221 | }
      | ^
  222 |

Parsing ecmascript source code failed

Import traces:
  Client Component Browser:
    ./src/app/insights/InsightsClient.tsx [Client Component Browser]
    ./src/app/page.tsx [Client Component Browser]
    ./src/app/page.tsx [Server Component]

  Client Component SSR:
    ./src/app/insights/InsightsClient.tsx [Client Component SSR]
    ./src/app/page.tsx [Client Component SSR]
    ./src/app/page.tsx [Server Component] @ http://localhost:3000/_next/static/chunks/node_modules_next_dist_0u_w_5s._.js:1945
[  926397ms] [ERROR] ./src/app/insights/InsightsClient.tsx:221:1
Unexpected token. Did you mean `{'}'}` or `&rbrace;`?
  219 |     </div>
  220 |   );
> 221 | }
      | ^
  222 |

Parsing ecmascript source code failed

Import traces:
  Client Component Browser:
    ./src/app/insights/InsightsClient.tsx [Client Component Browser]
    ./src/app/page.tsx [Client Component Browser]
    ./src/app/page.tsx [Server Component]

  Client Component SSR:
    ./src/app/insights/InsightsClient.tsx [Client Component SSR]
    ./src/app/page.tsx [Client Component SSR]
    ./src/app/page.tsx [Server Component] @ http://localhost:3000/_next/static/chunks/node_modules_next_dist_0u_w_5s._.js:1945
[  926452ms] [ERROR] ./src/app/insights/InsightsClient.tsx:221:1
Unexpected token. Did you mean `{'}'}` or `&rbrace;`?
  219 |     </div>
  220 |   );
> 221 | }
      | ^
  222 |

Parsing ecmascript source code failed

Import traces:
  Client Component Browser:
    ./src/app/insights/InsightsClient.tsx [Client Component Browser]
    ./src/app/page.tsx [Client Component Browser]
    ./src/app/page.tsx [Server Component]

  Client Component SSR:
    ./src/app/insights/InsightsClient.tsx [Client Component SSR]
    ./src/app/page.tsx [Client Component SSR]
    ./src/app/page.tsx [Server Component] @ http://localhost:3000/_next/static/chunks/node_modules_next_dist_0u_w_5s._.js:1945
[  926499ms] [ERROR] ./src/app/insights/InsightsClient.tsx:221:1
Unexpected token. Did you mean `{'}'}` or `&rbrace;`?
  219 |     </div>
  220 |   );
> 221 | }
      | ^
  222 |

Parsing ecmascript source code failed

Import traces:
  Client Component Browser:
    ./src/app/insights/InsightsClient.tsx [Client Component Browser]
    ./src/app/page.tsx [Client Component Browser]
    ./src/app/page.tsx [Server Component]

  Client Component SSR:
    ./src/app/insights/InsightsClient.tsx [Client Component SSR]
    ./src/app/page.tsx [Client Component SSR]
    ./src/app/page.tsx [Server Component] @ http://localhost:3000/_next/static/chunks/node_modules_next_dist_0u_w_5s._.js:1945
[  926547ms] [ERROR] ./src/app/insights/InsightsClient.tsx:221:1
Unexpected token. Did you mean `{'}'}` or `&rbrace;`?
  219 |     </div>
  220 |   );
> 221 | }
      | ^
  222 |

Parsing ecmascript source code failed

Import traces:
  Client Component Browser:
    ./src/app/insights/InsightsClient.tsx [Client Component Browser]
    ./src/app/page.tsx [Client Component Browser]
    ./src/app/page.tsx [Server Component]

  Client Component SSR:
    ./src/app/insights/InsightsClient.tsx [Client Component SSR]
    ./src/app/page.tsx [Client Component SSR]
    ./src/app/page.tsx [Server Component] @ http://localhost:3000/_next/static/chunks/node_modules_next_dist_0u_w_5s._.js:1945
[  926594ms] [ERROR] ./src/app/insights/InsightsClient.tsx:221:1
Unexpected token. Did you mean `{'}'}` or `&rbrace;`?
  219 |     </div>
  220 |   );
> 221 | }
      | ^
  222 |

Parsing ecmascript source code failed

Import traces:
  Client Component Browser:
    ./src/app/insights/InsightsClient.tsx [Client Component Browser]
    ./src/app/page.tsx [Client Component Browser]
    ./src/app/page.tsx [Server Component]

  Client Component SSR:
    ./src/app/insights/InsightsClient.tsx [Client Component SSR]
    ./src/app/page.tsx [Client Component SSR]
    ./src/app/page.tsx [Server Component] @ http://localhost:3000/_next/static/chunks/node_modules_next_dist_0u_w_5s._.js:1945
[  926643ms] [ERROR] ./src/app/insights/InsightsClient.tsx:221:1
Unexpected token. Did you mean `{'}'}` or `&rbrace;`?
  219 |     </div>
  220 |   );
> 221 | }
      | ^
  222 |

Parsing ecmascript source code failed

Import traces:
  Client Component Browser:
    ./src/app/insights/InsightsClient.tsx [Client Component Browser]
    ./src/app/page.tsx [Client Component Browser]
    ./src/app/page.tsx [Server Component]

  Client Component SSR:
    ./src/app/insights/InsightsClient.tsx [Client Component SSR]
    ./src/app/page.tsx [Client Component SSR]
    ./src/app/page.tsx [Server Component] @ http://localhost:3000/_next/static/chunks/node_modules_next_dist_0u_w_5s._.js:1945
[  926697ms] [ERROR] ./src/app/insights/InsightsClient.tsx:221:1
Unexpected token. Did you mean `{'}'}` or `&rbrace;`?
  219 |     </div>
  220 |   );
> 221 | }
      | ^
  222 |

Parsing ecmascript source code failed

Import traces:
  Client Component Browser:
    ./src/app/insights/InsightsClient.tsx [Client Component Browser]
    ./src/app/page.tsx [Client Component Browser]
    ./src/app/page.tsx [Server Component]

  Client Component SSR:
    ./src/app/insights/InsightsClient.tsx [Client Component SSR]
    ./src/app/page.tsx [Client Component SSR]
    ./src/app/page.tsx [Server Component] @ http://localhost:3000/_next/static/chunks/node_modules_next_dist_0u_w_5s._.js:1945
[  926751ms] [ERROR] ./src/app/insights/InsightsClient.tsx:221:1
Unexpected token. Did you mean `{'}'}` or `&rbrace;`?
  219 |     </div>
  220 |   );
> 221 | }
      | ^
  222 |

Parsing ecmascript source code failed

Import traces:
  Client Component Browser:
    ./src/app/insights/InsightsClient.tsx [Client Component Browser]
    ./src/app/page.tsx [Client Component Browser]
    ./src/app/page.tsx [Server Component]

  Client Component SSR:
    ./src/app/insights/InsightsClient.tsx [Client Component SSR]
    ./src/app/page.tsx [Client Component SSR]
    ./src/app/page.tsx [Server Component] @ http://localhost:3000/_next/static/chunks/node_modules_next_dist_0u_w_5s._.js:1945
[  926807ms] [ERROR] ./src/app/insights/InsightsClient.tsx:221:1
Unexpected token. Did you mean `{'}'}` or `&rbrace;`?
  219 |     </div>
  220 |   );
> 221 | }
      | ^
  222 |

Parsing ecmascript source code failed

Import traces:
  Client Component Browser:
    ./src/app/insights/InsightsClient.tsx [Client Component Browser]
    ./src/app/page.tsx [Client Component Browser]
    ./src/app/page.tsx [Server Component]

  Client Component SSR:
    ./src/app/insights/InsightsClient.tsx [Client Component SSR]
    ./src/app/page.tsx [Client Component SSR]
    ./src/app/page.tsx [Server Component] @ http://localhost:3000/_next/static/chunks/node_modules_next_dist_0u_w_5s._.js:1945
[  926861ms] [ERROR] ./src/app/insights/InsightsClient.tsx:221:1
Unexpected token. Did you mean `{'}'}` or `&rbrace;`?
  219 |     </div>
  220 |   );
> 221 | }
      | ^
  222 |

Parsing ecmascript source code failed

Import traces:
  Client Component Browser:
    ./src/app/insights/InsightsClient.tsx [Client Component Browser]
    ./src/app/page.tsx [Client Component Browser]
    ./src/app/page.tsx [Server Component]

  Client Component SSR:
    ./src/app/insights/InsightsClient.tsx [Client Component SSR]
    ./src/app/page.tsx [Client Component SSR]
    ./src/app/page.tsx [Server Component] @ http://localhost:3000/_next/static/chunks/node_modules_next_dist_0u_w_5s._.js:1945
[  926916ms] [ERROR] ./src/app/insights/InsightsClient.tsx:221:1
Unexpected token. Did you mean `{'}'}` or `&rbrace;`?
  219 |     </div>
  220 |   );
> 221 | }
      | ^
  222 |

Parsing ecmascript source code failed

Import traces:
  Client Component Browser:
    ./src/app/insights/InsightsClient.tsx [Client Component Browser]
    ./src/app/page.tsx [Client Component Browser]
    ./src/app/page.tsx [Server Component]

  Client Component SSR:
    ./src/app/insights/InsightsClient.tsx [Client Component SSR]
    ./src/app/page.tsx [Client Component SSR]
    ./src/app/page.tsx [Server Component] @ http://localhost:3000/_next/static/chunks/node_modules_next_dist_0u_w_5s._.js:1945
[  926972ms] [ERROR] ./src/app/insights/InsightsClient.tsx:221:1
Unexpected token. Did you mean `{'}'}` or `&rbrace;`?
  219 |     </div>
  220 |   );
> 221 | }
      | ^
  222 |

Parsing ecmascript source code failed

Import traces:
  Client Component Browser:
    ./src/app/insights/InsightsClient.tsx [Client Component Browser]
    ./src/app/page.tsx [Client Component Browser]
    ./src/app/page.tsx [Server Component]

  Client Component SSR:
    ./src/app/insights/InsightsClient.tsx [Client Component SSR]
    ./src/app/page.tsx [Client Component SSR]
    ./src/app/page.tsx [Server Component] @ http://localhost:3000/_next/static/chunks/node_modules_next_dist_0u_w_5s._.js:1945
[  927027ms] [ERROR] ./src/app/insights/InsightsClient.tsx:221:1
Unexpected token. Did you mean `{'}'}` or `&rbrace;`?
  219 |     </div>
  220 |   );
> 221 | }
      | ^
  222 |

Parsing ecmascript source code failed

Import traces:
  Client Component Browser:
    ./src/app/insights/InsightsClient.tsx [Client Component Browser]
    ./src/app/page.tsx [Client Component Browser]
    ./src/app/page.tsx [Server Component]

  Client Component SSR:
    ./src/app/insights/InsightsClient.tsx [Client Component SSR]
    ./src/app/page.tsx [Client Component SSR]
    ./src/app/page.tsx [Server Component] @ http://localhost:3000/_next/static/chunks/node_modules_next_dist_0u_w_5s._.js:1945
[  927081ms] [ERROR] ./src/app/insights/InsightsClient.tsx:221:1
Unexpected token. Did you mean `{'}'}` or `&rbrace;`?
  219 |     </div>
  220 |   );
> 221 | }
      | ^
  222 |

Parsing ecmascript source code failed

Import traces:
  Client Component Browser:
    ./src/app/insights/InsightsClient.tsx [Client Component Browser]
    ./src/app/page.tsx [Client Component Browser]
    ./src/app/page.tsx [Server Component]

  Client Component SSR:
    ./src/app/insights/InsightsClient.tsx [Client Component SSR]
    ./src/app/page.tsx [Client Component SSR]
    ./src/app/page.tsx [Server Component] @ http://localhost:3000/_next/static/chunks/node_modules_next_dist_0u_w_5s._.js:1945
[  927131ms] [ERROR] ./src/app/insights/InsightsClient.tsx:221:1
Unexpected token. Did you mean `{'}'}` or `&rbrace;`?
  219 |     </div>
  220 |   );
> 221 | }
      | ^
  222 |

Parsing ecmascript source code failed

Import traces:
  Client Component Browser:
    ./src/app/insights/InsightsClient.tsx [Client Component Browser]
    ./src/app/page.tsx [Client Component Browser]
    ./src/app/page.tsx [Server Component]

  Client Component SSR:
    ./src/app/insights/InsightsClient.tsx [Client Component SSR]
    ./src/app/page.tsx [Client Component SSR]
    ./src/app/page.tsx [Server Component] @ http://localhost:3000/_next/static/chunks/node_modules_next_dist_0u_w_5s._.js:1945
[  927179ms] [ERROR] ./src/app/insights/InsightsClient.tsx:221:1
Unexpected token. Did you mean `{'}'}` or `&rbrace;`?
  219 |     </div>
  220 |   );
> 221 | }
      | ^
  222 |

Parsing ecmascript source code failed

Import traces:
  Client Component Browser:
    ./src/app/insights/InsightsClient.tsx [Client Component Browser]
    ./src/app/page.tsx [Client Component Browser]
    ./src/app/page.tsx [Server Component]

  Client Component SSR:
    ./src/app/insights/InsightsClient.tsx [Client Component SSR]
    ./src/app/page.tsx [Client Component SSR]
    ./src/app/page.tsx [Server Component] @ http://localhost:3000/_next/static/chunks/node_modules_next_dist_0u_w_5s._.js:1945
[  927227ms] [ERROR] ./src/app/insights/InsightsClient.tsx:221:1
Unexpected token. Did you mean `{'}'}` or `&rbrace;`?
  219 |     </div>
  220 |   );
> 221 | }
      | ^
  222 |

Parsing ecmascript source code failed

Import traces:
  Client Component Browser:
    ./src/app/insights/InsightsClient.tsx [Client Component Browser]
    ./src/app/page.tsx [Client Component Browser]
    ./src/app/page.tsx [Server Component]

  Client Component SSR:
    ./src/app/insights/InsightsClient.tsx [Client Component SSR]
    ./src/app/page.tsx [Client Component SSR]
    ./src/app/page.tsx [Server Component] @ http://localhost:3000/_next/static/chunks/node_modules_next_dist_0u_w_5s._.js:1945
[  927278ms] [ERROR] ./src/app/insights/InsightsClient.tsx:221:1
Unexpected token. Did you mean `{'}'}` or `&rbrace;`?
  219 |     </div>
  220 |   );
> 221 | }
      | ^
  222 |

Parsing ecmascript source code failed

Import traces:
  Client Component Browser:
    ./src/app/insights/InsightsClient.tsx [Client Component Browser]
    ./src/app/page.tsx [Client Component Browser]
    ./src/app/page.tsx [Server Component]

  Client Component SSR:
    ./src/app/insights/InsightsClient.tsx [Client Component SSR]
    ./src/app/page.tsx [Client Component SSR]
    ./src/app/page.tsx [Server Component] @ http://localhost:3000/_next/static/chunks/node_modules_next_dist_0u_w_5s._.js:1945
[  927330ms] [ERROR] ./src/app/insights/InsightsClient.tsx:221:1
Unexpected token. Did you mean `{'}'}` or `&rbrace;`?
  219 |     </div>
  220 |   );
> 221 | }
      | ^
  222 |

Parsing ecmascript source code failed

Import traces:
  Client Component Browser:
    ./src/app/insights/InsightsClient.tsx [Client Component Browser]
    ./src/app/page.tsx [Client Component Browser]
    ./src/app/page.tsx [Server Component]

  Client Component SSR:
    ./src/app/insights/InsightsClient.tsx [Client Component SSR]
    ./src/app/page.tsx [Client Component SSR]
    ./src/app/page.tsx [Server Component] @ http://localhost:3000/_next/static/chunks/node_modules_next_dist_0u_w_5s._.js:1945
[  927384ms] [ERROR] ./src/app/insights/InsightsClient.tsx:221:1
Unexpected token. Did you mean `{'}'}` or `&rbrace;`?
  219 |     </div>
  220 |   );
> 221 | }
      | ^
  222 |

Parsing ecmascript source code failed

Import traces:
  Client Component Browser:
    ./src/app/insights/InsightsClient.tsx [Client Component Browser]
    ./src/app/page.tsx [Client Component Browser]
    ./src/app/page.tsx [Server Component]

  Client Component SSR:
    ./src/app/insights/InsightsClient.tsx [Client Component SSR]
    ./src/app/page.tsx [Client Component SSR]
    ./src/app/page.tsx [Server Component] @ http://localhost:3000/_next/static/chunks/node_modules_next_dist_0u_w_5s._.js:1945
[  927437ms] [ERROR] ./src/app/insights/InsightsClient.tsx:221:1
Unexpected token. Did you mean `{'}'}` or `&rbrace;`?
  219 |     </div>
  220 |   );
> 221 | }
      | ^
  222 |

Parsing ecmascript source code failed

Import traces:
  Client Component Browser:
    ./src/app/insights/InsightsClient.tsx [Client Component Browser]
    ./src/app/page.tsx [Client Component Browser]
    ./src/app/page.tsx [Server Component]

  Client Component SSR:
    ./src/app/insights/InsightsClient.tsx [Client Component SSR]
    ./src/app/page.tsx [Client Component SSR]
    ./src/app/page.tsx [Server Component] @ http://localhost:3000/_next/static/chunks/node_modules_next_dist_0u_w_5s._.js:1945
[  927489ms] [ERROR] ./src/app/insights/InsightsClient.tsx:221:1
Unexpected token. Did you mean `{'}'}` or `&rbrace;`?
  219 |     </div>
  220 |   );
> 221 | }
      | ^
  222 |

Parsing ecmascript source code failed

Import traces:
  Client Component Browser:
    ./src/app/insights/InsightsClient.tsx [Client Component Browser]
    ./src/app/page.tsx [Client Component Browser]
    ./src/app/page.tsx [Server Component]

  Client Component SSR:
    ./src/app/insights/InsightsClient.tsx [Client Component SSR]
    ./src/app/page.tsx [Client Component SSR]
    ./src/app/page.tsx [Server Component] @ http://localhost:3000/_next/static/chunks/node_modules_next_dist_0u_w_5s._.js:1945
[  927537ms] [ERROR] ./src/app/insights/InsightsClient.tsx:221:1
Unexpected token. Did you mean `{'}'}` or `&rbrace;`?
  219 |     </div>
  220 |   );
> 221 | }
      | ^
  222 |

Parsing ecmascript source code failed

Import traces:
  Client Component Browser:
    ./src/app/insights/InsightsClient.tsx [Client Component Browser]
    ./src/app/page.tsx [Client Component Browser]
    ./src/app/page.tsx [Server Component]

  Client Component SSR:
    ./src/app/insights/InsightsClient.tsx [Client Component SSR]
    ./src/app/page.tsx [Client Component SSR]
    ./src/app/page.tsx [Server Component] @ http://localhost:3000/_next/static/chunks/node_modules_next_dist_0u_w_5s._.js:1945
[  927585ms] [ERROR] ./src/app/insights/InsightsClient.tsx:221:1
Unexpected token. Did you mean `{'}'}` or `&rbrace;`?
  219 |     </div>
  220 |   );
> 221 | }
      | ^
  222 |

Parsing ecmascript source code failed

Import traces:
  Client Component Browser:
    ./src/app/insights/InsightsClient.tsx [Client Component Browser]
    ./src/app/page.tsx [Client Component Browser]
    ./src/app/page.tsx [Server Component]

  Client Component SSR:
    ./src/app/insights/InsightsClient.tsx [Client Component SSR]
    ./src/app/page.tsx [Client Component SSR]
    ./src/app/page.tsx [Server Component] @ http://localhost:3000/_next/static/chunks/node_modules_next_dist_0u_w_5s._.js:1945
[  927633ms] [ERROR] ./src/app/insights/InsightsClient.tsx:221:1
Unexpected token. Did you mean `{'}'}` or `&rbrace;`?
  219 |     </div>
  220 |   );
> 221 | }
      | ^
  222 |

Parsing ecmascript source code failed

Import traces:
  Client Component Browser:
    ./src/app/insights/InsightsClient.tsx [Client Component Browser]
    ./src/app/page.tsx [Client Component Browser]
    ./src/app/page.tsx [Server Component]

  Client Component SSR:
    ./src/app/insights/InsightsClient.tsx [Client Component SSR]
    ./src/app/page.tsx [Client Component SSR]
    ./src/app/page.tsx [Server Component] @ http://localhost:3000/_next/static/chunks/node_modules_next_dist_0u_w_5s._.js:1945
[  927682ms] [ERROR] ./src/app/insights/InsightsClient.tsx:221:1
Unexpected token. Did you mean `{'}'}` or `&rbrace;`?
  219 |     </div>
  220 |   );
> 221 | }
      | ^
  222 |

Parsing ecmascript source code failed

Import traces:
  Client Component Browser:
    ./src/app/insights/InsightsClient.tsx [Client Component Browser]
    ./src/app/page.tsx [Client Component Browser]
    ./src/app/page.tsx [Server Component]

  Client Component SSR:
    ./src/app/insights/InsightsClient.tsx [Client Component SSR]
    ./src/app/page.tsx [Client Component SSR]
    ./src/app/page.tsx [Server Component] @ http://localhost:3000/_next/static/chunks/node_modules_next_dist_0u_w_5s._.js:1945
[  927732ms] [ERROR] ./src/app/insights/InsightsClient.tsx:221:1
Unexpected token. Did you mean `{'}'}` or `&rbrace;`?
  219 |     </div>
  220 |   );
> 221 | }
      | ^
  222 |

Parsing ecmascript source code failed

Import traces:
  Client Component Browser:
    ./src/app/insights/InsightsClient.tsx [Client Component Browser]
    ./src/app/page.tsx [Client Component Browser]
    ./src/app/page.tsx [Server Component]

  Client Component SSR:
    ./src/app/insights/InsightsClient.tsx [Client Component SSR]
    ./src/app/page.tsx [Client Component SSR]
    ./src/app/page.tsx [Server Component] @ http://localhost:3000/_next/static/chunks/node_modules_next_dist_0u_w_5s._.js:1945
[  927783ms] [ERROR] ./src/app/insights/InsightsClient.tsx:221:1
Unexpected token. Did you mean `{'}'}` or `&rbrace;`?
  219 |     </div>
  220 |   );
> 221 | }
      | ^
  222 |

Parsing ecmascript source code failed

Import traces:
  Client Component Browser:
    ./src/app/insights/InsightsClient.tsx [Client Component Browser]
    ./src/app/page.tsx [Client Component Browser]
    ./src/app/page.tsx [Server Component]

  Client Component SSR:
    ./src/app/insights/InsightsClient.tsx [Client Component SSR]
    ./src/app/page.tsx [Client Component SSR]
    ./src/app/page.tsx [Server Component] @ http://localhost:3000/_next/static/chunks/node_modules_next_dist_0u_w_5s._.js:1945
[  927838ms] [ERROR] ./src/app/insights/InsightsClient.tsx:221:1
Unexpected token. Did you mean `{'}'}` or `&rbrace;`?
  219 |     </div>
  220 |   );
> 221 | }
      | ^
  222 |

Parsing ecmascript source code failed

Import traces:
  Client Component Browser:
    ./src/app/insights/InsightsClient.tsx [Client Component Browser]
    ./src/app/page.tsx [Client Component Browser]
    ./src/app/page.tsx [Server Component]

  Client Component SSR:
    ./src/app/insights/InsightsClient.tsx [Client Component SSR]
    ./src/app/page.tsx [Client Component SSR]
    ./src/app/page.tsx [Server Component] @ http://localhost:3000/_next/static/chunks/node_modules_next_dist_0u_w_5s._.js:1945
[  927894ms] [ERROR] ./src/app/insights/InsightsClient.tsx:221:1
Unexpected token. Did you mean `{'}'}` or `&rbrace;`?
  219 |     </div>
  220 |   );
> 221 | }
      | ^
  222 |

Parsing ecmascript source code failed

Import traces:
  Client Component Browser:
    ./src/app/insights/InsightsClient.tsx [Client Component Browser]
    ./src/app/page.tsx [Client Component Browser]
    ./src/app/page.tsx [Server Component]

  Client Component SSR:
    ./src/app/insights/InsightsClient.tsx [Client Component SSR]
    ./src/app/page.tsx [Client Component SSR]
    ./src/app/page.tsx [Server Component] @ http://localhost:3000/_next/static/chunks/node_modules_next_dist_0u_w_5s._.js:1945
[  927948ms] [ERROR] ./src/app/insights/InsightsClient.tsx:221:1
Unexpected token. Did you mean `{'}'}` or `&rbrace;`?
  219 |     </div>
  220 |   );
> 221 | }
      | ^
  222 |

Parsing ecmascript source code failed

Import traces:
  Client Component Browser:
    ./src/app/insights/InsightsClient.tsx [Client Component Browser]
    ./src/app/page.tsx [Client Component Browser]
    ./src/app/page.tsx [Server Component]

  Client Component SSR:
    ./src/app/insights/InsightsClient.tsx [Client Component SSR]
    ./src/app/page.tsx [Client Component SSR]
    ./src/app/page.tsx [Server Component] @ http://localhost:3000/_next/static/chunks/node_modules_next_dist_0u_w_5s._.js:1945
[  928004ms] [ERROR] ./src/app/insights/InsightsClient.tsx:221:1
Unexpected token. Did you mean `{'}'}` or `&rbrace;`?
  219 |     </div>
  220 |   );
> 221 | }
      | ^
  222 |

Parsing ecmascript source code failed

Import traces:
  Client Component Browser:
    ./src/app/insights/InsightsClient.tsx [Client Component Browser]
    ./src/app/page.tsx [Client Component Browser]
    ./src/app/page.tsx [Server Component]

  Client Component SSR:
    ./src/app/insights/InsightsClient.tsx [Client Component SSR]
    ./src/app/page.tsx [Client Component SSR]
    ./src/app/page.tsx [Server Component] @ http://localhost:3000/_next/static/chunks/node_modules_next_dist_0u_w_5s._.js:1945
[  928056ms] [ERROR] ./src/app/insights/InsightsClient.tsx:221:1
Unexpected token. Did you mean `{'}'}` or `&rbrace;`?
  219 |     </div>
  220 |   );
> 221 | }
      | ^
  222 |

Parsing ecmascript source code failed

Import traces:
  Client Component Browser:
    ./src/app/insights/InsightsClient.tsx [Client Component Browser]
    ./src/app/page.tsx [Client Component Browser]
    ./src/app/page.tsx [Server Component]

  Client Component SSR:
    ./src/app/insights/InsightsClient.tsx [Client Component SSR]
    ./src/app/page.tsx [Client Component SSR]
    ./src/app/page.tsx [Server Component] @ http://localhost:3000/_next/static/chunks/node_modules_next_dist_0u_w_5s._.js:1945
[  928112ms] [ERROR] ./src/app/insights/InsightsClient.tsx:221:1
Unexpected token. Did you mean `{'}'}` or `&rbrace;`?
  219 |     </div>
  220 |   );
> 221 | }
      | ^
  222 |

Parsing ecmascript source code failed

Import traces:
  Client Component Browser:
    ./src/app/insights/InsightsClient.tsx [Client Component Browser]
    ./src/app/page.tsx [Client Component Browser]
    ./src/app/page.tsx [Server Component]

  Client Component SSR:
    ./src/app/insights/InsightsClient.tsx [Client Component SSR]
    ./src/app/page.tsx [Client Component SSR]
    ./src/app/page.tsx [Server Component] @ http://localhost:3000/_next/static/chunks/node_modules_next_dist_0u_w_5s._.js:1945
[  928169ms] [ERROR] ./src/app/insights/InsightsClient.tsx:221:1
Unexpected token. Did you mean `{'}'}` or `&rbrace;`?
  219 |     </div>
  220 |   );
> 221 | }
      | ^
  222 |

Parsing ecmascript source code failed

Import traces:
  Client Component Browser:
    ./src/app/insights/InsightsClient.tsx [Client Component Browser]
    ./src/app/page.tsx [Client Component Browser]
    ./src/app/page.tsx [Server Component]

  Client Component SSR:
    ./src/app/insights/InsightsClient.tsx [Client Component SSR]
    ./src/app/page.tsx [Client Component SSR]
    ./src/app/page.tsx [Server Component] @ http://localhost:3000/_next/static/chunks/node_modules_next_dist_0u_w_5s._.js:1945
[  928230ms] [ERROR] ./src/app/insights/InsightsClient.tsx:221:1
Unexpected token. Did you mean `{'}'}` or `&rbrace;`?
  219 |     </div>
  220 |   );
> 221 | }
      | ^
  222 |

Parsing ecmascript source code failed

Import traces:
  Client Component Browser:
    ./src/app/insights/InsightsClient.tsx [Client Component Browser]
    ./src/app/page.tsx [Client Component Browser]
    ./src/app/page.tsx [Server Component]

  Client Component SSR:
    ./src/app/insights/InsightsClient.tsx [Client Component SSR]
    ./src/app/page.tsx [Client Component SSR]
    ./src/app/page.tsx [Server Component] @ http://localhost:3000/_next/static/chunks/node_modules_next_dist_0u_w_5s._.js:1945
[  928285ms] [ERROR] ./src/app/insights/InsightsClient.tsx:221:1
Unexpected token. Did you mean `{'}'}` or `&rbrace;`?
  219 |     </div>
  220 |   );
> 221 | }
      | ^
  222 |

Parsing ecmascript source code failed

Import traces:
  Client Component Browser:
    ./src/app/insights/InsightsClient.tsx [Client Component Browser]
    ./src/app/page.tsx [Client Component Browser]
    ./src/app/page.tsx [Server Component]

  Client Component SSR:
    ./src/app/insights/InsightsClient.tsx [Client Component SSR]
    ./src/app/page.tsx [Client Component SSR]
    ./src/app/page.tsx [Server Component] @ http://localhost:3000/_next/static/chunks/node_modules_next_dist_0u_w_5s._.js:1945
[  928341ms] [ERROR] ./src/app/insights/InsightsClient.tsx:221:1
Unexpected token. Did you mean `{'}'}` or `&rbrace;`?
  219 |     </div>
  220 |   );
> 221 | }
      | ^
  222 |

Parsing ecmascript source code failed

Import traces:
  Client Component Browser:
    ./src/app/insights/InsightsClient.tsx [Client Component Browser]
    ./src/app/page.tsx [Client Component Browser]
    ./src/app/page.tsx [Server Component]

  Client Component SSR:
    ./src/app/insights/InsightsClient.tsx [Client Component SSR]
    ./src/app/page.tsx [Client Component SSR]
    ./src/app/page.tsx [Server Component] @ http://localhost:3000/_next/static/chunks/node_modules_next_dist_0u_w_5s._.js:1945
[  928392ms] [ERROR] ./src/app/insights/InsightsClient.tsx:221:1
Unexpected token. Did you mean `{'}'}` or `&rbrace;`?
  219 |     </div>
  220 |   );
> 221 | }
      | ^
  222 |

Parsing ecmascript source code failed

Import traces:
  Client Component Browser:
    ./src/app/insights/InsightsClient.tsx [Client Component Browser]
    ./src/app/page.tsx [Client Component Browser]
    ./src/app/page.tsx [Server Component]

  Client Component SSR:
    ./src/app/insights/InsightsClient.tsx [Client Component SSR]
    ./src/app/page.tsx [Client Component SSR]
    ./src/app/page.tsx [Server Component] @ http://localhost:3000/_next/static/chunks/node_modules_next_dist_0u_w_5s._.js:1945
[  928446ms] [ERROR] ./src/app/insights/InsightsClient.tsx:221:1
Unexpected token. Did you mean `{'}'}` or `&rbrace;`?
  219 |     </div>
  220 |   );
> 221 | }
      | ^
  222 |

Parsing ecmascript source code failed

Import traces:
  Client Component Browser:
    ./src/app/insights/InsightsClient.tsx [Client Component Browser]
    ./src/app/page.tsx [Client Component Browser]
    ./src/app/page.tsx [Server Component]

  Client Component SSR:
    ./src/app/insights/InsightsClient.tsx [Client Component SSR]
    ./src/app/page.tsx [Client Component SSR]
    ./src/app/page.tsx [Server Component] @ http://localhost:3000/_next/static/chunks/node_modules_next_dist_0u_w_5s._.js:1945
[  928501ms] [ERROR] ./src/app/insights/InsightsClient.tsx:221:1
Unexpected token. Did you mean `{'}'}` or `&rbrace;`?
  219 |     </div>
  220 |   );
> 221 | }
      | ^
  222 |

Parsing ecmascript source code failed

Import traces:
  Client Component Browser:
    ./src/app/insights/InsightsClient.tsx [Client Component Browser]
    ./src/app/page.tsx [Client Component Browser]
    ./src/app/page.tsx [Server Component]

  Client Component SSR:
    ./src/app/insights/InsightsClient.tsx [Client Component SSR]
    ./src/app/page.tsx [Client Component SSR]
    ./src/app/page.tsx [Server Component] @ http://localhost:3000/_next/static/chunks/node_modules_next_dist_0u_w_5s._.js:1945
[  928554ms] [ERROR] ./src/app/insights/InsightsClient.tsx:221:1
Unexpected token. Did you mean `{'}'}` or `&rbrace;`?
  219 |     </div>
  220 |   );
> 221 | }
      | ^
  222 |

Parsing ecmascript source code failed

Import traces:
  Client Component Browser:
    ./src/app/insights/InsightsClient.tsx [Client Component Browser]
    ./src/app/page.tsx [Client Component Browser]
    ./src/app/page.tsx [Server Component]

  Client Component SSR:
    ./src/app/insights/InsightsClient.tsx [Client Component SSR]
    ./src/app/page.tsx [Client Component SSR]
    ./src/app/page.tsx [Server Component] @ http://localhost:3000/_next/static/chunks/node_modules_next_dist_0u_w_5s._.js:1945
[  928608ms] [ERROR] ./src/app/insights/InsightsClient.tsx:221:1
Unexpected token. Did you mean `{'}'}` or `&rbrace;`?
  219 |     </div>
  220 |   );
> 221 | }
      | ^
  222 |

Parsing ecmascript source code failed

Import traces:
  Client Component Browser:
    ./src/app/insights/InsightsClient.tsx [Client Component Browser]
    ./src/app/page.tsx [Client Component Browser]
    ./src/app/page.tsx [Server Component]

  Client Component SSR:
    ./src/app/insights/InsightsClient.tsx [Client Component SSR]
    ./src/app/page.tsx [Client Component SSR]
    ./src/app/page.tsx [Server Component] @ http://localhost:3000/_next/static/chunks/node_modules_next_dist_0u_w_5s._.js:1945
[  928660ms] [ERROR] ./src/app/insights/InsightsClient.tsx:221:1
Unexpected token. Did you mean `{'}'}` or `&rbrace;`?
  219 |     </div>
  220 |   );
> 221 | }
      | ^
  222 |

Parsing ecmascript source code failed

Import traces:
  Client Component Browser:
    ./src/app/insights/InsightsClient.tsx [Client Component Browser]
    ./src/app/page.tsx [Client Component Browser]
    ./src/app/page.tsx [Server Component]

  Client Component SSR:
    ./src/app/insights/InsightsClient.tsx [Client Component SSR]
    ./src/app/page.tsx [Client Component SSR]
    ./src/app/page.tsx [Server Component] @ http://localhost:3000/_next/static/chunks/node_modules_next_dist_0u_w_5s._.js:1945
[  928714ms] [ERROR] ./src/app/insights/InsightsClient.tsx:221:1
Unexpected token. Did you mean `{'}'}` or `&rbrace;`?
  219 |     </div>
  220 |   );
> 221 | }
      | ^
  222 |

Parsing ecmascript source code failed

Import traces:
  Client Component Browser:
    ./src/app/insights/InsightsClient.tsx [Client Component Browser]
    ./src/app/page.tsx [Client Component Browser]
    ./src/app/page.tsx [Server Component]

  Client Component SSR:
    ./src/app/insights/InsightsClient.tsx [Client Component SSR]
    ./src/app/page.tsx [Client Component SSR]
    ./src/app/page.tsx [Server Component] @ http://localhost:3000/_next/static/chunks/node_modules_next_dist_0u_w_5s._.js:1945
[  928769ms] [ERROR] ./src/app/insights/InsightsClient.tsx:221:1
Unexpected token. Did you mean `{'}'}` or `&rbrace;`?
  219 |     </div>
  220 |   );
> 221 | }
      | ^
  222 |

Parsing ecmascript source code failed

Import traces:
  Client Component Browser:
    ./src/app/insights/InsightsClient.tsx [Client Component Browser]
    ./src/app/page.tsx [Client Component Browser]
    ./src/app/page.tsx [Server Component]

  Client Component SSR:
    ./src/app/insights/InsightsClient.tsx [Client Component SSR]
    ./src/app/page.tsx [Client Component SSR]
    ./src/app/page.tsx [Server Component] @ http://localhost:3000/_next/static/chunks/node_modules_next_dist_0u_w_5s._.js:1945
[  928823ms] [ERROR] ./src/app/insights/InsightsClient.tsx:221:1
Unexpected token. Did you mean `{'}'}` or `&rbrace;`?
  219 |     </div>
  220 |   );
> 221 | }
      | ^
  222 |

Parsing ecmascript source code failed

Import traces:
  Client Component Browser:
    ./src/app/insights/InsightsClient.tsx [Client Component Browser]
    ./src/app/page.tsx [Client Component Browser]
    ./src/app/page.tsx [Server Component]

  Client Component SSR:
    ./src/app/insights/InsightsClient.tsx [Client Component SSR]
    ./src/app/page.tsx [Client Component SSR]
    ./src/app/page.tsx [Server Component] @ http://localhost:3000/_next/static/chunks/node_modules_next_dist_0u_w_5s._.js:1945
[  928875ms] [ERROR] ./src/app/insights/InsightsClient.tsx:221:1
Unexpected token. Did you mean `{'}'}` or `&rbrace;`?
  219 |     </div>
  220 |   );
> 221 | }
      | ^
  222 |

Parsing ecmascript source code failed

Import traces:
  Client Component Browser:
    ./src/app/insights/InsightsClient.tsx [Client Component Browser]
    ./src/app/page.tsx [Client Component Browser]
    ./src/app/page.tsx [Server Component]

  Client Component SSR:
    ./src/app/insights/InsightsClient.tsx [Client Component SSR]
    ./src/app/page.tsx [Client Component SSR]
    ./src/app/page.tsx [Server Component] @ http://localhost:3000/_next/static/chunks/node_modules_next_dist_0u_w_5s._.js:1945
[  928930ms] [ERROR] ./src/app/insights/InsightsClient.tsx:221:1
Unexpected token. Did you mean `{'}'}` or `&rbrace;`?
  219 |     </div>
  220 |   );
> 221 | }
      | ^
  222 |

Parsing ecmascript source code failed

Import traces:
  Client Component Browser:
    ./src/app/insights/InsightsClient.tsx [Client Component Browser]
    ./src/app/page.tsx [Client Component Browser]
    ./src/app/page.tsx [Server Component]

  Client Component SSR:
    ./src/app/insights/InsightsClient.tsx [Client Component SSR]
    ./src/app/page.tsx [Client Component SSR]
    ./src/app/page.tsx [Server Component] @ http://localhost:3000/_next/static/chunks/node_modules_next_dist_0u_w_5s._.js:1945
[  928987ms] [ERROR] ./src/app/insights/InsightsClient.tsx:221:1
Unexpected token. Did you mean `{'}'}` or `&rbrace;`?
  219 |     </div>
  220 |   );
> 221 | }
      | ^
  222 |

Parsing ecmascript source code failed

Import traces:
  Client Component Browser:
    ./src/app/insights/InsightsClient.tsx [Client Component Browser]
    ./src/app/page.tsx [Client Component Browser]
    ./src/app/page.tsx [Server Component]

  Client Component SSR:
    ./src/app/insights/InsightsClient.tsx [Client Component SSR]
    ./src/app/page.tsx [Client Component SSR]
    ./src/app/page.tsx [Server Component] @ http://localhost:3000/_next/static/chunks/node_modules_next_dist_0u_w_5s._.js:1945
[  929041ms] [ERROR] ./src/app/insights/InsightsClient.tsx:221:1
Unexpected token. Did you mean `{'}'}` or `&rbrace;`?
  219 |     </div>
  220 |   );
> 221 | }
      | ^
  222 |

Parsing ecmascript source code failed

Import traces:
  Client Component Browser:
    ./src/app/insights/InsightsClient.tsx [Client Component Browser]
    ./src/app/page.tsx [Client Component Browser]
    ./src/app/page.tsx [Server Component]

  Client Component SSR:
    ./src/app/insights/InsightsClient.tsx [Client Component SSR]
    ./src/app/page.tsx [Client Component SSR]
    ./src/app/page.tsx [Server Component] @ http://localhost:3000/_next/static/chunks/node_modules_next_dist_0u_w_5s._.js:1945
[  929097ms] [ERROR] ./src/app/insights/InsightsClient.tsx:221:1
Unexpected token. Did you mean `{'}'}` or `&rbrace;`?
  219 |     </div>
  220 |   );
> 221 | }
      | ^
  222 |

Parsing ecmascript source code failed

Import traces:
  Client Component Browser:
    ./src/app/insights/InsightsClient.tsx [Client Component Browser]
    ./src/app/page.tsx [Client Component Browser]
    ./src/app/page.tsx [Server Component]

  Client Component SSR:
    ./src/app/insights/InsightsClient.tsx [Client Component SSR]
    ./src/app/page.tsx [Client Component SSR]
    ./src/app/page.tsx [Server Component] @ http://localhost:3000/_next/static/chunks/node_modules_next_dist_0u_w_5s._.js:1945
[  929152ms] [ERROR] ./src/app/insights/InsightsClient.tsx:221:1
Unexpected token. Did you mean `{'}'}` or `&rbrace;`?
  219 |     </div>
  220 |   );
> 221 | }
      | ^
  222 |

Parsing ecmascript source code failed

Import traces:
  Client Component Browser:
    ./src/app/insights/InsightsClient.tsx [Client Component Browser]
    ./src/app/page.tsx [Client Component Browser]
    ./src/app/page.tsx [Server Component]

  Client Component SSR:
    ./src/app/insights/InsightsClient.tsx [Client Component SSR]
    ./src/app/page.tsx [Client Component SSR]
    ./src/app/page.tsx [Server Component] @ http://localhost:3000/_next/static/chunks/node_modules_next_dist_0u_w_5s._.js:1945
[  929205ms] [ERROR] ./src/app/insights/InsightsClient.tsx:221:1
Unexpected token. Did you mean `{'}'}` or `&rbrace;`?
  219 |     </div>
  220 |   );
> 221 | }
      | ^
  222 |

Parsing ecmascript source code failed

Import traces:
  Client Component Browser:
    ./src/app/insights/InsightsClient.tsx [Client Component Browser]
    ./src/app/page.tsx [Client Component Browser]
    ./src/app/page.tsx [Server Component]

  Client Component SSR:
    ./src/app/insights/InsightsClient.tsx [Client Component SSR]
    ./src/app/page.tsx [Client Component SSR]
    ./src/app/page.tsx [Server Component] @ http://localhost:3000/_next/static/chunks/node_modules_next_dist_0u_w_5s._.js:1945
[  929260ms] [ERROR] ./src/app/insights/InsightsClient.tsx:221:1
Unexpected token. Did you mean `{'}'}` or `&rbrace;`?
  219 |     </div>
  220 |   );
> 221 | }
      | ^
  222 |

Parsing ecmascript source code failed

Import traces:
  Client Component Browser:
    ./src/app/insights/InsightsClient.tsx [Client Component Browser]
    ./src/app/page.tsx [Client Component Browser]
    ./src/app/page.tsx [Server Component]

  Client Component SSR:
    ./src/app/insights/InsightsClient.tsx [Client Component SSR]
    ./src/app/page.tsx [Client Component SSR]
    ./src/app/page.tsx [Server Component] @ http://localhost:3000/_next/static/chunks/node_modules_next_dist_0u_w_5s._.js:1945
[  929316ms] [ERROR] ./src/app/insights/InsightsClient.tsx:221:1
Unexpected token. Did you mean `{'}'}` or `&rbrace;`?
  219 |     </div>
  220 |   );
> 221 | }
      | ^
  222 |

Parsing ecmascript source code failed

Import traces:
  Client Component Browser:
    ./src/app/insights/InsightsClient.tsx [Client Component Browser]
    ./src/app/page.tsx [Client Component Browser]
    ./src/app/page.tsx [Server Component]

  Client Component SSR:
    ./src/app/insights/InsightsClient.tsx [Client Component SSR]
    ./src/app/page.tsx [Client Component SSR]
    ./src/app/page.tsx [Server Component] @ http://localhost:3000/_next/static/chunks/node_modules_next_dist_0u_w_5s._.js:1945
[  929369ms] [ERROR] ./src/app/insights/InsightsClient.tsx:221:1
Unexpected token. Did you mean `{'}'}` or `&rbrace;`?
  219 |     </div>
  220 |   );
> 221 | }
      | ^
  222 |

Parsing ecmascript source code failed

Import traces:
  Client Component Browser:
    ./src/app/insights/InsightsClient.tsx [Client Component Browser]
    ./src/app/page.tsx [Client Component Browser]
    ./src/app/page.tsx [Server Component]

  Client Component SSR:
    ./src/app/insights/InsightsClient.tsx [Client Component SSR]
    ./src/app/page.tsx [Client Component SSR]
    ./src/app/page.tsx [Server Component] @ http://localhost:3000/_next/static/chunks/node_modules_next_dist_0u_w_5s._.js:1945
[  929423ms] [ERROR] ./src/app/insights/InsightsClient.tsx:221:1
Unexpected token. Did you mean `{'}'}` or `&rbrace;`?
  219 |     </div>
  220 |   );
> 221 | }
      | ^
  222 |

Parsing ecmascript source code failed

Import traces:
  Client Component Browser:
    ./src/app/insights/InsightsClient.tsx [Client Component Browser]
    ./src/app/page.tsx [Client Component Browser]
    ./src/app/page.tsx [Server Component]

  Client Component SSR:
    ./src/app/insights/InsightsClient.tsx [Client Component SSR]
    ./src/app/page.tsx [Client Component SSR]
    ./src/app/page.tsx [Server Component] @ http://localhost:3000/_next/static/chunks/node_modules_next_dist_0u_w_5s._.js:1945
[  929479ms] [ERROR] ./src/app/insights/InsightsClient.tsx:221:1
Unexpected token. Did you mean `{'}'}` or `&rbrace;`?
  219 |     </div>
  220 |   );
> 221 | }
      | ^
  222 |

Parsing ecmascript source code failed

Import traces:
  Client Component Browser:
    ./src/app/insights/InsightsClient.tsx [Client Component Browser]
    ./src/app/page.tsx [Client Component Browser]
    ./src/app/page.tsx [Server Component]

  Client Component SSR:
    ./src/app/insights/InsightsClient.tsx [Client Component SSR]
    ./src/app/page.tsx [Client Component SSR]
    ./src/app/page.tsx [Server Component] @ http://localhost:3000/_next/static/chunks/node_modules_next_dist_0u_w_5s._.js:1945
[  929534ms] [ERROR] ./src/app/insights/InsightsClient.tsx:221:1
Unexpected token. Did you mean `{'}'}` or `&rbrace;`?
  219 |     </div>
  220 |   );
> 221 | }
      | ^
  222 |

Parsing ecmascript source code failed

Import traces:
  Client Component Browser:
    ./src/app/insights/InsightsClient.tsx [Client Component Browser]
    ./src/app/page.tsx [Client Component Browser]
    ./src/app/page.tsx [Server Component]

  Client Component SSR:
    ./src/app/insights/InsightsClient.tsx [Client Component SSR]
    ./src/app/page.tsx [Client Component SSR]
    ./src/app/page.tsx [Server Component] @ http://localhost:3000/_next/static/chunks/node_modules_next_dist_0u_w_5s._.js:1945
[  929589ms] [ERROR] ./src/app/insights/InsightsClient.tsx:221:1
Unexpected token. Did you mean `{'}'}` or `&rbrace;`?
  219 |     </div>
  220 |   );
> 221 | }
      | ^
  222 |

Parsing ecmascript source code failed

Import traces:
  Client Component Browser:
    ./src/app/insights/InsightsClient.tsx [Client Component Browser]
    ./src/app/page.tsx [Client Component Browser]
    ./src/app/page.tsx [Server Component]

  Client Component SSR:
    ./src/app/insights/InsightsClient.tsx [Client Component SSR]
    ./src/app/page.tsx [Client Component SSR]
    ./src/app/page.tsx [Server Component] @ http://localhost:3000/_next/static/chunks/node_modules_next_dist_0u_w_5s._.js:1945
[  929642ms] [ERROR] ./src/app/insights/InsightsClient.tsx:221:1
Unexpected token. Did you mean `{'}'}` or `&rbrace;`?
  219 |     </div>
  220 |   );
> 221 | }
      | ^
  222 |

Parsing ecmascript source code failed

Import traces:
  Client Component Browser:
    ./src/app/insights/InsightsClient.tsx [Client Component Browser]
    ./src/app/page.tsx [Client Component Browser]
    ./src/app/page.tsx [Server Component]

  Client Component SSR:
    ./src/app/insights/InsightsClient.tsx [Client Component SSR]
    ./src/app/page.tsx [Client Component SSR]
    ./src/app/page.tsx [Server Component] @ http://localhost:3000/_next/static/chunks/node_modules_next_dist_0u_w_5s._.js:1945
[  929698ms] [ERROR] ./src/app/insights/InsightsClient.tsx:221:1
Unexpected token. Did you mean `{'}'}` or `&rbrace;`?
  219 |     </div>
  220 |   );
> 221 | }
      | ^
  222 |

Parsing ecmascript source code failed

Import traces:
  Client Component Browser:
    ./src/app/insights/InsightsClient.tsx [Client Component Browser]
    ./src/app/page.tsx [Client Component Browser]
    ./src/app/page.tsx [Server Component]

  Client Component SSR:
    ./src/app/insights/InsightsClient.tsx [Client Component SSR]
    ./src/app/page.tsx [Client Component SSR]
    ./src/app/page.tsx [Server Component] @ http://localhost:3000/_next/static/chunks/node_modules_next_dist_0u_w_5s._.js:1945
[  929755ms] [ERROR] ./src/app/insights/InsightsClient.tsx:221:1
Unexpected token. Did you mean `{'}'}` or `&rbrace;`?
  219 |     </div>
  220 |   );
> 221 | }
      | ^
  222 |

Parsing ecmascript source code failed

Import traces:
  Client Component Browser:
    ./src/app/insights/InsightsClient.tsx [Client Component Browser]
    ./src/app/page.tsx [Client Component Browser]
    ./src/app/page.tsx [Server Component]

  Client Component SSR:
    ./src/app/insights/InsightsClient.tsx [Client Component SSR]
    ./src/app/page.tsx [Client Component SSR]
    ./src/app/page.tsx [Server Component] @ http://localhost:3000/_next/static/chunks/node_modules_next_dist_0u_w_5s._.js:1945
[  929807ms] [ERROR] ./src/app/insights/InsightsClient.tsx:221:1
Unexpected token. Did you mean `{'}'}` or `&rbrace;`?
  219 |     </div>
  220 |   );
> 221 | }
      | ^
  222 |

Parsing ecmascript source code failed

Import traces:
  Client Component Browser:
    ./src/app/insights/InsightsClient.tsx [Client Component Browser]
    ./src/app/page.tsx [Client Component Browser]
    ./src/app/page.tsx [Server Component]

  Client Component SSR:
    ./src/app/insights/InsightsClient.tsx [Client Component SSR]
    ./src/app/page.tsx [Client Component SSR]
    ./src/app/page.tsx [Server Component] @ http://localhost:3000/_next/static/chunks/node_modules_next_dist_0u_w_5s._.js:1945
[  929863ms] [ERROR] ./src/app/insights/InsightsClient.tsx:221:1
Unexpected token. Did you mean `{'}'}` or `&rbrace;`?
  219 |     </div>
  220 |   );
> 221 | }
      | ^
  222 |

Parsing ecmascript source code failed

Import traces:
  Client Component Browser:
    ./src/app/insights/InsightsClient.tsx [Client Component Browser]
    ./src/app/page.tsx [Client Component Browser]
    ./src/app/page.tsx [Server Component]

  Client Component SSR:
    ./src/app/insights/InsightsClient.tsx [Client Component SSR]
    ./src/app/page.tsx [Client Component SSR]
    ./src/app/page.tsx [Server Component] @ http://localhost:3000/_next/static/chunks/node_modules_next_dist_0u_w_5s._.js:1945
[  929919ms] [ERROR] ./src/app/insights/InsightsClient.tsx:221:1
Unexpected token. Did you mean `{'}'}` or `&rbrace;`?
  219 |     </div>
  220 |   );
> 221 | }
      | ^
  222 |

Parsing ecmascript source code failed

Import traces:
  Client Component Browser:
    ./src/app/insights/InsightsClient.tsx [Client Component Browser]
    ./src/app/page.tsx [Client Component Browser]
    ./src/app/page.tsx [Server Component]

  Client Component SSR:
    ./src/app/insights/InsightsClient.tsx [Client Component SSR]
    ./src/app/page.tsx [Client Component SSR]
    ./src/app/page.tsx [Server Component] @ http://localhost:3000/_next/static/chunks/node_modules_next_dist_0u_w_5s._.js:1945
[  929973ms] [ERROR] ./src/app/insights/InsightsClient.tsx:221:1
Unexpected token. Did you mean `{'}'}` or `&rbrace;`?
  219 |     </div>
  220 |   );
> 221 | }
      | ^
  222 |

Parsing ecmascript source code failed

Import traces:
  Client Component Browser:
    ./src/app/insights/InsightsClient.tsx [Client Component Browser]
    ./src/app/page.tsx [Client Component Browser]
    ./src/app/page.tsx [Server Component]

  Client Component SSR:
    ./src/app/insights/InsightsClient.tsx [Client Component SSR]
    ./src/app/page.tsx [Client Component SSR]
    ./src/app/page.tsx [Server Component] @ http://localhost:3000/_next/static/chunks/node_modules_next_dist_0u_w_5s._.js:1945
[  930028ms] [ERROR] ./src/app/insights/InsightsClient.tsx:221:1
Unexpected token. Did you mean `{'}'}` or `&rbrace;`?
  219 |     </div>
  220 |   );
> 221 | }
      | ^
  222 |

Parsing ecmascript source code failed

Import traces:
  Client Component Browser:
    ./src/app/insights/InsightsClient.tsx [Client Component Browser]
    ./src/app/page.tsx [Client Component Browser]
    ./src/app/page.tsx [Server Component]

  Client Component SSR:
    ./src/app/insights/InsightsClient.tsx [Client Component SSR]
    ./src/app/page.tsx [Client Component SSR]
    ./src/app/page.tsx [Server Component] @ http://localhost:3000/_next/static/chunks/node_modules_next_dist_0u_w_5s._.js:1945
[  930081ms] [ERROR] ./src/app/insights/InsightsClient.tsx:221:1
Unexpected token. Did you mean `{'}'}` or `&rbrace;`?
  219 |     </div>
  220 |   );
> 221 | }
      | ^
  222 |

Parsing ecmascript source code failed

Import traces:
  Client Component Browser:
    ./src/app/insights/InsightsClient.tsx [Client Component Browser]
    ./src/app/page.tsx [Client Component Browser]
    ./src/app/page.tsx [Server Component]

  Client Component SSR:
    ./src/app/insights/InsightsClient.tsx [Client Component SSR]
    ./src/app/page.tsx [Client Component SSR]
    ./src/app/page.tsx [Server Component] @ http://localhost:3000/_next/static/chunks/node_modules_next_dist_0u_w_5s._.js:1945
[  930138ms] [ERROR] ./src/app/insights/InsightsClient.tsx:221:1
Unexpected token. Did you mean `{'}'}` or `&rbrace;`?
  219 |     </div>
  220 |   );
> 221 | }
      | ^
  222 |

Parsing ecmascript source code failed

Import traces:
  Client Component Browser:
    ./src/app/insights/InsightsClient.tsx [Client Component Browser]
    ./src/app/page.tsx [Client Component Browser]
    ./src/app/page.tsx [Server Component]

  Client Component SSR:
    ./src/app/insights/InsightsClient.tsx [Client Component SSR]
    ./src/app/page.tsx [Client Component SSR]
    ./src/app/page.tsx [Server Component] @ http://localhost:3000/_next/static/chunks/node_modules_next_dist_0u_w_5s._.js:1945
[  930194ms] [ERROR] ./src/app/insights/InsightsClient.tsx:221:1
Unexpected token. Did you mean `{'}'}` or `&rbrace;`?
  219 |     </div>
  220 |   );
> 221 | }
      | ^
  222 |

Parsing ecmascript source code failed

Import traces:
  Client Component Browser:
    ./src/app/insights/InsightsClient.tsx [Client Component Browser]
    ./src/app/page.tsx [Client Component Browser]
    ./src/app/page.tsx [Server Component]

  Client Component SSR:
    ./src/app/insights/InsightsClient.tsx [Client Component SSR]
    ./src/app/page.tsx [Client Component SSR]
    ./src/app/page.tsx [Server Component] @ http://localhost:3000/_next/static/chunks/node_modules_next_dist_0u_w_5s._.js:1945
[  930250ms] [ERROR] ./src/app/insights/InsightsClient.tsx:221:1
Unexpected token. Did you mean `{'}'}` or `&rbrace;`?
  219 |     </div>
  220 |   );
> 221 | }
      | ^
  222 |

Parsing ecmascript source code failed

Import traces:
  Client Component Browser:
    ./src/app/insights/InsightsClient.tsx [Client Component Browser]
    ./src/app/page.tsx [Client Component Browser]
    ./src/app/page.tsx [Server Component]

  Client Component SSR:
    ./src/app/insights/InsightsClient.tsx [Client Component SSR]
    ./src/app/page.tsx [Client Component SSR]
    ./src/app/page.tsx [Server Component] @ http://localhost:3000/_next/static/chunks/node_modules_next_dist_0u_w_5s._.js:1945
[  930307ms] [ERROR] ./src/app/insights/InsightsClient.tsx:221:1
Unexpected token. Did you mean `{'}'}` or `&rbrace;`?
  219 |     </div>
  220 |   );
> 221 | }
      | ^
  222 |

Parsing ecmascript source code failed

Import traces:
  Client Component Browser:
    ./src/app/insights/InsightsClient.tsx [Client Component Browser]
    ./src/app/page.tsx [Client Component Browser]
    ./src/app/page.tsx [Server Component]

  Client Component SSR:
    ./src/app/insights/InsightsClient.tsx [Client Component SSR]
    ./src/app/page.tsx [Client Component SSR]
    ./src/app/page.tsx [Server Component] @ http://localhost:3000/_next/static/chunks/node_modules_next_dist_0u_w_5s._.js:1945
[  930362ms] [ERROR] ./src/app/insights/InsightsClient.tsx:221:1
Unexpected token. Did you mean `{'}'}` or `&rbrace;`?
  219 |     </div>
  220 |   );
> 221 | }
      | ^
  222 |

Parsing ecmascript source code failed

Import traces:
  Client Component Browser:
    ./src/app/insights/InsightsClient.tsx [Client Component Browser]
    ./src/app/page.tsx [Client Component Browser]
    ./src/app/page.tsx [Server Component]

  Client Component SSR:
    ./src/app/insights/InsightsClient.tsx [Client Component SSR]
    ./src/app/page.tsx [Client Component SSR]
    ./src/app/page.tsx [Server Component] @ http://localhost:3000/_next/static/chunks/node_modules_next_dist_0u_w_5s._.js:1945
[  930414ms] [ERROR] ./src/app/insights/InsightsClient.tsx:221:1
Unexpected token. Did you mean `{'}'}` or `&rbrace;`?
  219 |     </div>
  220 |   );
> 221 | }
      | ^
  222 |

Parsing ecmascript source code failed

Import traces:
  Client Component Browser:
    ./src/app/insights/InsightsClient.tsx [Client Component Browser]
    ./src/app/page.tsx [Client Component Browser]
    ./src/app/page.tsx [Server Component]

  Client Component SSR:
    ./src/app/insights/InsightsClient.tsx [Client Component SSR]
    ./src/app/page.tsx [Client Component SSR]
    ./src/app/page.tsx [Server Component] @ http://localhost:3000/_next/static/chunks/node_modules_next_dist_0u_w_5s._.js:1945
[  930470ms] [ERROR] ./src/app/insights/InsightsClient.tsx:221:1
Unexpected token. Did you mean `{'}'}` or `&rbrace;`?
  219 |     </div>
  220 |   );
> 221 | }
      | ^
  222 |

Parsing ecmascript source code failed

Import traces:
  Client Component Browser:
    ./src/app/insights/InsightsClient.tsx [Client Component Browser]
    ./src/app/page.tsx [Client Component Browser]
    ./src/app/page.tsx [Server Component]

  Client Component SSR:
    ./src/app/insights/InsightsClient.tsx [Client Component SSR]
    ./src/app/page.tsx [Client Component SSR]
    ./src/app/page.tsx [Server Component] @ http://localhost:3000/_next/static/chunks/node_modules_next_dist_0u_w_5s._.js:1945
[  930525ms] [ERROR] ./src/app/insights/InsightsClient.tsx:221:1
Unexpected token. Did you mean `{'}'}` or `&rbrace;`?
  219 |     </div>
  220 |   );
> 221 | }
      | ^
  222 |

Parsing ecmascript source code failed

Import traces:
  Client Component Browser:
    ./src/app/insights/InsightsClient.tsx [Client Component Browser]
    ./src/app/page.tsx [Client Component Browser]
    ./src/app/page.tsx [Server Component]

  Client Component SSR:
    ./src/app/insights/InsightsClient.tsx [Client Component SSR]
    ./src/app/page.tsx [Client Component SSR]
    ./src/app/page.tsx [Server Component] @ http://localhost:3000/_next/static/chunks/node_modules_next_dist_0u_w_5s._.js:1945
[  930579ms] [ERROR] ./src/app/insights/InsightsClient.tsx:221:1
Unexpected token. Did you mean `{'}'}` or `&rbrace;`?
  219 |     </div>
  220 |   );
> 221 | }
      | ^
  222 |

Parsing ecmascript source code failed

Import traces:
  Client Component Browser:
    ./src/app/insights/InsightsClient.tsx [Client Component Browser]
    ./src/app/page.tsx [Client Component Browser]
    ./src/app/page.tsx [Server Component]

  Client Component SSR:
    ./src/app/insights/InsightsClient.tsx [Client Component SSR]
    ./src/app/page.tsx [Client Component SSR]
    ./src/app/page.tsx [Server Component] @ http://localhost:3000/_next/static/chunks/node_modules_next_dist_0u_w_5s._.js:1945
[  930635ms] [ERROR] ./src/app/insights/InsightsClient.tsx:221:1
Unexpected token. Did you mean `{'}'}` or `&rbrace;`?
  219 |     </div>
  220 |   );
> 221 | }
      | ^
  222 |

Parsing ecmascript source code failed

Import traces:
  Client Component Browser:
    ./src/app/insights/InsightsClient.tsx [Client Component Browser]
    ./src/app/page.tsx [Client Component Browser]
    ./src/app/page.tsx [Server Component]

  Client Component SSR:
    ./src/app/insights/InsightsClient.tsx [Client Component SSR]
    ./src/app/page.tsx [Client Component SSR]
    ./src/app/page.tsx [Server Component] @ http://localhost:3000/_next/static/chunks/node_modules_next_dist_0u_w_5s._.js:1945
[  930690ms] [ERROR] ./src/app/insights/InsightsClient.tsx:221:1
Unexpected token. Did you mean `{'}'}` or `&rbrace;`?
  219 |     </div>
  220 |   );
> 221 | }
      | ^
  222 |

Parsing ecmascript source code failed

Import traces:
  Client Component Browser:
    ./src/app/insights/InsightsClient.tsx [Client Component Browser]
    ./src/app/page.tsx [Client Component Browser]
    ./src/app/page.tsx [Server Component]

  Client Component SSR:
    ./src/app/insights/InsightsClient.tsx [Client Component SSR]
    ./src/app/page.tsx [Client Component SSR]
    ./src/app/page.tsx [Server Component] @ http://localhost:3000/_next/static/chunks/node_modules_next_dist_0u_w_5s._.js:1945
[  930745ms] [ERROR] ./src/app/insights/InsightsClient.tsx:221:1
Unexpected token. Did you mean `{'}'}` or `&rbrace;`?
  219 |     </div>
  220 |   );
> 221 | }
      | ^
  222 |

Parsing ecmascript source code failed

Import traces:
  Client Component Browser:
    ./src/app/insights/InsightsClient.tsx [Client Component Browser]
    ./src/app/page.tsx [Client Component Browser]
    ./src/app/page.tsx [Server Component]

  Client Component SSR:
    ./src/app/insights/InsightsClient.tsx [Client Component SSR]
    ./src/app/page.tsx [Client Component SSR]
    ./src/app/page.tsx [Server Component] @ http://localhost:3000/_next/static/chunks/node_modules_next_dist_0u_w_5s._.js:1945
[  930802ms] [ERROR] ./src/app/insights/InsightsClient.tsx:221:1
Unexpected token. Did you mean `{'}'}` or `&rbrace;`?
  219 |     </div>
  220 |   );
> 221 | }
      | ^
  222 |

Parsing ecmascript source code failed

Import traces:
  Client Component Browser:
    ./src/app/insights/InsightsClient.tsx [Client Component Browser]
    ./src/app/page.tsx [Client Component Browser]
    ./src/app/page.tsx [Server Component]

  Client Component SSR:
    ./src/app/insights/InsightsClient.tsx [Client Component SSR]
    ./src/app/page.tsx [Client Component SSR]
    ./src/app/page.tsx [Server Component] @ http://localhost:3000/_next/static/chunks/node_modules_next_dist_0u_w_5s._.js:1945
[  930857ms] [ERROR] ./src/app/insights/InsightsClient.tsx:221:1
Unexpected token. Did you mean `{'}'}` or `&rbrace;`?
  219 |     </div>
  220 |   );
> 221 | }
      | ^
  222 |

Parsing ecmascript source code failed

Import traces:
  Client Component Browser:
    ./src/app/insights/InsightsClient.tsx [Client Component Browser]
    ./src/app/page.tsx [Client Component Browser]
    ./src/app/page.tsx [Server Component]

  Client Component SSR:
    ./src/app/insights/InsightsClient.tsx [Client Component SSR]
    ./src/app/page.tsx [Client Component SSR]
    ./src/app/page.tsx [Server Component] @ http://localhost:3000/_next/static/chunks/node_modules_next_dist_0u_w_5s._.js:1945
[  930912ms] [ERROR] ./src/app/insights/InsightsClient.tsx:221:1
Unexpected token. Did you mean `{'}'}` or `&rbrace;`?
  219 |     </div>
  220 |   );
> 221 | }
      | ^
  222 |

Parsing ecmascript source code failed

Import traces:
  Client Component Browser:
    ./src/app/insights/InsightsClient.tsx [Client Component Browser]
    ./src/app/page.tsx [Client Component Browser]
    ./src/app/page.tsx [Server Component]

  Client Component SSR:
    ./src/app/insights/InsightsClient.tsx [Client Component SSR]
    ./src/app/page.tsx [Client Component SSR]
    ./src/app/page.tsx [Server Component] @ http://localhost:3000/_next/static/chunks/node_modules_next_dist_0u_w_5s._.js:1945
[  930969ms] [ERROR] ./src/app/insights/InsightsClient.tsx:221:1
Unexpected token. Did you mean `{'}'}` or `&rbrace;`?
  219 |     </div>
  220 |   );
> 221 | }
      | ^
  222 |

Parsing ecmascript source code failed

Import traces:
  Client Component Browser:
    ./src/app/insights/InsightsClient.tsx [Client Component Browser]
    ./src/app/page.tsx [Client Component Browser]
    ./src/app/page.tsx [Server Component]

  Client Component SSR:
    ./src/app/insights/InsightsClient.tsx [Client Component SSR]
    ./src/app/page.tsx [Client Component SSR]
    ./src/app/page.tsx [Server Component] @ http://localhost:3000/_next/static/chunks/node_modules_next_dist_0u_w_5s._.js:1945
[  931023ms] [ERROR] ./src/app/insights/InsightsClient.tsx:221:1
Unexpected token. Did you mean `{'}'}` or `&rbrace;`?
  219 |     </div>
  220 |   );
> 221 | }
      | ^
  222 |

Parsing ecmascript source code failed

Import traces:
  Client Component Browser:
    ./src/app/insights/InsightsClient.tsx [Client Component Browser]
    ./src/app/page.tsx [Client Component Browser]
    ./src/app/page.tsx [Server Component]

  Client Component SSR:
    ./src/app/insights/InsightsClient.tsx [Client Component SSR]
    ./src/app/page.tsx [Client Component SSR]
    ./src/app/page.tsx [Server Component] @ http://localhost:3000/_next/static/chunks/node_modules_next_dist_0u_w_5s._.js:1945
[  931078ms] [ERROR] ./src/app/insights/InsightsClient.tsx:221:1
Unexpected token. Did you mean `{'}'}` or `&rbrace;`?
  219 |     </div>
  220 |   );
> 221 | }
      | ^
  222 |

Parsing ecmascript source code failed

Import traces:
  Client Component Browser:
    ./src/app/insights/InsightsClient.tsx [Client Component Browser]
    ./src/app/page.tsx [Client Component Browser]
    ./src/app/page.tsx [Server Component]

  Client Component SSR:
    ./src/app/insights/InsightsClient.tsx [Client Component SSR]
    ./src/app/page.tsx [Client Component SSR]
    ./src/app/page.tsx [Server Component] @ http://localhost:3000/_next/static/chunks/node_modules_next_dist_0u_w_5s._.js:1945
[  931135ms] [ERROR] ./src/app/insights/InsightsClient.tsx:221:1
Unexpected token. Did you mean `{'}'}` or `&rbrace;`?
  219 |     </div>
  220 |   );
> 221 | }
      | ^
  222 |

Parsing ecmascript source code failed

Import traces:
  Client Component Browser:
    ./src/app/insights/InsightsClient.tsx [Client Component Browser]
    ./src/app/page.tsx [Client Component Browser]
    ./src/app/page.tsx [Server Component]

  Client Component SSR:
    ./src/app/insights/InsightsClient.tsx [Client Component SSR]
    ./src/app/page.tsx [Client Component SSR]
    ./src/app/page.tsx [Server Component] @ http://localhost:3000/_next/static/chunks/node_modules_next_dist_0u_w_5s._.js:1945
[  931189ms] [ERROR] ./src/app/insights/InsightsClient.tsx:221:1
Unexpected token. Did you mean `{'}'}` or `&rbrace;`?
  219 |     </div>
  220 |   );
> 221 | }
      | ^
  222 |

Parsing ecmascript source code failed

Import traces:
  Client Component Browser:
    ./src/app/insights/InsightsClient.tsx [Client Component Browser]
    ./src/app/page.tsx [Client Component Browser]
    ./src/app/page.tsx [Server Component]

  Client Component SSR:
    ./src/app/insights/InsightsClient.tsx [Client Component SSR]
    ./src/app/page.tsx [Client Component SSR]
    ./src/app/page.tsx [Server Component] @ http://localhost:3000/_next/static/chunks/node_modules_next_dist_0u_w_5s._.js:1945
[  931245ms] [ERROR] ./src/app/insights/InsightsClient.tsx:221:1
Unexpected token. Did you mean `{'}'}` or `&rbrace;`?
  219 |     </div>
  220 |   );
> 221 | }
      | ^
  222 |

Parsing ecmascript source code failed

Import traces:
  Client Component Browser:
    ./src/app/insights/InsightsClient.tsx [Client Component Browser]
    ./src/app/page.tsx [Client Component Browser]
    ./src/app/page.tsx [Server Component]

  Client Component SSR:
    ./src/app/insights/InsightsClient.tsx [Client Component SSR]
    ./src/app/page.tsx [Client Component SSR]
    ./src/app/page.tsx [Server Component] @ http://localhost:3000/_next/static/chunks/node_modules_next_dist_0u_w_5s._.js:1945
[  931301ms] [ERROR] ./src/app/insights/InsightsClient.tsx:221:1
Unexpected token. Did you mean `{'}'}` or `&rbrace;`?
  219 |     </div>
  220 |   );
> 221 | }
      | ^
  222 |

Parsing ecmascript source code failed

Import traces:
  Client Component Browser:
    ./src/app/insights/InsightsClient.tsx [Client Component Browser]
    ./src/app/page.tsx [Client Component Browser]
    ./src/app/page.tsx [Server Component]

  Client Component SSR:
    ./src/app/insights/InsightsClient.tsx [Client Component SSR]
    ./src/app/page.tsx [Client Component SSR]
    ./src/app/page.tsx [Server Component] @ http://localhost:3000/_next/static/chunks/node_modules_next_dist_0u_w_5s._.js:1945
[  931357ms] [ERROR] ./src/app/insights/InsightsClient.tsx:221:1
Unexpected token. Did you mean `{'}'}` or `&rbrace;`?
  219 |     </div>
  220 |   );
> 221 | }
      | ^
  222 |

Parsing ecmascript source code failed

Import traces:
  Client Component Browser:
    ./src/app/insights/InsightsClient.tsx [Client Component Browser]
    ./src/app/page.tsx [Client Component Browser]
    ./src/app/page.tsx [Server Component]

  Client Component SSR:
    ./src/app/insights/InsightsClient.tsx [Client Component SSR]
    ./src/app/page.tsx [Client Component SSR]
    ./src/app/page.tsx [Server Component] @ http://localhost:3000/_next/static/chunks/node_modules_next_dist_0u_w_5s._.js:1945
[  931411ms] [ERROR] ./src/app/insights/InsightsClient.tsx:221:1
Unexpected token. Did you mean `{'}'}` or `&rbrace;`?
  219 |     </div>
  220 |   );
> 221 | }
      | ^
  222 |

Parsing ecmascript source code failed

Import traces:
  Client Component Browser:
    ./src/app/insights/InsightsClient.tsx [Client Component Browser]
    ./src/app/page.tsx [Client Component Browser]
    ./src/app/page.tsx [Server Component]

  Client Component SSR:
    ./src/app/insights/InsightsClient.tsx [Client Component SSR]
    ./src/app/page.tsx [Client Component SSR]
    ./src/app/page.tsx [Server Component] @ http://localhost:3000/_next/static/chunks/node_modules_next_dist_0u_w_5s._.js:1945
[  931467ms] [ERROR] ./src/app/insights/InsightsClient.tsx:221:1
Unexpected token. Did you mean `{'}'}` or `&rbrace;`?
  219 |     </div>
  220 |   );
> 221 | }
      | ^
  222 |

Parsing ecmascript source code failed

Import traces:
  Client Component Browser:
    ./src/app/insights/InsightsClient.tsx [Client Component Browser]
    ./src/app/page.tsx [Client Component Browser]
    ./src/app/page.tsx [Server Component]

  Client Component SSR:
    ./src/app/insights/InsightsClient.tsx [Client Component SSR]
    ./src/app/page.tsx [Client Component SSR]
    ./src/app/page.tsx [Server Component] @ http://localhost:3000/_next/static/chunks/node_modules_next_dist_0u_w_5s._.js:1945
[  931522ms] [ERROR] ./src/app/insights/InsightsClient.tsx:221:1
Unexpected token. Did you mean `{'}'}` or `&rbrace;`?
  219 |     </div>
  220 |   );
> 221 | }
      | ^
  222 |

Parsing ecmascript source code failed

Import traces:
  Client Component Browser:
    ./src/app/insights/InsightsClient.tsx [Client Component Browser]
    ./src/app/page.tsx [Client Component Browser]
    ./src/app/page.tsx [Server Component]

  Client Component SSR:
    ./src/app/insights/InsightsClient.tsx [Client Component SSR]
    ./src/app/page.tsx [Client Component SSR]
    ./src/app/page.tsx [Server Component] @ http://localhost:3000/_next/static/chunks/node_modules_next_dist_0u_w_5s._.js:1945
[  931574ms] [ERROR] ./src/app/insights/InsightsClient.tsx:221:1
Unexpected token. Did you mean `{'}'}` or `&rbrace;`?
  219 |     </div>
  220 |   );
> 221 | }
      | ^
  222 |

Parsing ecmascript source code failed

Import traces:
  Client Component Browser:
    ./src/app/insights/InsightsClient.tsx [Client Component Browser]
    ./src/app/page.tsx [Client Component Browser]
    ./src/app/page.tsx [Server Component]

  Client Component SSR:
    ./src/app/insights/InsightsClient.tsx [Client Component SSR]
    ./src/app/page.tsx [Client Component SSR]
    ./src/app/page.tsx [Server Component] @ http://localhost:3000/_next/static/chunks/node_modules_next_dist_0u_w_5s._.js:1945
[  931630ms] [ERROR] ./src/app/insights/InsightsClient.tsx:221:1
Unexpected token. Did you mean `{'}'}` or `&rbrace;`?
  219 |     </div>
  220 |   );
> 221 | }
      | ^
  222 |

Parsing ecmascript source code failed

Import traces:
  Client Component Browser:
    ./src/app/insights/InsightsClient.tsx [Client Component Browser]
    ./src/app/page.tsx [Client Component Browser]
    ./src/app/page.tsx [Server Component]

  Client Component SSR:
    ./src/app/insights/InsightsClient.tsx [Client Component SSR]
    ./src/app/page.tsx [Client Component SSR]
    ./src/app/page.tsx [Server Component] @ http://localhost:3000/_next/static/chunks/node_modules_next_dist_0u_w_5s._.js:1945
[  931685ms] [ERROR] ./src/app/insights/InsightsClient.tsx:221:1
Unexpected token. Did you mean `{'}'}` or `&rbrace;`?
  219 |     </div>
  220 |   );
> 221 | }
      | ^
  222 |

Parsing ecmascript source code failed

Import traces:
  Client Component Browser:
    ./src/app/insights/InsightsClient.tsx [Client Component Browser]
    ./src/app/page.tsx [Client Component Browser]
    ./src/app/page.tsx [Server Component]

  Client Component SSR:
    ./src/app/insights/InsightsClient.tsx [Client Component SSR]
    ./src/app/page.tsx [Client Component SSR]
    ./src/app/page.tsx [Server Component] @ http://localhost:3000/_next/static/chunks/node_modules_next_dist_0u_w_5s._.js:1945
[  931740ms] [ERROR] ./src/app/insights/InsightsClient.tsx:221:1
Unexpected token. Did you mean `{'}'}` or `&rbrace;`?
  219 |     </div>
  220 |   );
> 221 | }
      | ^
  222 |

Parsing ecmascript source code failed

Import traces:
  Client Component Browser:
    ./src/app/insights/InsightsClient.tsx [Client Component Browser]
    ./src/app/page.tsx [Client Component Browser]
    ./src/app/page.tsx [Server Component]

  Client Component SSR:
    ./src/app/insights/InsightsClient.tsx [Client Component SSR]
    ./src/app/page.tsx [Client Component SSR]
    ./src/app/page.tsx [Server Component] @ http://localhost:3000/_next/static/chunks/node_modules_next_dist_0u_w_5s._.js:1945
[  931796ms] [ERROR] ./src/app/insights/InsightsClient.tsx:221:1
Unexpected token. Did you mean `{'}'}` or `&rbrace;`?
  219 |     </div>
  220 |   );
> 221 | }
      | ^
  222 |

Parsing ecmascript source code failed

Import traces:
  Client Component Browser:
    ./src/app/insights/InsightsClient.tsx [Client Component Browser]
    ./src/app/page.tsx [Client Component Browser]
    ./src/app/page.tsx [Server Component]

  Client Component SSR:
    ./src/app/insights/InsightsClient.tsx [Client Component SSR]
    ./src/app/page.tsx [Client Component SSR]
    ./src/app/page.tsx [Server Component] @ http://localhost:3000/_next/static/chunks/node_modules_next_dist_0u_w_5s._.js:1945
[  931852ms] [ERROR] ./src/app/insights/InsightsClient.tsx:221:1
Unexpected token. Did you mean `{'}'}` or `&rbrace;`?
  219 |     </div>
  220 |   );
> 221 | }
      | ^
  222 |

Parsing ecmascript source code failed

Import traces:
  Client Component Browser:
    ./src/app/insights/InsightsClient.tsx [Client Component Browser]
    ./src/app/page.tsx [Client Component Browser]
    ./src/app/page.tsx [Server Component]

  Client Component SSR:
    ./src/app/insights/InsightsClient.tsx [Client Component SSR]
    ./src/app/page.tsx [Client Component SSR]
    ./src/app/page.tsx [Server Component] @ http://localhost:3000/_next/static/chunks/node_modules_next_dist_0u_w_5s._.js:1945
[  931906ms] [ERROR] ./src/app/insights/InsightsClient.tsx:221:1
Unexpected token. Did you mean `{'}'}` or `&rbrace;`?
  219 |     </div>
  220 |   );
> 221 | }
      | ^
  222 |

Parsing ecmascript source code failed

Import traces:
  Client Component Browser:
    ./src/app/insights/InsightsClient.tsx [Client Component Browser]
    ./src/app/page.tsx [Client Component Browser]
    ./src/app/page.tsx [Server Component]

  Client Component SSR:
    ./src/app/insights/InsightsClient.tsx [Client Component SSR]
    ./src/app/page.tsx [Client Component SSR]
    ./src/app/page.tsx [Server Component] @ http://localhost:3000/_next/static/chunks/node_modules_next_dist_0u_w_5s._.js:1945
[  931960ms] [ERROR] ./src/app/insights/InsightsClient.tsx:221:1
Unexpected token. Did you mean `{'}'}` or `&rbrace;`?
  219 |     </div>
  220 |   );
> 221 | }
      | ^
  222 |

Parsing ecmascript source code failed

Import traces:
  Client Component Browser:
    ./src/app/insights/InsightsClient.tsx [Client Component Browser]
    ./src/app/page.tsx [Client Component Browser]
    ./src/app/page.tsx [Server Component]

  Client Component SSR:
    ./src/app/insights/InsightsClient.tsx [Client Component SSR]
    ./src/app/page.tsx [Client Component SSR]
    ./src/app/page.tsx [Server Component] @ http://localhost:3000/_next/static/chunks/node_modules_next_dist_0u_w_5s._.js:1945
[  932015ms] [ERROR] ./src/app/insights/InsightsClient.tsx:221:1
Unexpected token. Did you mean `{'}'}` or `&rbrace;`?
  219 |     </div>
  220 |   );
> 221 | }
      | ^
  222 |

Parsing ecmascript source code failed

Import traces:
  Client Component Browser:
    ./src/app/insights/InsightsClient.tsx [Client Component Browser]
    ./src/app/page.tsx [Client Component Browser]
    ./src/app/page.tsx [Server Component]

  Client Component SSR:
    ./src/app/insights/InsightsClient.tsx [Client Component SSR]
    ./src/app/page.tsx [Client Component SSR]
    ./src/app/page.tsx [Server Component] @ http://localhost:3000/_next/static/chunks/node_modules_next_dist_0u_w_5s._.js:1945
[  932069ms] [ERROR] ./src/app/insights/InsightsClient.tsx:221:1
Unexpected token. Did you mean `{'}'}` or `&rbrace;`?
  219 |     </div>
  220 |   );
> 221 | }
      | ^
  222 |

Parsing ecmascript source code failed

Import traces:
  Client Component Browser:
    ./src/app/insights/InsightsClient.tsx [Client Component Browser]
    ./src/app/page.tsx [Client Component Browser]
    ./src/app/page.tsx [Server Component]

  Client Component SSR:
    ./src/app/insights/InsightsClient.tsx [Client Component SSR]
    ./src/app/page.tsx [Client Component SSR]
    ./src/app/page.tsx [Server Component] @ http://localhost:3000/_next/static/chunks/node_modules_next_dist_0u_w_5s._.js:1945
[  932124ms] [ERROR] ./src/app/insights/InsightsClient.tsx:221:1
Unexpected token. Did you mean `{'}'}` or `&rbrace;`?
  219 |     </div>
  220 |   );
> 221 | }
      | ^
  222 |

Parsing ecmascript source code failed

Import traces:
  Client Component Browser:
    ./src/app/insights/InsightsClient.tsx [Client Component Browser]
    ./src/app/page.tsx [Client Component Browser]
    ./src/app/page.tsx [Server Component]

  Client Component SSR:
    ./src/app/insights/InsightsClient.tsx [Client Component SSR]
    ./src/app/page.tsx [Client Component SSR]
    ./src/app/page.tsx [Server Component] @ http://localhost:3000/_next/static/chunks/node_modules_next_dist_0u_w_5s._.js:1945
[  932179ms] [ERROR] ./src/app/insights/InsightsClient.tsx:221:1
Unexpected token. Did you mean `{'}'}` or `&rbrace;`?
  219 |     </div>
  220 |   );
> 221 | }
      | ^
  222 |

Parsing ecmascript source code failed

Import traces:
  Client Component Browser:
    ./src/app/insights/InsightsClient.tsx [Client Component Browser]
    ./src/app/page.tsx [Client Component Browser]
    ./src/app/page.tsx [Server Component]

  Client Component SSR:
    ./src/app/insights/InsightsClient.tsx [Client Component SSR]
    ./src/app/page.tsx [Client Component SSR]
    ./src/app/page.tsx [Server Component] @ http://localhost:3000/_next/static/chunks/node_modules_next_dist_0u_w_5s._.js:1945
[  932235ms] [ERROR] ./src/app/insights/InsightsClient.tsx:221:1
Unexpected token. Did you mean `{'}'}` or `&rbrace;`?
  219 |     </div>
  220 |   );
> 221 | }
      | ^
  222 |

Parsing ecmascript source code failed

Import traces:
  Client Component Browser:
    ./src/app/insights/InsightsClient.tsx [Client Component Browser]
    ./src/app/page.tsx [Client Component Browser]
    ./src/app/page.tsx [Server Component]

  Client Component SSR:
    ./src/app/insights/InsightsClient.tsx [Client Component SSR]
    ./src/app/page.tsx [Client Component SSR]
    ./src/app/page.tsx [Server Component] @ http://localhost:3000/_next/static/chunks/node_modules_next_dist_0u_w_5s._.js:1945
[  932289ms] [ERROR] ./src/app/insights/InsightsClient.tsx:221:1
Unexpected token. Did you mean `{'}'}` or `&rbrace;`?
  219 |     </div>
  220 |   );
> 221 | }
      | ^
  222 |

Parsing ecmascript source code failed

Import traces:
  Client Component Browser:
    ./src/app/insights/InsightsClient.tsx [Client Component Browser]
    ./src/app/page.tsx [Client Component Browser]
    ./src/app/page.tsx [Server Component]

  Client Component SSR:
    ./src/app/insights/InsightsClient.tsx [Client Component SSR]
    ./src/app/page.tsx [Client Component SSR]
    ./src/app/page.tsx [Server Component] @ http://localhost:3000/_next/static/chunks/node_modules_next_dist_0u_w_5s._.js:1945
[  932344ms] [ERROR] ./src/app/insights/InsightsClient.tsx:221:1
Unexpected token. Did you mean `{'}'}` or `&rbrace;`?
  219 |     </div>
  220 |   );
> 221 | }
      | ^
  222 |

Parsing ecmascript source code failed

Import traces:
  Client Component Browser:
    ./src/app/insights/InsightsClient.tsx [Client Component Browser]
    ./src/app/page.tsx [Client Component Browser]
    ./src/app/page.tsx [Server Component]

  Client Component SSR:
    ./src/app/insights/InsightsClient.tsx [Client Component SSR]
    ./src/app/page.tsx [Client Component SSR]
    ./src/app/page.tsx [Server Component] @ http://localhost:3000/_next/static/chunks/node_modules_next_dist_0u_w_5s._.js:1945
[  932399ms] [ERROR] ./src/app/insights/InsightsClient.tsx:221:1
Unexpected token. Did you mean `{'}'}` or `&rbrace;`?
  219 |     </div>
  220 |   );
> 221 | }
      | ^
  222 |

Parsing ecmascript source code failed

Import traces:
  Client Component Browser:
    ./src/app/insights/InsightsClient.tsx [Client Component Browser]
    ./src/app/page.tsx [Client Component Browser]
    ./src/app/page.tsx [Server Component]

  Client Component SSR:
    ./src/app/insights/InsightsClient.tsx [Client Component SSR]
    ./src/app/page.tsx [Client Component SSR]
    ./src/app/page.tsx [Server Component] @ http://localhost:3000/_next/static/chunks/node_modules_next_dist_0u_w_5s._.js:1945
[  932454ms] [ERROR] ./src/app/insights/InsightsClient.tsx:221:1
Unexpected token. Did you mean `{'}'}` or `&rbrace;`?
  219 |     </div>
  220 |   );
> 221 | }
      | ^
  222 |

Parsing ecmascript source code failed

Import traces:
  Client Component Browser:
    ./src/app/insights/InsightsClient.tsx [Client Component Browser]
    ./src/app/page.tsx [Client Component Browser]
    ./src/app/page.tsx [Server Component]

  Client Component SSR:
    ./src/app/insights/InsightsClient.tsx [Client Component SSR]
    ./src/app/page.tsx [Client Component SSR]
    ./src/app/page.tsx [Server Component] @ http://localhost:3000/_next/static/chunks/node_modules_next_dist_0u_w_5s._.js:1945
[  932507ms] [ERROR] ./src/app/insights/InsightsClient.tsx:221:1
Unexpected token. Did you mean `{'}'}` or `&rbrace;`?
  219 |     </div>
  220 |   );
> 221 | }
      | ^
  222 |

Parsing ecmascript source code failed

Import traces:
  Client Component Browser:
    ./src/app/insights/InsightsClient.tsx [Client Component Browser]
    ./src/app/page.tsx [Client Component Browser]
    ./src/app/page.tsx [Server Component]

  Client Component SSR:
    ./src/app/insights/InsightsClient.tsx [Client Component SSR]
    ./src/app/page.tsx [Client Component SSR]
    ./src/app/page.tsx [Server Component] @ http://localhost:3000/_next/static/chunks/node_modules_next_dist_0u_w_5s._.js:1945
[  932560ms] [ERROR] ./src/app/insights/InsightsClient.tsx:221:1
Unexpected token. Did you mean `{'}'}` or `&rbrace;`?
  219 |     </div>
  220 |   );
> 221 | }
      | ^
  222 |

Parsing ecmascript source code failed

Import traces:
  Client Component Browser:
    ./src/app/insights/InsightsClient.tsx [Client Component Browser]
    ./src/app/page.tsx [Client Component Browser]
    ./src/app/page.tsx [Server Component]

  Client Component SSR:
    ./src/app/insights/InsightsClient.tsx [Client Component SSR]
    ./src/app/page.tsx [Client Component SSR]
    ./src/app/page.tsx [Server Component] @ http://localhost:3000/_next/static/chunks/node_modules_next_dist_0u_w_5s._.js:1945
[  932616ms] [ERROR] ./src/app/insights/InsightsClient.tsx:221:1
Unexpected token. Did you mean `{'}'}` or `&rbrace;`?
  219 |     </div>
  220 |   );
> 221 | }
      | ^
  222 |

Parsing ecmascript source code failed

Import traces:
  Client Component Browser:
    ./src/app/insights/InsightsClient.tsx [Client Component Browser]
    ./src/app/page.tsx [Client Component Browser]
    ./src/app/page.tsx [Server Component]

  Client Component SSR:
    ./src/app/insights/InsightsClient.tsx [Client Component SSR]
    ./src/app/page.tsx [Client Component SSR]
    ./src/app/page.tsx [Server Component] @ http://localhost:3000/_next/static/chunks/node_modules_next_dist_0u_w_5s._.js:1945
[  932670ms] [ERROR] ./src/app/insights/InsightsClient.tsx:221:1
Unexpected token. Did you mean `{'}'}` or `&rbrace;`?
  219 |     </div>
  220 |   );
> 221 | }
      | ^
  222 |

Parsing ecmascript source code failed

Import traces:
  Client Component Browser:
    ./src/app/insights/InsightsClient.tsx [Client Component Browser]
    ./src/app/page.tsx [Client Component Browser]
    ./src/app/page.tsx [Server Component]

  Client Component SSR:
    ./src/app/insights/InsightsClient.tsx [Client Component SSR]
    ./src/app/page.tsx [Client Component SSR]
    ./src/app/page.tsx [Server Component] @ http://localhost:3000/_next/static/chunks/node_modules_next_dist_0u_w_5s._.js:1945
[  932724ms] [ERROR] ./src/app/insights/InsightsClient.tsx:221:1
Unexpected token. Did you mean `{'}'}` or `&rbrace;`?
  219 |     </div>
  220 |   );
> 221 | }
      | ^
  222 |

Parsing ecmascript source code failed

Import traces:
  Client Component Browser:
    ./src/app/insights/InsightsClient.tsx [Client Component Browser]
    ./src/app/page.tsx [Client Component Browser]
    ./src/app/page.tsx [Server Component]

  Client Component SSR:
    ./src/app/insights/InsightsClient.tsx [Client Component SSR]
    ./src/app/page.tsx [Client Component SSR]
    ./src/app/page.tsx [Server Component] @ http://localhost:3000/_next/static/chunks/node_modules_next_dist_0u_w_5s._.js:1945
[  932780ms] [ERROR] ./src/app/insights/InsightsClient.tsx:221:1
Unexpected token. Did you mean `{'}'}` or `&rbrace;`?
  219 |     </div>
  220 |   );
> 221 | }
      | ^
  222 |

Parsing ecmascript source code failed

Import traces:
  Client Component Browser:
    ./src/app/insights/InsightsClient.tsx [Client Component Browser]
    ./src/app/page.tsx [Client Component Browser]
    ./src/app/page.tsx [Server Component]

  Client Component SSR:
    ./src/app/insights/InsightsClient.tsx [Client Component SSR]
    ./src/app/page.tsx [Client Component SSR]
    ./src/app/page.tsx [Server Component] @ http://localhost:3000/_next/static/chunks/node_modules_next_dist_0u_w_5s._.js:1945
[  932835ms] [ERROR] ./src/app/insights/InsightsClient.tsx:221:1
Unexpected token. Did you mean `{'}'}` or `&rbrace;`?
  219 |     </div>
  220 |   );
> 221 | }
      | ^
  222 |

Parsing ecmascript source code failed

Import traces:
  Client Component Browser:
    ./src/app/insights/InsightsClient.tsx [Client Component Browser]
    ./src/app/page.tsx [Client Component Browser]
    ./src/app/page.tsx [Server Component]

  Client Component SSR:
    ./src/app/insights/InsightsClient.tsx [Client Component SSR]
    ./src/app/page.tsx [Client Component SSR]
    ./src/app/page.tsx [Server Component] @ http://localhost:3000/_next/static/chunks/node_modules_next_dist_0u_w_5s._.js:1945
[  932888ms] [ERROR] ./src/app/insights/InsightsClient.tsx:221:1
Unexpected token. Did you mean `{'}'}` or `&rbrace;`?
  219 |     </div>
  220 |   );
> 221 | }
      | ^
  222 |

Parsing ecmascript source code failed

Import traces:
  Client Component Browser:
    ./src/app/insights/InsightsClient.tsx [Client Component Browser]
    ./src/app/page.tsx [Client Component Browser]
    ./src/app/page.tsx [Server Component]

  Client Component SSR:
    ./src/app/insights/InsightsClient.tsx [Client Component SSR]
    ./src/app/page.tsx [Client Component SSR]
    ./src/app/page.tsx [Server Component] @ http://localhost:3000/_next/static/chunks/node_modules_next_dist_0u_w_5s._.js:1945
[  932943ms] [ERROR] ./src/app/insights/InsightsClient.tsx:221:1
Unexpected token. Did you mean `{'}'}` or `&rbrace;`?
  219 |     </div>
  220 |   );
> 221 | }
      | ^
  222 |

Parsing ecmascript source code failed

Import traces:
  Client Component Browser:
    ./src/app/insights/InsightsClient.tsx [Client Component Browser]
    ./src/app/page.tsx [Client Component Browser]
    ./src/app/page.tsx [Server Component]

  Client Component SSR:
    ./src/app/insights/InsightsClient.tsx [Client Component SSR]
    ./src/app/page.tsx [Client Component SSR]
    ./src/app/page.tsx [Server Component] @ http://localhost:3000/_next/static/chunks/node_modules_next_dist_0u_w_5s._.js:1945
[  932998ms] [ERROR] ./src/app/insights/InsightsClient.tsx:221:1
Unexpected token. Did you mean `{'}'}` or `&rbrace;`?
  219 |     </div>
  220 |   );
> 221 | }
      | ^
  222 |

Parsing ecmascript source code failed

Import traces:
  Client Component Browser:
    ./src/app/insights/InsightsClient.tsx [Client Component Browser]
    ./src/app/page.tsx [Client Component Browser]
    ./src/app/page.tsx [Server Component]

  Client Component SSR:
    ./src/app/insights/InsightsClient.tsx [Client Component SSR]
    ./src/app/page.tsx [Client Component SSR]
    ./src/app/page.tsx [Server Component] @ http://localhost:3000/_next/static/chunks/node_modules_next_dist_0u_w_5s._.js:1945
[  933048ms] [ERROR] ./src/app/insights/InsightsClient.tsx:221:1
Unexpected token. Did you mean `{'}'}` or `&rbrace;`?
  219 |     </div>
  220 |   );
> 221 | }
      | ^
  222 |

Parsing ecmascript source code failed

Import traces:
  Client Component Browser:
    ./src/app/insights/InsightsClient.tsx [Client Component Browser]
    ./src/app/page.tsx [Client Component Browser]
    ./src/app/page.tsx [Server Component]

  Client Component SSR:
    ./src/app/insights/InsightsClient.tsx [Client Component SSR]
    ./src/app/page.tsx [Client Component SSR]
    ./src/app/page.tsx [Server Component] @ http://localhost:3000/_next/static/chunks/node_modules_next_dist_0u_w_5s._.js:1945
[  933101ms] [ERROR] ./src/app/insights/InsightsClient.tsx:221:1
Unexpected token. Did you mean `{'}'}` or `&rbrace;`?
  219 |     </div>
  220 |   );
> 221 | }
      | ^
  222 |

Parsing ecmascript source code failed

Import traces:
  Client Component Browser:
    ./src/app/insights/InsightsClient.tsx [Client Component Browser]
    ./src/app/page.tsx [Client Component Browser]
    ./src/app/page.tsx [Server Component]

  Client Component SSR:
    ./src/app/insights/InsightsClient.tsx [Client Component SSR]
    ./src/app/page.tsx [Client Component SSR]
    ./src/app/page.tsx [Server Component] @ http://localhost:3000/_next/static/chunks/node_modules_next_dist_0u_w_5s._.js:1945
[  933155ms] [ERROR] ./src/app/insights/InsightsClient.tsx:221:1
Unexpected token. Did you mean `{'}'}` or `&rbrace;`?
  219 |     </div>
  220 |   );
> 221 | }
      | ^
  222 |

Parsing ecmascript source code failed

Import traces:
  Client Component Browser:
    ./src/app/insights/InsightsClient.tsx [Client Component Browser]
    ./src/app/page.tsx [Client Component Browser]
    ./src/app/page.tsx [Server Component]

  Client Component SSR:
    ./src/app/insights/InsightsClient.tsx [Client Component SSR]
    ./src/app/page.tsx [Client Component SSR]
    ./src/app/page.tsx [Server Component] @ http://localhost:3000/_next/static/chunks/node_modules_next_dist_0u_w_5s._.js:1945
[  933208ms] [ERROR] ./src/app/insights/InsightsClient.tsx:221:1
Unexpected token. Did you mean `{'}'}` or `&rbrace;`?
  219 |     </div>
  220 |   );
> 221 | }
      | ^
  222 |

Parsing ecmascript source code failed

Import traces:
  Client Component Browser:
    ./src/app/insights/InsightsClient.tsx [Client Component Browser]
    ./src/app/page.tsx [Client Component Browser]
    ./src/app/page.tsx [Server Component]

  Client Component SSR:
    ./src/app/insights/InsightsClient.tsx [Client Component SSR]
    ./src/app/page.tsx [Client Component SSR]
    ./src/app/page.tsx [Server Component] @ http://localhost:3000/_next/static/chunks/node_modules_next_dist_0u_w_5s._.js:1945
[  933258ms] [ERROR] ./src/app/insights/InsightsClient.tsx:221:1
Unexpected token. Did you mean `{'}'}` or `&rbrace;`?
  219 |     </div>
  220 |   );
> 221 | }
      | ^
  222 |

Parsing ecmascript source code failed

Import traces:
  Client Component Browser:
    ./src/app/insights/InsightsClient.tsx [Client Component Browser]
    ./src/app/page.tsx [Client Component Browser]
    ./src/app/page.tsx [Server Component]

  Client Component SSR:
    ./src/app/insights/InsightsClient.tsx [Client Component SSR]
    ./src/app/page.tsx [Client Component SSR]
    ./src/app/page.tsx [Server Component] @ http://localhost:3000/_next/static/chunks/node_modules_next_dist_0u_w_5s._.js:1945
[  933306ms] [ERROR] ./src/app/insights/InsightsClient.tsx:221:1
Unexpected token. Did you mean `{'}'}` or `&rbrace;`?
  219 |     </div>
  220 |   );
> 221 | }
      | ^
  222 |

Parsing ecmascript source code failed

Import traces:
  Client Component Browser:
    ./src/app/insights/InsightsClient.tsx [Client Component Browser]
    ./src/app/page.tsx [Client Component Browser]
    ./src/app/page.tsx [Server Component]

  Client Component SSR:
    ./src/app/insights/InsightsClient.tsx [Client Component SSR]
    ./src/app/page.tsx [Client Component SSR]
    ./src/app/page.tsx [Server Component] @ http://localhost:3000/_next/static/chunks/node_modules_next_dist_0u_w_5s._.js:1945
[  933354ms] [ERROR] ./src/app/insights/InsightsClient.tsx:221:1
Unexpected token. Did you mean `{'}'}` or `&rbrace;`?
  219 |     </div>
  220 |   );
> 221 | }
      | ^
  222 |

Parsing ecmascript source code failed

Import traces:
  Client Component Browser:
    ./src/app/insights/InsightsClient.tsx [Client Component Browser]
    ./src/app/page.tsx [Client Component Browser]
    ./src/app/page.tsx [Server Component]

  Client Component SSR:
    ./src/app/insights/InsightsClient.tsx [Client Component SSR]
    ./src/app/page.tsx [Client Component SSR]
    ./src/app/page.tsx [Server Component] @ http://localhost:3000/_next/static/chunks/node_modules_next_dist_0u_w_5s._.js:1945
[  933393ms] [ERROR] ./src/app/insights/InsightsClient.tsx:221:1
Unexpected token. Did you mean `{'}'}` or `&rbrace;`?
  219 |     </div>
  220 |   );
> 221 | }
      | ^
  222 |

Parsing ecmascript source code failed

Import traces:
  Client Component Browser:
    ./src/app/insights/InsightsClient.tsx [Client Component Browser]
    ./src/app/page.tsx [Client Component Browser]
    ./src/app/page.tsx [Server Component]

  Client Component SSR:
    ./src/app/insights/InsightsClient.tsx [Client Component SSR]
    ./src/app/page.tsx [Client Component SSR]
    ./src/app/page.tsx [Server Component] @ http://localhost:3000/_next/static/chunks/node_modules_next_dist_0u_w_5s._.js:1945
[  933441ms] [ERROR] ./src/app/insights/InsightsClient.tsx:221:1
Unexpected token. Did you mean `{'}'}` or `&rbrace;`?
  219 |     </div>
  220 |   );
> 221 | }
      | ^
  222 |

Parsing ecmascript source code failed

Import traces:
  Client Component Browser:
    ./src/app/insights/InsightsClient.tsx [Client Component Browser]
    ./src/app/page.tsx [Client Component Browser]
    ./src/app/page.tsx [Server Component]

  Client Component SSR:
    ./src/app/insights/InsightsClient.tsx [Client Component SSR]
    ./src/app/page.tsx [Client Component SSR]
    ./src/app/page.tsx [Server Component] @ http://localhost:3000/_next/static/chunks/node_modules_next_dist_0u_w_5s._.js:1945
[  933488ms] [ERROR] ./src/app/insights/InsightsClient.tsx:221:1
Unexpected token. Did you mean `{'}'}` or `&rbrace;`?
  219 |     </div>
  220 |   );
> 221 | }
      | ^
  222 |

Parsing ecmascript source code failed

Import traces:
  Client Component Browser:
    ./src/app/insights/InsightsClient.tsx [Client Component Browser]
    ./src/app/page.tsx [Client Component Browser]
    ./src/app/page.tsx [Server Component]

  Client Component SSR:
    ./src/app/insights/InsightsClient.tsx [Client Component SSR]
    ./src/app/page.tsx [Client Component SSR]
    ./src/app/page.tsx [Server Component] @ http://localhost:3000/_next/static/chunks/node_modules_next_dist_0u_w_5s._.js:1945
[  933536ms] [ERROR] ./src/app/insights/InsightsClient.tsx:221:1
Unexpected token. Did you mean `{'}'}` or `&rbrace;`?
  219 |     </div>
  220 |   );
> 221 | }
      | ^
  222 |

Parsing ecmascript source code failed

Import traces:
  Client Component Browser:
    ./src/app/insights/InsightsClient.tsx [Client Component Browser]
    ./src/app/page.tsx [Client Component Browser]
    ./src/app/page.tsx [Server Component]

  Client Component SSR:
    ./src/app/insights/InsightsClient.tsx [Client Component SSR]
    ./src/app/page.tsx [Client Component SSR]
    ./src/app/page.tsx [Server Component] @ http://localhost:3000/_next/static/chunks/node_modules_next_dist_0u_w_5s._.js:1945
[  933584ms] [ERROR] ./src/app/insights/InsightsClient.tsx:221:1
Unexpected token. Did you mean `{'}'}` or `&rbrace;`?
  219 |     </div>
  220 |   );
> 221 | }
      | ^
  222 |

Parsing ecmascript source code failed

Import traces:
  Client Component Browser:
    ./src/app/insights/InsightsClient.tsx [Client Component Browser]
    ./src/app/page.tsx [Client Component Browser]
    ./src/app/page.tsx [Server Component]

  Client Component SSR:
    ./src/app/insights/InsightsClient.tsx [Client Component SSR]
    ./src/app/page.tsx [Client Component SSR]
    ./src/app/page.tsx [Server Component] @ http://localhost:3000/_next/static/chunks/node_modules_next_dist_0u_w_5s._.js:1945
[  933636ms] [ERROR] ./src/app/insights/InsightsClient.tsx:221:1
Unexpected token. Did you mean `{'}'}` or `&rbrace;`?
  219 |     </div>
  220 |   );
> 221 | }
      | ^
  222 |

Parsing ecmascript source code failed

Import traces:
  Client Component Browser:
    ./src/app/insights/InsightsClient.tsx [Client Component Browser]
    ./src/app/page.tsx [Client Component Browser]
    ./src/app/page.tsx [Server Component]

  Client Component SSR:
    ./src/app/insights/InsightsClient.tsx [Client Component SSR]
    ./src/app/page.tsx [Client Component SSR]
    ./src/app/page.tsx [Server Component] @ http://localhost:3000/_next/static/chunks/node_modules_next_dist_0u_w_5s._.js:1945
[  933691ms] [ERROR] ./src/app/insights/InsightsClient.tsx:221:1
Unexpected token. Did you mean `{'}'}` or `&rbrace;`?
  219 |     </div>
  220 |   );
> 221 | }
      | ^
  222 |

Parsing ecmascript source code failed

Import traces:
  Client Component Browser:
    ./src/app/insights/InsightsClient.tsx [Client Component Browser]
    ./src/app/page.tsx [Client Component Browser]
    ./src/app/page.tsx [Server Component]

  Client Component SSR:
    ./src/app/insights/InsightsClient.tsx [Client Component SSR]
    ./src/app/page.tsx [Client Component SSR]
    ./src/app/page.tsx [Server Component] @ http://localhost:3000/_next/static/chunks/node_modules_next_dist_0u_w_5s._.js:1945
[  933745ms] [ERROR] ./src/app/insights/InsightsClient.tsx:221:1
Unexpected token. Did you mean `{'}'}` or `&rbrace;`?
  219 |     </div>
  220 |   );
> 221 | }
      | ^
  222 |

Parsing ecmascript source code failed

Import traces:
  Client Component Browser:
    ./src/app/insights/InsightsClient.tsx [Client Component Browser]
    ./src/app/page.tsx [Client Component Browser]
    ./src/app/page.tsx [Server Component]

  Client Component SSR:
    ./src/app/insights/InsightsClient.tsx [Client Component SSR]
    ./src/app/page.tsx [Client Component SSR]
    ./src/app/page.tsx [Server Component] @ http://localhost:3000/_next/static/chunks/node_modules_next_dist_0u_w_5s._.js:1945
[  933800ms] [ERROR] ./src/app/insights/InsightsClient.tsx:221:1
Unexpected token. Did you mean `{'}'}` or `&rbrace;`?
  219 |     </div>
  220 |   );
> 221 | }
      | ^
  222 |

Parsing ecmascript source code failed

Import traces:
  Client Component Browser:
    ./src/app/insights/InsightsClient.tsx [Client Component Browser]
    ./src/app/page.tsx [Client Component Browser]
    ./src/app/page.tsx [Server Component]

  Client Component SSR:
    ./src/app/insights/InsightsClient.tsx [Client Component SSR]
    ./src/app/page.tsx [Client Component SSR]
    ./src/app/page.tsx [Server Component] @ http://localhost:3000/_next/static/chunks/node_modules_next_dist_0u_w_5s._.js:1945
[  933856ms] [ERROR] ./src/app/insights/InsightsClient.tsx:221:1
Unexpected token. Did you mean `{'}'}` or `&rbrace;`?
  219 |     </div>
  220 |   );
> 221 | }
      | ^
  222 |

Parsing ecmascript source code failed

Import traces:
  Client Component Browser:
    ./src/app/insights/InsightsClient.tsx [Client Component Browser]
    ./src/app/page.tsx [Client Component Browser]
    ./src/app/page.tsx [Server Component]

  Client Component SSR:
    ./src/app/insights/InsightsClient.tsx [Client Component SSR]
    ./src/app/page.tsx [Client Component SSR]
    ./src/app/page.tsx [Server Component] @ http://localhost:3000/_next/static/chunks/node_modules_next_dist_0u_w_5s._.js:1945
[  933911ms] [ERROR] ./src/app/insights/InsightsClient.tsx:221:1
Unexpected token. Did you mean `{'}'}` or `&rbrace;`?
  219 |     </div>
  220 |   );
> 221 | }
      | ^
  222 |

Parsing ecmascript source code failed

Import traces:
  Client Component Browser:
    ./src/app/insights/InsightsClient.tsx [Client Component Browser]
    ./src/app/page.tsx [Client Component Browser]
    ./src/app/page.tsx [Server Component]

  Client Component SSR:
    ./src/app/insights/InsightsClient.tsx [Client Component SSR]
    ./src/app/page.tsx [Client Component SSR]
    ./src/app/page.tsx [Server Component] @ http://localhost:3000/_next/static/chunks/node_modules_next_dist_0u_w_5s._.js:1945
[  933963ms] [ERROR] ./src/app/insights/InsightsClient.tsx:221:1
Unexpected token. Did you mean `{'}'}` or `&rbrace;`?
  219 |     </div>
  220 |   );
> 221 | }
      | ^
  222 |

Parsing ecmascript source code failed

Import traces:
  Client Component Browser:
    ./src/app/insights/InsightsClient.tsx [Client Component Browser]
    ./src/app/page.tsx [Client Component Browser]
    ./src/app/page.tsx [Server Component]

  Client Component SSR:
    ./src/app/insights/InsightsClient.tsx [Client Component SSR]
    ./src/app/page.tsx [Client Component SSR]
    ./src/app/page.tsx [Server Component] @ http://localhost:3000/_next/static/chunks/node_modules_next_dist_0u_w_5s._.js:1945
[  934019ms] [ERROR] ./src/app/insights/InsightsClient.tsx:221:1
Unexpected token. Did you mean `{'}'}` or `&rbrace;`?
  219 |     </div>
  220 |   );
> 221 | }
      | ^
  222 |

Parsing ecmascript source code failed

Import traces:
  Client Component Browser:
    ./src/app/insights/InsightsClient.tsx [Client Component Browser]
    ./src/app/page.tsx [Client Component Browser]
    ./src/app/page.tsx [Server Component]

  Client Component SSR:
    ./src/app/insights/InsightsClient.tsx [Client Component SSR]
    ./src/app/page.tsx [Client Component SSR]
    ./src/app/page.tsx [Server Component] @ http://localhost:3000/_next/static/chunks/node_modules_next_dist_0u_w_5s._.js:1945
[  934072ms] [ERROR] ./src/app/insights/InsightsClient.tsx:221:1
Unexpected token. Did you mean `{'}'}` or `&rbrace;`?
  219 |     </div>
  220 |   );
> 221 | }
      | ^
  222 |

Parsing ecmascript source code failed

Import traces:
  Client Component Browser:
    ./src/app/insights/InsightsClient.tsx [Client Component Browser]
    ./src/app/page.tsx [Client Component Browser]
    ./src/app/page.tsx [Server Component]

  Client Component SSR:
    ./src/app/insights/InsightsClient.tsx [Client Component SSR]
    ./src/app/page.tsx [Client Component SSR]
    ./src/app/page.tsx [Server Component] @ http://localhost:3000/_next/static/chunks/node_modules_next_dist_0u_w_5s._.js:1945
[  934123ms] [ERROR] ./src/app/insights/InsightsClient.tsx:221:1
Unexpected token. Did you mean `{'}'}` or `&rbrace;`?
  219 |     </div>
  220 |   );
> 221 | }
      | ^
  222 |

Parsing ecmascript source code failed

Import traces:
  Client Component Browser:
    ./src/app/insights/InsightsClient.tsx [Client Component Browser]
    ./src/app/page.tsx [Client Component Browser]
    ./src/app/page.tsx [Server Component]

  Client Component SSR:
    ./src/app/insights/InsightsClient.tsx [Client Component SSR]
    ./src/app/page.tsx [Client Component SSR]
    ./src/app/page.tsx [Server Component] @ http://localhost:3000/_next/static/chunks/node_modules_next_dist_0u_w_5s._.js:1945
[  934177ms] [ERROR] ./src/app/insights/InsightsClient.tsx:221:1
Unexpected token. Did you mean `{'}'}` or `&rbrace;`?
  219 |     </div>
  220 |   );
> 221 | }
      | ^
  222 |

Parsing ecmascript source code failed

Import traces:
  Client Component Browser:
    ./src/app/insights/InsightsClient.tsx [Client Component Browser]
    ./src/app/page.tsx [Client Component Browser]
    ./src/app/page.tsx [Server Component]

  Client Component SSR:
    ./src/app/insights/InsightsClient.tsx [Client Component SSR]
    ./src/app/page.tsx [Client Component SSR]
    ./src/app/page.tsx [Server Component] @ http://localhost:3000/_next/static/chunks/node_modules_next_dist_0u_w_5s._.js:1945
[  934232ms] [ERROR] ./src/app/insights/InsightsClient.tsx:221:1
Unexpected token. Did you mean `{'}'}` or `&rbrace;`?
  219 |     </div>
  220 |   );
> 221 | }
      | ^
  222 |

Parsing ecmascript source code failed

Import traces:
  Client Component Browser:
    ./src/app/insights/InsightsClient.tsx [Client Component Browser]
    ./src/app/page.tsx [Client Component Browser]
    ./src/app/page.tsx [Server Component]

  Client Component SSR:
    ./src/app/insights/InsightsClient.tsx [Client Component SSR]
    ./src/app/page.tsx [Client Component SSR]
    ./src/app/page.tsx [Server Component] @ http://localhost:3000/_next/static/chunks/node_modules_next_dist_0u_w_5s._.js:1945
[  934290ms] [ERROR] ./src/app/insights/InsightsClient.tsx:221:1
Unexpected token. Did you mean `{'}'}` or `&rbrace;`?
  219 |     </div>
  220 |   );
> 221 | }
      | ^
  222 |

Parsing ecmascript source code failed

Import traces:
  Client Component Browser:
    ./src/app/insights/InsightsClient.tsx [Client Component Browser]
    ./src/app/page.tsx [Client Component Browser]
    ./src/app/page.tsx [Server Component]

  Client Component SSR:
    ./src/app/insights/InsightsClient.tsx [Client Component SSR]
    ./src/app/page.tsx [Client Component SSR]
    ./src/app/page.tsx [Server Component] @ http://localhost:3000/_next/static/chunks/node_modules_next_dist_0u_w_5s._.js:1945
[  934346ms] [ERROR] ./src/app/insights/InsightsClient.tsx:221:1
Unexpected token. Did you mean `{'}'}` or `&rbrace;`?
  219 |     </div>
  220 |   );
> 221 | }
      | ^
  222 |

Parsing ecmascript source code failed

Import traces:
  Client Component Browser:
    ./src/app/insights/InsightsClient.tsx [Client Component Browser]
    ./src/app/page.tsx [Client Component Browser]
    ./src/app/page.tsx [Server Component]

  Client Component SSR:
    ./src/app/insights/InsightsClient.tsx [Client Component SSR]
    ./src/app/page.tsx [Client Component SSR]
    ./src/app/page.tsx [Server Component] @ http://localhost:3000/_next/static/chunks/node_modules_next_dist_0u_w_5s._.js:1945
[  934402ms] [ERROR] ./src/app/insights/InsightsClient.tsx:221:1
Unexpected token. Did you mean `{'}'}` or `&rbrace;`?
  219 |     </div>
  220 |   );
> 221 | }
      | ^
  222 |

Parsing ecmascript source code failed

Import traces:
  Client Component Browser:
    ./src/app/insights/InsightsClient.tsx [Client Component Browser]
    ./src/app/page.tsx [Client Component Browser]
    ./src/app/page.tsx [Server Component]

  Client Component SSR:
    ./src/app/insights/InsightsClient.tsx [Client Component SSR]
    ./src/app/page.tsx [Client Component SSR]
    ./src/app/page.tsx [Server Component] @ http://localhost:3000/_next/static/chunks/node_modules_next_dist_0u_w_5s._.js:1945
[  934454ms] [ERROR] ./src/app/insights/InsightsClient.tsx:221:1
Unexpected token. Did you mean `{'}'}` or `&rbrace;`?
  219 |     </div>
  220 |   );
> 221 | }
      | ^
  222 |

Parsing ecmascript source code failed

Import traces:
  Client Component Browser:
    ./src/app/insights/InsightsClient.tsx [Client Component Browser]
    ./src/app/page.tsx [Client Component Browser]
    ./src/app/page.tsx [Server Component]

  Client Component SSR:
    ./src/app/insights/InsightsClient.tsx [Client Component SSR]
    ./src/app/page.tsx [Client Component SSR]
    ./src/app/page.tsx [Server Component] @ http://localhost:3000/_next/static/chunks/node_modules_next_dist_0u_w_5s._.js:1945
[  934506ms] [ERROR] ./src/app/insights/InsightsClient.tsx:221:1
Unexpected token. Did you mean `{'}'}` or `&rbrace;`?
  219 |     </div>
  220 |   );
> 221 | }
      | ^
  222 |

Parsing ecmascript source code failed

Import traces:
  Client Component Browser:
    ./src/app/insights/InsightsClient.tsx [Client Component Browser]
    ./src/app/page.tsx [Client Component Browser]
    ./src/app/page.tsx [Server Component]

  Client Component SSR:
    ./src/app/insights/InsightsClient.tsx [Client Component SSR]
    ./src/app/page.tsx [Client Component SSR]
    ./src/app/page.tsx [Server Component] @ http://localhost:3000/_next/static/chunks/node_modules_next_dist_0u_w_5s._.js:1945
[  934559ms] [ERROR] ./src/app/insights/InsightsClient.tsx:221:1
Unexpected token. Did you mean `{'}'}` or `&rbrace;`?
  219 |     </div>
  220 |   );
> 221 | }
      | ^
  222 |

Parsing ecmascript source code failed

Import traces:
  Client Component Browser:
    ./src/app/insights/InsightsClient.tsx [Client Component Browser]
    ./src/app/page.tsx [Client Component Browser]
    ./src/app/page.tsx [Server Component]

  Client Component SSR:
    ./src/app/insights/InsightsClient.tsx [Client Component SSR]
    ./src/app/page.tsx [Client Component SSR]
    ./src/app/page.tsx [Server Component] @ http://localhost:3000/_next/static/chunks/node_modules_next_dist_0u_w_5s._.js:1945
[  934613ms] [ERROR] ./src/app/insights/InsightsClient.tsx:221:1
Unexpected token. Did you mean `{'}'}` or `&rbrace;`?
  219 |     </div>
  220 |   );
> 221 | }
      | ^
  222 |

Parsing ecmascript source code failed

Import traces:
  Client Component Browser:
    ./src/app/insights/InsightsClient.tsx [Client Component Browser]
    ./src/app/page.tsx [Client Component Browser]
    ./src/app/page.tsx [Server Component]

  Client Component SSR:
    ./src/app/insights/InsightsClient.tsx [Client Component SSR]
    ./src/app/page.tsx [Client Component SSR]
    ./src/app/page.tsx [Server Component] @ http://localhost:3000/_next/static/chunks/node_modules_next_dist_0u_w_5s._.js:1945
[  934669ms] [ERROR] ./src/app/insights/InsightsClient.tsx:221:1
Unexpected token. Did you mean `{'}'}` or `&rbrace;`?
  219 |     </div>
  220 |   );
> 221 | }
      | ^
  222 |

Parsing ecmascript source code failed

Import traces:
  Client Component Browser:
    ./src/app/insights/InsightsClient.tsx [Client Component Browser]
    ./src/app/page.tsx [Client Component Browser]
    ./src/app/page.tsx [Server Component]

  Client Component SSR:
    ./src/app/insights/InsightsClient.tsx [Client Component SSR]
    ./src/app/page.tsx [Client Component SSR]
    ./src/app/page.tsx [Server Component] @ http://localhost:3000/_next/static/chunks/node_modules_next_dist_0u_w_5s._.js:1945
[  934723ms] [ERROR] ./src/app/insights/InsightsClient.tsx:221:1
Unexpected token. Did you mean `{'}'}` or `&rbrace;`?
  219 |     </div>
  220 |   );
> 221 | }
      | ^
  222 |

Parsing ecmascript source code failed

Import traces:
  Client Component Browser:
    ./src/app/insights/InsightsClient.tsx [Client Component Browser]
    ./src/app/page.tsx [Client Component Browser]
    ./src/app/page.tsx [Server Component]

  Client Component SSR:
    ./src/app/insights/InsightsClient.tsx [Client Component SSR]
    ./src/app/page.tsx [Client Component SSR]
    ./src/app/page.tsx [Server Component] @ http://localhost:3000/_next/static/chunks/node_modules_next_dist_0u_w_5s._.js:1945
[  934779ms] [ERROR] ./src/app/insights/InsightsClient.tsx:221:1
Unexpected token. Did you mean `{'}'}` or `&rbrace;`?
  219 |     </div>
  220 |   );
> 221 | }
      | ^
  222 |

Parsing ecmascript source code failed

Import traces:
  Client Component Browser:
    ./src/app/insights/InsightsClient.tsx [Client Component Browser]
    ./src/app/page.tsx [Client Component Browser]
    ./src/app/page.tsx [Server Component]

  Client Component SSR:
    ./src/app/insights/InsightsClient.tsx [Client Component SSR]
    ./src/app/page.tsx [Client Component SSR]
    ./src/app/page.tsx [Server Component] @ http://localhost:3000/_next/static/chunks/node_modules_next_dist_0u_w_5s._.js:1945
[  934833ms] [ERROR] ./src/app/insights/InsightsClient.tsx:221:1
Unexpected token. Did you mean `{'}'}` or `&rbrace;`?
  219 |     </div>
  220 |   );
> 221 | }
      | ^
  222 |

Parsing ecmascript source code failed

Import traces:
  Client Component Browser:
    ./src/app/insights/InsightsClient.tsx [Client Component Browser]
    ./src/app/page.tsx [Client Component Browser]
    ./src/app/page.tsx [Server Component]

  Client Component SSR:
    ./src/app/insights/InsightsClient.tsx [Client Component SSR]
    ./src/app/page.tsx [Client Component SSR]
    ./src/app/page.tsx [Server Component] @ http://localhost:3000/_next/static/chunks/node_modules_next_dist_0u_w_5s._.js:1945
[  934889ms] [ERROR] ./src/app/insights/InsightsClient.tsx:221:1
Unexpected token. Did you mean `{'}'}` or `&rbrace;`?
  219 |     </div>
  220 |   );
> 221 | }
      | ^
  222 |

Parsing ecmascript source code failed

Import traces:
  Client Component Browser:
    ./src/app/insights/InsightsClient.tsx [Client Component Browser]
    ./src/app/page.tsx [Client Component Browser]
    ./src/app/page.tsx [Server Component]

  Client Component SSR:
    ./src/app/insights/InsightsClient.tsx [Client Component SSR]
    ./src/app/page.tsx [Client Component SSR]
    ./src/app/page.tsx [Server Component] @ http://localhost:3000/_next/static/chunks/node_modules_next_dist_0u_w_5s._.js:1945
[  934944ms] [ERROR] ./src/app/insights/InsightsClient.tsx:221:1
Unexpected token. Did you mean `{'}'}` or `&rbrace;`?
  219 |     </div>
  220 |   );
> 221 | }
      | ^
  222 |

Parsing ecmascript source code failed

Import traces:
  Client Component Browser:
    ./src/app/insights/InsightsClient.tsx [Client Component Browser]
    ./src/app/page.tsx [Client Component Browser]
    ./src/app/page.tsx [Server Component]

  Client Component SSR:
    ./src/app/insights/InsightsClient.tsx [Client Component SSR]
    ./src/app/page.tsx [Client Component SSR]
    ./src/app/page.tsx [Server Component] @ http://localhost:3000/_next/static/chunks/node_modules_next_dist_0u_w_5s._.js:1945
[  934996ms] [ERROR] ./src/app/insights/InsightsClient.tsx:221:1
Unexpected token. Did you mean `{'}'}` or `&rbrace;`?
  219 |     </div>
  220 |   );
> 221 | }
      | ^
  222 |

Parsing ecmascript source code failed

Import traces:
  Client Component Browser:
    ./src/app/insights/InsightsClient.tsx [Client Component Browser]
    ./src/app/page.tsx [Client Component Browser]
    ./src/app/page.tsx [Server Component]

  Client Component SSR:
    ./src/app/insights/InsightsClient.tsx [Client Component SSR]
    ./src/app/page.tsx [Client Component SSR]
    ./src/app/page.tsx [Server Component] @ http://localhost:3000/_next/static/chunks/node_modules_next_dist_0u_w_5s._.js:1945
[  935045ms] [ERROR] ./src/app/insights/InsightsClient.tsx:221:1
Unexpected token. Did you mean `{'}'}` or `&rbrace;`?
  219 |     </div>
  220 |   );
> 221 | }
      | ^
  222 |

Parsing ecmascript source code failed

Import traces:
  Client Component Browser:
    ./src/app/insights/InsightsClient.tsx [Client Component Browser]
    ./src/app/page.tsx [Client Component Browser]
    ./src/app/page.tsx [Server Component]

  Client Component SSR:
    ./src/app/insights/InsightsClient.tsx [Client Component SSR]
    ./src/app/page.tsx [Client Component SSR]
    ./src/app/page.tsx [Server Component] @ http://localhost:3000/_next/static/chunks/node_modules_next_dist_0u_w_5s._.js:1945
[  935101ms] [ERROR] ./src/app/insights/InsightsClient.tsx:221:1
Unexpected token. Did you mean `{'}'}` or `&rbrace;`?
  219 |     </div>
  220 |   );
> 221 | }
      | ^
  222 |

Parsing ecmascript source code failed

Import traces:
  Client Component Browser:
    ./src/app/insights/InsightsClient.tsx [Client Component Browser]
    ./src/app/page.tsx [Client Component Browser]
    ./src/app/page.tsx [Server Component]

  Client Component SSR:
    ./src/app/insights/InsightsClient.tsx [Client Component SSR]
    ./src/app/page.tsx [Client Component SSR]
    ./src/app/page.tsx [Server Component] @ http://localhost:3000/_next/static/chunks/node_modules_next_dist_0u_w_5s._.js:1945
[  935156ms] [ERROR] ./src/app/insights/InsightsClient.tsx:221:1
Unexpected token. Did you mean `{'}'}` or `&rbrace;`?
  219 |     </div>
  220 |   );
> 221 | }
      | ^
  222 |

Parsing ecmascript source code failed

Import traces:
  Client Component Browser:
    ./src/app/insights/InsightsClient.tsx [Client Component Browser]
    ./src/app/page.tsx [Client Component Browser]
    ./src/app/page.tsx [Server Component]

  Client Component SSR:
    ./src/app/insights/InsightsClient.tsx [Client Component SSR]
    ./src/app/page.tsx [Client Component SSR]
    ./src/app/page.tsx [Server Component] @ http://localhost:3000/_next/static/chunks/node_modules_next_dist_0u_w_5s._.js:1945
[  935210ms] [ERROR] ./src/app/insights/InsightsClient.tsx:221:1
Unexpected token. Did you mean `{'}'}` or `&rbrace;`?
  219 |     </div>
  220 |   );
> 221 | }
      | ^
  222 |

Parsing ecmascript source code failed

Import traces:
  Client Component Browser:
    ./src/app/insights/InsightsClient.tsx [Client Component Browser]
    ./src/app/page.tsx [Client Component Browser]
    ./src/app/page.tsx [Server Component]

  Client Component SSR:
    ./src/app/insights/InsightsClient.tsx [Client Component SSR]
    ./src/app/page.tsx [Client Component SSR]
    ./src/app/page.tsx [Server Component] @ http://localhost:3000/_next/static/chunks/node_modules_next_dist_0u_w_5s._.js:1945
[  935266ms] [ERROR] ./src/app/insights/InsightsClient.tsx:221:1
Unexpected token. Did you mean `{'}'}` or `&rbrace;`?
  219 |     </div>
  220 |   );
> 221 | }
      | ^
  222 |

Parsing ecmascript source code failed

Import traces:
  Client Component Browser:
    ./src/app/insights/InsightsClient.tsx [Client Component Browser]
    ./src/app/page.tsx [Client Component Browser]
    ./src/app/page.tsx [Server Component]

  Client Component SSR:
    ./src/app/insights/InsightsClient.tsx [Client Component SSR]
    ./src/app/page.tsx [Client Component SSR]
    ./src/app/page.tsx [Server Component] @ http://localhost:3000/_next/static/chunks/node_modules_next_dist_0u_w_5s._.js:1945
[  935323ms] [ERROR] ./src/app/insights/InsightsClient.tsx:221:1
Unexpected token. Did you mean `{'}'}` or `&rbrace;`?
  219 |     </div>
  220 |   );
> 221 | }
      | ^
  222 |

Parsing ecmascript source code failed

Import traces:
  Client Component Browser:
    ./src/app/insights/InsightsClient.tsx [Client Component Browser]
    ./src/app/page.tsx [Client Component Browser]
    ./src/app/page.tsx [Server Component]

  Client Component SSR:
    ./src/app/insights/InsightsClient.tsx [Client Component SSR]
    ./src/app/page.tsx [Client Component SSR]
    ./src/app/page.tsx [Server Component] @ http://localhost:3000/_next/static/chunks/node_modules_next_dist_0u_w_5s._.js:1945
[  935379ms] [ERROR] ./src/app/insights/InsightsClient.tsx:221:1
Unexpected token. Did you mean `{'}'}` or `&rbrace;`?
  219 |     </div>
  220 |   );
> 221 | }
      | ^
  222 |

Parsing ecmascript source code failed

Import traces:
  Client Component Browser:
    ./src/app/insights/InsightsClient.tsx [Client Component Browser]
    ./src/app/page.tsx [Client Component Browser]
    ./src/app/page.tsx [Server Component]

  Client Component SSR:
    ./src/app/insights/InsightsClient.tsx [Client Component SSR]
    ./src/app/page.tsx [Client Component SSR]
    ./src/app/page.tsx [Server Component] @ http://localhost:3000/_next/static/chunks/node_modules_next_dist_0u_w_5s._.js:1945
[  935434ms] [ERROR] ./src/app/insights/InsightsClient.tsx:221:1
Unexpected token. Did you mean `{'}'}` or `&rbrace;`?
  219 |     </div>
  220 |   );
> 221 | }
      | ^
  222 |

Parsing ecmascript source code failed

Import traces:
  Client Component Browser:
    ./src/app/insights/InsightsClient.tsx [Client Component Browser]
    ./src/app/page.tsx [Client Component Browser]
    ./src/app/page.tsx [Server Component]

  Client Component SSR:
    ./src/app/insights/InsightsClient.tsx [Client Component SSR]
    ./src/app/page.tsx [Client Component SSR]
    ./src/app/page.tsx [Server Component] @ http://localhost:3000/_next/static/chunks/node_modules_next_dist_0u_w_5s._.js:1945
[  935487ms] [ERROR] ./src/app/insights/InsightsClient.tsx:221:1
Unexpected token. Did you mean `{'}'}` or `&rbrace;`?
  219 |     </div>
  220 |   );
> 221 | }
      | ^
  222 |

Parsing ecmascript source code failed

Import traces:
  Client Component Browser:
    ./src/app/insights/InsightsClient.tsx [Client Component Browser]
    ./src/app/page.tsx [Client Component Browser]
    ./src/app/page.tsx [Server Component]

  Client Component SSR:
    ./src/app/insights/InsightsClient.tsx [Client Component SSR]
    ./src/app/page.tsx [Client Component SSR]
    ./src/app/page.tsx [Server Component] @ http://localhost:3000/_next/static/chunks/node_modules_next_dist_0u_w_5s._.js:1945
[  935540ms] [ERROR] ./src/app/insights/InsightsClient.tsx:221:1
Unexpected token. Did you mean `{'}'}` or `&rbrace;`?
  219 |     </div>
  220 |   );
> 221 | }
      | ^
  222 |

Parsing ecmascript source code failed

Import traces:
  Client Component Browser:
    ./src/app/insights/InsightsClient.tsx [Client Component Browser]
    ./src/app/page.tsx [Client Component Browser]
    ./src/app/page.tsx [Server Component]

  Client Component SSR:
    ./src/app/insights/InsightsClient.tsx [Client Component SSR]
    ./src/app/page.tsx [Client Component SSR]
    ./src/app/page.tsx [Server Component] @ http://localhost:3000/_next/static/chunks/node_modules_next_dist_0u_w_5s._.js:1945
[  935593ms] [ERROR] ./src/app/insights/InsightsClient.tsx:221:1
Unexpected token. Did you mean `{'}'}` or `&rbrace;`?
  219 |     </div>
  220 |   );
> 221 | }
      | ^
  222 |

Parsing ecmascript source code failed

Import traces:
  Client Component Browser:
    ./src/app/insights/InsightsClient.tsx [Client Component Browser]
    ./src/app/page.tsx [Client Component Browser]
    ./src/app/page.tsx [Server Component]

  Client Component SSR:
    ./src/app/insights/InsightsClient.tsx [Client Component SSR]
    ./src/app/page.tsx [Client Component SSR]
    ./src/app/page.tsx [Server Component] @ http://localhost:3000/_next/static/chunks/node_modules_next_dist_0u_w_5s._.js:1945
[  935648ms] [ERROR] ./src/app/insights/InsightsClient.tsx:221:1
Unexpected token. Did you mean `{'}'}` or `&rbrace;`?
  219 |     </div>
  220 |   );
> 221 | }
      | ^
  222 |

Parsing ecmascript source code failed

Import traces:
  Client Component Browser:
    ./src/app/insights/InsightsClient.tsx [Client Component Browser]
    ./src/app/page.tsx [Client Component Browser]
    ./src/app/page.tsx [Server Component]

  Client Component SSR:
    ./src/app/insights/InsightsClient.tsx [Client Component SSR]
    ./src/app/page.tsx [Client Component SSR]
    ./src/app/page.tsx [Server Component] @ http://localhost:3000/_next/static/chunks/node_modules_next_dist_0u_w_5s._.js:1945
[  935704ms] [ERROR] ./src/app/insights/InsightsClient.tsx:221:1
Unexpected token. Did you mean `{'}'}` or `&rbrace;`?
  219 |     </div>
  220 |   );
> 221 | }
      | ^
  222 |

Parsing ecmascript source code failed

Import traces:
  Client Component Browser:
    ./src/app/insights/InsightsClient.tsx [Client Component Browser]
    ./src/app/page.tsx [Client Component Browser]
    ./src/app/page.tsx [Server Component]

  Client Component SSR:
    ./src/app/insights/InsightsClient.tsx [Client Component SSR]
    ./src/app/page.tsx [Client Component SSR]
    ./src/app/page.tsx [Server Component] @ http://localhost:3000/_next/static/chunks/node_modules_next_dist_0u_w_5s._.js:1945
[  935758ms] [ERROR] ./src/app/insights/InsightsClient.tsx:221:1
Unexpected token. Did you mean `{'}'}` or `&rbrace;`?
  219 |     </div>
  220 |   );
> 221 | }
      | ^
  222 |

Parsing ecmascript source code failed

Import traces:
  Client Component Browser:
    ./src/app/insights/InsightsClient.tsx [Client Component Browser]
    ./src/app/page.tsx [Client Component Browser]
    ./src/app/page.tsx [Server Component]

  Client Component SSR:
    ./src/app/insights/InsightsClient.tsx [Client Component SSR]
    ./src/app/page.tsx [Client Component SSR]
    ./src/app/page.tsx [Server Component] @ http://localhost:3000/_next/static/chunks/node_modules_next_dist_0u_w_5s._.js:1945
[  935811ms] [ERROR] ./src/app/insights/InsightsClient.tsx:221:1
Unexpected token. Did you mean `{'}'}` or `&rbrace;`?
  219 |     </div>
  220 |   );
> 221 | }
      | ^
  222 |

Parsing ecmascript source code failed

Import traces:
  Client Component Browser:
    ./src/app/insights/InsightsClient.tsx [Client Component Browser]
    ./src/app/page.tsx [Client Component Browser]
    ./src/app/page.tsx [Server Component]

  Client Component SSR:
    ./src/app/insights/InsightsClient.tsx [Client Component SSR]
    ./src/app/page.tsx [Client Component SSR]
    ./src/app/page.tsx [Server Component] @ http://localhost:3000/_next/static/chunks/node_modules_next_dist_0u_w_5s._.js:1945
[  935865ms] [ERROR] ./src/app/insights/InsightsClient.tsx:221:1
Unexpected token. Did you mean `{'}'}` or `&rbrace;`?
  219 |     </div>
  220 |   );
> 221 | }
      | ^
  222 |

Parsing ecmascript source code failed

Import traces:
  Client Component Browser:
    ./src/app/insights/InsightsClient.tsx [Client Component Browser]
    ./src/app/page.tsx [Client Component Browser]
    ./src/app/page.tsx [Server Component]

  Client Component SSR:
    ./src/app/insights/InsightsClient.tsx [Client Component SSR]
    ./src/app/page.tsx [Client Component SSR]
    ./src/app/page.tsx [Server Component] @ http://localhost:3000/_next/static/chunks/node_modules_next_dist_0u_w_5s._.js:1945
[  935920ms] [ERROR] ./src/app/insights/InsightsClient.tsx:221:1
Unexpected token. Did you mean `{'}'}` or `&rbrace;`?
  219 |     </div>
  220 |   );
> 221 | }
      | ^
  222 |

Parsing ecmascript source code failed

Import traces:
  Client Component Browser:
    ./src/app/insights/InsightsClient.tsx [Client Component Browser]
    ./src/app/page.tsx [Client Component Browser]
    ./src/app/page.tsx [Server Component]

  Client Component SSR:
    ./src/app/insights/InsightsClient.tsx [Client Component SSR]
    ./src/app/page.tsx [Client Component SSR]
    ./src/app/page.tsx [Server Component] @ http://localhost:3000/_next/static/chunks/node_modules_next_dist_0u_w_5s._.js:1945
[  935972ms] [ERROR] ./src/app/insights/InsightsClient.tsx:221:1
Unexpected token. Did you mean `{'}'}` or `&rbrace;`?
  219 |     </div>
  220 |   );
> 221 | }
      | ^
  222 |

Parsing ecmascript source code failed

Import traces:
  Client Component Browser:
    ./src/app/insights/InsightsClient.tsx [Client Component Browser]
    ./src/app/page.tsx [Client Component Browser]
    ./src/app/page.tsx [Server Component]

  Client Component SSR:
    ./src/app/insights/InsightsClient.tsx [Client Component SSR]
    ./src/app/page.tsx [Client Component SSR]
    ./src/app/page.tsx [Server Component] @ http://localhost:3000/_next/static/chunks/node_modules_next_dist_0u_w_5s._.js:1945
[  936027ms] [ERROR] ./src/app/insights/InsightsClient.tsx:221:1
Unexpected token. Did you mean `{'}'}` or `&rbrace;`?
  219 |     </div>
  220 |   );
> 221 | }
      | ^
  222 |

Parsing ecmascript source code failed

Import traces:
  Client Component Browser:
    ./src/app/insights/InsightsClient.tsx [Client Component Browser]
    ./src/app/page.tsx [Client Component Browser]
    ./src/app/page.tsx [Server Component]

  Client Component SSR:
    ./src/app/insights/InsightsClient.tsx [Client Component SSR]
    ./src/app/page.tsx [Client Component SSR]
    ./src/app/page.tsx [Server Component] @ http://localhost:3000/_next/static/chunks/node_modules_next_dist_0u_w_5s._.js:1945
[  936084ms] [ERROR] ./src/app/insights/InsightsClient.tsx:221:1
Unexpected token. Did you mean `{'}'}` or `&rbrace;`?
  219 |     </div>
  220 |   );
> 221 | }
      | ^
  222 |

Parsing ecmascript source code failed

Import traces:
  Client Component Browser:
    ./src/app/insights/InsightsClient.tsx [Client Component Browser]
    ./src/app/page.tsx [Client Component Browser]
    ./src/app/page.tsx [Server Component]

  Client Component SSR:
    ./src/app/insights/InsightsClient.tsx [Client Component SSR]
    ./src/app/page.tsx [Client Component SSR]
    ./src/app/page.tsx [Server Component] @ http://localhost:3000/_next/static/chunks/node_modules_next_dist_0u_w_5s._.js:1945
[  936138ms] [ERROR] ./src/app/insights/InsightsClient.tsx:221:1
Unexpected token. Did you mean `{'}'}` or `&rbrace;`?
  219 |     </div>
  220 |   );
> 221 | }
      | ^
  222 |

Parsing ecmascript source code failed

Import traces:
  Client Component Browser:
    ./src/app/insights/InsightsClient.tsx [Client Component Browser]
    ./src/app/page.tsx [Client Component Browser]
    ./src/app/page.tsx [Server Component]

  Client Component SSR:
    ./src/app/insights/InsightsClient.tsx [Client Component SSR]
    ./src/app/page.tsx [Client Component SSR]
    ./src/app/page.tsx [Server Component] @ http://localhost:3000/_next/static/chunks/node_modules_next_dist_0u_w_5s._.js:1945
[  936193ms] [ERROR] ./src/app/insights/InsightsClient.tsx:221:1
Unexpected token. Did you mean `{'}'}` or `&rbrace;`?
  219 |     </div>
  220 |   );
> 221 | }
      | ^
  222 |

Parsing ecmascript source code failed

Import traces:
  Client Component Browser:
    ./src/app/insights/InsightsClient.tsx [Client Component Browser]
    ./src/app/page.tsx [Client Component Browser]
    ./src/app/page.tsx [Server Component]

  Client Component SSR:
    ./src/app/insights/InsightsClient.tsx [Client Component SSR]
    ./src/app/page.tsx [Client Component SSR]
    ./src/app/page.tsx [Server Component] @ http://localhost:3000/_next/static/chunks/node_modules_next_dist_0u_w_5s._.js:1945
[  936247ms] [ERROR] ./src/app/insights/InsightsClient.tsx:221:1
Unexpected token. Did you mean `{'}'}` or `&rbrace;`?
  219 |     </div>
  220 |   );
> 221 | }
      | ^
  222 |

Parsing ecmascript source code failed

Import traces:
  Client Component Browser:
    ./src/app/insights/InsightsClient.tsx [Client Component Browser]
    ./src/app/page.tsx [Client Component Browser]
    ./src/app/page.tsx [Server Component]

  Client Component SSR:
    ./src/app/insights/InsightsClient.tsx [Client Component SSR]
    ./src/app/page.tsx [Client Component SSR]
    ./src/app/page.tsx [Server Component] @ http://localhost:3000/_next/static/chunks/node_modules_next_dist_0u_w_5s._.js:1945
[  936303ms] [ERROR] ./src/app/insights/InsightsClient.tsx:221:1
Unexpected token. Did you mean `{'}'}` or `&rbrace;`?
  219 |     </div>
  220 |   );
> 221 | }
      | ^
  222 |

Parsing ecmascript source code failed

Import traces:
  Client Component Browser:
    ./src/app/insights/InsightsClient.tsx [Client Component Browser]
    ./src/app/page.tsx [Client Component Browser]
    ./src/app/page.tsx [Server Component]

  Client Component SSR:
    ./src/app/insights/InsightsClient.tsx [Client Component SSR]
    ./src/app/page.tsx [Client Component SSR]
    ./src/app/page.tsx [Server Component] @ http://localhost:3000/_next/static/chunks/node_modules_next_dist_0u_w_5s._.js:1945
[  936358ms] [ERROR] ./src/app/insights/InsightsClient.tsx:221:1
Unexpected token. Did you mean `{'}'}` or `&rbrace;`?
  219 |     </div>
  220 |   );
> 221 | }
      | ^
  222 |

Parsing ecmascript source code failed

Import traces:
  Client Component Browser:
    ./src/app/insights/InsightsClient.tsx [Client Component Browser]
    ./src/app/page.tsx [Client Component Browser]
    ./src/app/page.tsx [Server Component]

  Client Component SSR:
    ./src/app/insights/InsightsClient.tsx [Client Component SSR]
    ./src/app/page.tsx [Client Component SSR]
    ./src/app/page.tsx [Server Component] @ http://localhost:3000/_next/static/chunks/node_modules_next_dist_0u_w_5s._.js:1945
[  936413ms] [ERROR] ./src/app/insights/InsightsClient.tsx:221:1
Unexpected token. Did you mean `{'}'}` or `&rbrace;`?
  219 |     </div>
  220 |   );
> 221 | }
      | ^
  222 |

Parsing ecmascript source code failed

Import traces:
  Client Component Browser:
    ./src/app/insights/InsightsClient.tsx [Client Component Browser]
    ./src/app/page.tsx [Client Component Browser]
    ./src/app/page.tsx [Server Component]

  Client Component SSR:
    ./src/app/insights/InsightsClient.tsx [Client Component SSR]
    ./src/app/page.tsx [Client Component SSR]
    ./src/app/page.tsx [Server Component] @ http://localhost:3000/_next/static/chunks/node_modules_next_dist_0u_w_5s._.js:1945
[  936467ms] [ERROR] ./src/app/insights/InsightsClient.tsx:221:1
Unexpected token. Did you mean `{'}'}` or `&rbrace;`?
  219 |     </div>
  220 |   );
> 221 | }
      | ^
  222 |

Parsing ecmascript source code failed

Import traces:
  Client Component Browser:
    ./src/app/insights/InsightsClient.tsx [Client Component Browser]
    ./src/app/page.tsx [Client Component Browser]
    ./src/app/page.tsx [Server Component]

  Client Component SSR:
    ./src/app/insights/InsightsClient.tsx [Client Component SSR]
    ./src/app/page.tsx [Client Component SSR]
    ./src/app/page.tsx [Server Component] @ http://localhost:3000/_next/static/chunks/node_modules_next_dist_0u_w_5s._.js:1945
[  936522ms] [ERROR] ./src/app/insights/InsightsClient.tsx:221:1
Unexpected token. Did you mean `{'}'}` or `&rbrace;`?
  219 |     </div>
  220 |   );
> 221 | }
      | ^
  222 |

Parsing ecmascript source code failed

Import traces:
  Client Component Browser:
    ./src/app/insights/InsightsClient.tsx [Client Component Browser]
    ./src/app/page.tsx [Client Component Browser]
    ./src/app/page.tsx [Server Component]

  Client Component SSR:
    ./src/app/insights/InsightsClient.tsx [Client Component SSR]
    ./src/app/page.tsx [Client Component SSR]
    ./src/app/page.tsx [Server Component] @ http://localhost:3000/_next/static/chunks/node_modules_next_dist_0u_w_5s._.js:1945
[  936578ms] [ERROR] ./src/app/insights/InsightsClient.tsx:221:1
Unexpected token. Did you mean `{'}'}` or `&rbrace;`?
  219 |     </div>
  220 |   );
> 221 | }
      | ^
  222 |

Parsing ecmascript source code failed

Import traces:
  Client Component Browser:
    ./src/app/insights/InsightsClient.tsx [Client Component Browser]
    ./src/app/page.tsx [Client Component Browser]
    ./src/app/page.tsx [Server Component]

  Client Component SSR:
    ./src/app/insights/InsightsClient.tsx [Client Component SSR]
    ./src/app/page.tsx [Client Component SSR]
    ./src/app/page.tsx [Server Component] @ http://localhost:3000/_next/static/chunks/node_modules_next_dist_0u_w_5s._.js:1945
[  936631ms] [ERROR] ./src/app/insights/InsightsClient.tsx:221:1
Unexpected token. Did you mean `{'}'}` or `&rbrace;`?
  219 |     </div>
  220 |   );
> 221 | }
      | ^
  222 |

Parsing ecmascript source code failed

Import traces:
  Client Component Browser:
    ./src/app/insights/InsightsClient.tsx [Client Component Browser]
    ./src/app/page.tsx [Client Component Browser]
    ./src/app/page.tsx [Server Component]

  Client Component SSR:
    ./src/app/insights/InsightsClient.tsx [Client Component SSR]
    ./src/app/page.tsx [Client Component SSR]
    ./src/app/page.tsx [Server Component] @ http://localhost:3000/_next/static/chunks/node_modules_next_dist_0u_w_5s._.js:1945
[  936688ms] [ERROR] ./src/app/insights/InsightsClient.tsx:221:1
Unexpected token. Did you mean `{'}'}` or `&rbrace;`?
  219 |     </div>
  220 |   );
> 221 | }
      | ^
  222 |

Parsing ecmascript source code failed

Import traces:
  Client Component Browser:
    ./src/app/insights/InsightsClient.tsx [Client Component Browser]
    ./src/app/page.tsx [Client Component Browser]
    ./src/app/page.tsx [Server Component]

  Client Component SSR:
    ./src/app/insights/InsightsClient.tsx [Client Component SSR]
    ./src/app/page.tsx [Client Component SSR]
    ./src/app/page.tsx [Server Component] @ http://localhost:3000/_next/static/chunks/node_modules_next_dist_0u_w_5s._.js:1945
[  936742ms] [ERROR] ./src/app/insights/InsightsClient.tsx:221:1
Unexpected token. Did you mean `{'}'}` or `&rbrace;`?
  219 |     </div>
  220 |   );
> 221 | }
      | ^
  222 |

Parsing ecmascript source code failed

Import traces:
  Client Component Browser:
    ./src/app/insights/InsightsClient.tsx [Client Component Browser]
    ./src/app/page.tsx [Client Component Browser]
    ./src/app/page.tsx [Server Component]

  Client Component SSR:
    ./src/app/insights/InsightsClient.tsx [Client Component SSR]
    ./src/app/page.tsx [Client Component SSR]
    ./src/app/page.tsx [Server Component] @ http://localhost:3000/_next/static/chunks/node_modules_next_dist_0u_w_5s._.js:1945
[  936796ms] [ERROR] ./src/app/insights/InsightsClient.tsx:221:1
Unexpected token. Did you mean `{'}'}` or `&rbrace;`?
  219 |     </div>
  220 |   );
> 221 | }
      | ^
  222 |

Parsing ecmascript source code failed

Import traces:
  Client Component Browser:
    ./src/app/insights/InsightsClient.tsx [Client Component Browser]
    ./src/app/page.tsx [Client Component Browser]
    ./src/app/page.tsx [Server Component]

  Client Component SSR:
    ./src/app/insights/InsightsClient.tsx [Client Component SSR]
    ./src/app/page.tsx [Client Component SSR]
    ./src/app/page.tsx [Server Component] @ http://localhost:3000/_next/static/chunks/node_modules_next_dist_0u_w_5s._.js:1945
[  936848ms] [ERROR] ./src/app/insights/InsightsClient.tsx:221:1
Unexpected token. Did you mean `{'}'}` or `&rbrace;`?
  219 |     </div>
  220 |   );
> 221 | }
      | ^
  222 |

Parsing ecmascript source code failed

Import traces:
  Client Component Browser:
    ./src/app/insights/InsightsClient.tsx [Client Component Browser]
    ./src/app/page.tsx [Client Component Browser]
    ./src/app/page.tsx [Server Component]

  Client Component SSR:
    ./src/app/insights/InsightsClient.tsx [Client Component SSR]
    ./src/app/page.tsx [Client Component SSR]
    ./src/app/page.tsx [Server Component] @ http://localhost:3000/_next/static/chunks/node_modules_next_dist_0u_w_5s._.js:1945
[  936900ms] [ERROR] ./src/app/insights/InsightsClient.tsx:221:1
Unexpected token. Did you mean `{'}'}` or `&rbrace;`?
  219 |     </div>
  220 |   );
> 221 | }
      | ^
  222 |

Parsing ecmascript source code failed

Import traces:
  Client Component Browser:
    ./src/app/insights/InsightsClient.tsx [Client Component Browser]
    ./src/app/page.tsx [Client Component Browser]
    ./src/app/page.tsx [Server Component]

  Client Component SSR:
    ./src/app/insights/InsightsClient.tsx [Client Component SSR]
    ./src/app/page.tsx [Client Component SSR]
    ./src/app/page.tsx [Server Component] @ http://localhost:3000/_next/static/chunks/node_modules_next_dist_0u_w_5s._.js:1945
[  936951ms] [ERROR] ./src/app/insights/InsightsClient.tsx:221:1
Unexpected token. Did you mean `{'}'}` or `&rbrace;`?
  219 |     </div>
  220 |   );
> 221 | }
      | ^
  222 |

Parsing ecmascript source code failed

Import traces:
  Client Component Browser:
    ./src/app/insights/InsightsClient.tsx [Client Component Browser]
    ./src/app/page.tsx [Client Component Browser]
    ./src/app/page.tsx [Server Component]

  Client Component SSR:
    ./src/app/insights/InsightsClient.tsx [Client Component SSR]
    ./src/app/page.tsx [Client Component SSR]
    ./src/app/page.tsx [Server Component] @ http://localhost:3000/_next/static/chunks/node_modules_next_dist_0u_w_5s._.js:1945
[  937003ms] [ERROR] ./src/app/insights/InsightsClient.tsx:221:1
Unexpected token. Did you mean `{'}'}` or `&rbrace;`?
  219 |     </div>
  220 |   );
> 221 | }
      | ^
  222 |

Parsing ecmascript source code failed

Import traces:
  Client Component Browser:
    ./src/app/insights/InsightsClient.tsx [Client Component Browser]
    ./src/app/page.tsx [Client Component Browser]
    ./src/app/page.tsx [Server Component]

  Client Component SSR:
    ./src/app/insights/InsightsClient.tsx [Client Component SSR]
    ./src/app/page.tsx [Client Component SSR]
    ./src/app/page.tsx [Server Component] @ http://localhost:3000/_next/static/chunks/node_modules_next_dist_0u_w_5s._.js:1945
[  937056ms] [ERROR] ./src/app/insights/InsightsClient.tsx:221:1
Unexpected token. Did you mean `{'}'}` or `&rbrace;`?
  219 |     </div>
  220 |   );
> 221 | }
      | ^
  222 |

Parsing ecmascript source code failed

Import traces:
  Client Component Browser:
    ./src/app/insights/InsightsClient.tsx [Client Component Browser]
    ./src/app/page.tsx [Client Component Browser]
    ./src/app/page.tsx [Server Component]

  Client Component SSR:
    ./src/app/insights/InsightsClient.tsx [Client Component SSR]
    ./src/app/page.tsx [Client Component SSR]
    ./src/app/page.tsx [Server Component] @ http://localhost:3000/_next/static/chunks/node_modules_next_dist_0u_w_5s._.js:1945
[  937110ms] [ERROR] ./src/app/insights/InsightsClient.tsx:221:1
Unexpected token. Did you mean `{'}'}` or `&rbrace;`?
  219 |     </div>
  220 |   );
> 221 | }
      | ^
  222 |

Parsing ecmascript source code failed

Import traces:
  Client Component Browser:
    ./src/app/insights/InsightsClient.tsx [Client Component Browser]
    ./src/app/page.tsx [Client Component Browser]
    ./src/app/page.tsx [Server Component]

  Client Component SSR:
    ./src/app/insights/InsightsClient.tsx [Client Component SSR]
    ./src/app/page.tsx [Client Component SSR]
    ./src/app/page.tsx [Server Component] @ http://localhost:3000/_next/static/chunks/node_modules_next_dist_0u_w_5s._.js:1945
[  937165ms] [ERROR] ./src/app/insights/InsightsClient.tsx:221:1
Unexpected token. Did you mean `{'}'}` or `&rbrace;`?
  219 |     </div>
  220 |   );
> 221 | }
      | ^
  222 |

Parsing ecmascript source code failed

Import traces:
  Client Component Browser:
    ./src/app/insights/InsightsClient.tsx [Client Component Browser]
    ./src/app/page.tsx [Client Component Browser]
    ./src/app/page.tsx [Server Component]

  Client Component SSR:
    ./src/app/insights/InsightsClient.tsx [Client Component SSR]
    ./src/app/page.tsx [Client Component SSR]
    ./src/app/page.tsx [Server Component] @ http://localhost:3000/_next/static/chunks/node_modules_next_dist_0u_w_5s._.js:1945
[  937220ms] [ERROR] ./src/app/insights/InsightsClient.tsx:221:1
Unexpected token. Did you mean `{'}'}` or `&rbrace;`?
  219 |     </div>
  220 |   );
> 221 | }
      | ^
  222 |

Parsing ecmascript source code failed

Import traces:
  Client Component Browser:
    ./src/app/insights/InsightsClient.tsx [Client Component Browser]
    ./src/app/page.tsx [Client Component Browser]
    ./src/app/page.tsx [Server Component]

  Client Component SSR:
    ./src/app/insights/InsightsClient.tsx [Client Component SSR]
    ./src/app/page.tsx [Client Component SSR]
    ./src/app/page.tsx [Server Component] @ http://localhost:3000/_next/static/chunks/node_modules_next_dist_0u_w_5s._.js:1945
[  937274ms] [ERROR] ./src/app/insights/InsightsClient.tsx:221:1
Unexpected token. Did you mean `{'}'}` or `&rbrace;`?
  219 |     </div>
  220 |   );
> 221 | }
      | ^
  222 |

Parsing ecmascript source code failed

Import traces:
  Client Component Browser:
    ./src/app/insights/InsightsClient.tsx [Client Component Browser]
    ./src/app/page.tsx [Client Component Browser]
    ./src/app/page.tsx [Server Component]

  Client Component SSR:
    ./src/app/insights/InsightsClient.tsx [Client Component SSR]
    ./src/app/page.tsx [Client Component SSR]
    ./src/app/page.tsx [Server Component] @ http://localhost:3000/_next/static/chunks/node_modules_next_dist_0u_w_5s._.js:1945
[  937330ms] [ERROR] ./src/app/insights/InsightsClient.tsx:221:1
Unexpected token. Did you mean `{'}'}` or `&rbrace;`?
  219 |     </div>
  220 |   );
> 221 | }
      | ^
  222 |

Parsing ecmascript source code failed

Import traces:
  Client Component Browser:
    ./src/app/insights/InsightsClient.tsx [Client Component Browser]
    ./src/app/page.tsx [Client Component Browser]
    ./src/app/page.tsx [Server Component]

  Client Component SSR:
    ./src/app/insights/InsightsClient.tsx [Client Component SSR]
    ./src/app/page.tsx [Client Component SSR]
    ./src/app/page.tsx [Server Component] @ http://localhost:3000/_next/static/chunks/node_modules_next_dist_0u_w_5s._.js:1945
[  937385ms] [ERROR] ./src/app/insights/InsightsClient.tsx:221:1
Unexpected token. Did you mean `{'}'}` or `&rbrace;`?
  219 |     </div>
  220 |   );
> 221 | }
      | ^
  222 |

Parsing ecmascript source code failed

Import traces:
  Client Component Browser:
    ./src/app/insights/InsightsClient.tsx [Client Component Browser]
    ./src/app/page.tsx [Client Component Browser]
    ./src/app/page.tsx [Server Component]

  Client Component SSR:
    ./src/app/insights/InsightsClient.tsx [Client Component SSR]
    ./src/app/page.tsx [Client Component SSR]
    ./src/app/page.tsx [Server Component] @ http://localhost:3000/_next/static/chunks/node_modules_next_dist_0u_w_5s._.js:1945
[  937436ms] [ERROR] ./src/app/insights/InsightsClient.tsx:221:1
Unexpected token. Did you mean `{'}'}` or `&rbrace;`?
  219 |     </div>
  220 |   );
> 221 | }
      | ^
  222 |

Parsing ecmascript source code failed

Import traces:
  Client Component Browser:
    ./src/app/insights/InsightsClient.tsx [Client Component Browser]
    ./src/app/page.tsx [Client Component Browser]
    ./src/app/page.tsx [Server Component]

  Client Component SSR:
    ./src/app/insights/InsightsClient.tsx [Client Component SSR]
    ./src/app/page.tsx [Client Component SSR]
    ./src/app/page.tsx [Server Component] @ http://localhost:3000/_next/static/chunks/node_modules_next_dist_0u_w_5s._.js:1945
[  937484ms] [ERROR] ./src/app/insights/InsightsClient.tsx:221:1
Unexpected token. Did you mean `{'}'}` or `&rbrace;`?
  219 |     </div>
  220 |   );
> 221 | }
      | ^
  222 |

Parsing ecmascript source code failed

Import traces:
  Client Component Browser:
    ./src/app/insights/InsightsClient.tsx [Client Component Browser]
    ./src/app/page.tsx [Client Component Browser]
    ./src/app/page.tsx [Server Component]

  Client Component SSR:
    ./src/app/insights/InsightsClient.tsx [Client Component SSR]
    ./src/app/page.tsx [Client Component SSR]
    ./src/app/page.tsx [Server Component] @ http://localhost:3000/_next/static/chunks/node_modules_next_dist_0u_w_5s._.js:1945
[  937532ms] [ERROR] ./src/app/insights/InsightsClient.tsx:221:1
Unexpected token. Did you mean `{'}'}` or `&rbrace;`?
  219 |     </div>
  220 |   );
> 221 | }
      | ^
  222 |

Parsing ecmascript source code failed

Import traces:
  Client Component Browser:
    ./src/app/insights/InsightsClient.tsx [Client Component Browser]
    ./src/app/page.tsx [Client Component Browser]
    ./src/app/page.tsx [Server Component]

  Client Component SSR:
    ./src/app/insights/InsightsClient.tsx [Client Component SSR]
    ./src/app/page.tsx [Client Component SSR]
    ./src/app/page.tsx [Server Component] @ http://localhost:3000/_next/static/chunks/node_modules_next_dist_0u_w_5s._.js:1945
[  937581ms] [ERROR] ./src/app/insights/InsightsClient.tsx:221:1
Unexpected token. Did you mean `{'}'}` or `&rbrace;`?
  219 |     </div>
  220 |   );
> 221 | }
      | ^
  222 |

Parsing ecmascript source code failed

Import traces:
  Client Component Browser:
    ./src/app/insights/InsightsClient.tsx [Client Component Browser]
    ./src/app/page.tsx [Client Component Browser]
    ./src/app/page.tsx [Server Component]

  Client Component SSR:
    ./src/app/insights/InsightsClient.tsx [Client Component SSR]
    ./src/app/page.tsx [Client Component SSR]
    ./src/app/page.tsx [Server Component] @ http://localhost:3000/_next/static/chunks/node_modules_next_dist_0u_w_5s._.js:1945
[  937634ms] [ERROR] ./src/app/insights/InsightsClient.tsx:221:1
Unexpected token. Did you mean `{'}'}` or `&rbrace;`?
  219 |     </div>
  220 |   );
> 221 | }
      | ^
  222 |

Parsing ecmascript source code failed

Import traces:
  Client Component Browser:
    ./src/app/insights/InsightsClient.tsx [Client Component Browser]
    ./src/app/page.tsx [Client Component Browser]
    ./src/app/page.tsx [Server Component]

  Client Component SSR:
    ./src/app/insights/InsightsClient.tsx [Client Component SSR]
    ./src/app/page.tsx [Client Component SSR]
    ./src/app/page.tsx [Server Component] @ http://localhost:3000/_next/static/chunks/node_modules_next_dist_0u_w_5s._.js:1945
[  937691ms] [ERROR] ./src/app/insights/InsightsClient.tsx:221:1
Unexpected token. Did you mean `{'}'}` or `&rbrace;`?
  219 |     </div>
  220 |   );
> 221 | }
      | ^
  222 |

Parsing ecmascript source code failed

Import traces:
  Client Component Browser:
    ./src/app/insights/InsightsClient.tsx [Client Component Browser]
    ./src/app/page.tsx [Client Component Browser]
    ./src/app/page.tsx [Server Component]

  Client Component SSR:
    ./src/app/insights/InsightsClient.tsx [Client Component SSR]
    ./src/app/page.tsx [Client Component SSR]
    ./src/app/page.tsx [Server Component] @ http://localhost:3000/_next/static/chunks/node_modules_next_dist_0u_w_5s._.js:1945
[  937746ms] [ERROR] ./src/app/insights/InsightsClient.tsx:221:1
Unexpected token. Did you mean `{'}'}` or `&rbrace;`?
  219 |     </div>
  220 |   );
> 221 | }
      | ^
  222 |

Parsing ecmascript source code failed

Import traces:
  Client Component Browser:
    ./src/app/insights/InsightsClient.tsx [Client Component Browser]
    ./src/app/page.tsx [Client Component Browser]
    ./src/app/page.tsx [Server Component]

  Client Component SSR:
    ./src/app/insights/InsightsClient.tsx [Client Component SSR]
    ./src/app/page.tsx [Client Component SSR]
    ./src/app/page.tsx [Server Component] @ http://localhost:3000/_next/static/chunks/node_modules_next_dist_0u_w_5s._.js:1945
[  937803ms] [ERROR] ./src/app/insights/InsightsClient.tsx:221:1
Unexpected token. Did you mean `{'}'}` or `&rbrace;`?
  219 |     </div>
  220 |   );
> 221 | }
      | ^
  222 |

Parsing ecmascript source code failed

Import traces:
  Client Component Browser:
    ./src/app/insights/InsightsClient.tsx [Client Component Browser]
    ./src/app/page.tsx [Client Component Browser]
    ./src/app/page.tsx [Server Component]

  Client Component SSR:
    ./src/app/insights/InsightsClient.tsx [Client Component SSR]
    ./src/app/page.tsx [Client Component SSR]
    ./src/app/page.tsx [Server Component] @ http://localhost:3000/_next/static/chunks/node_modules_next_dist_0u_w_5s._.js:1945
[  937857ms] [ERROR] ./src/app/insights/InsightsClient.tsx:221:1
Unexpected token. Did you mean `{'}'}` or `&rbrace;`?
  219 |     </div>
  220 |   );
> 221 | }
      | ^
  222 |

Parsing ecmascript source code failed

Import traces:
  Client Component Browser:
    ./src/app/insights/InsightsClient.tsx [Client Component Browser]
    ./src/app/page.tsx [Client Component Browser]
    ./src/app/page.tsx [Server Component]

  Client Component SSR:
    ./src/app/insights/InsightsClient.tsx [Client Component SSR]
    ./src/app/page.tsx [Client Component SSR]
    ./src/app/page.tsx [Server Component] @ http://localhost:3000/_next/static/chunks/node_modules_next_dist_0u_w_5s._.js:1945
[  937911ms] [ERROR] ./src/app/insights/InsightsClient.tsx:221:1
Unexpected token. Did you mean `{'}'}` or `&rbrace;`?
  219 |     </div>
  220 |   );
> 221 | }
      | ^
  222 |

Parsing ecmascript source code failed

Import traces:
  Client Component Browser:
    ./src/app/insights/InsightsClient.tsx [Client Component Browser]
    ./src/app/page.tsx [Client Component Browser]
    ./src/app/page.tsx [Server Component]

  Client Component SSR:
    ./src/app/insights/InsightsClient.tsx [Client Component SSR]
    ./src/app/page.tsx [Client Component SSR]
    ./src/app/page.tsx [Server Component] @ http://localhost:3000/_next/static/chunks/node_modules_next_dist_0u_w_5s._.js:1945
[  937964ms] [ERROR] ./src/app/insights/InsightsClient.tsx:221:1
Unexpected token. Did you mean `{'}'}` or `&rbrace;`?
  219 |     </div>
  220 |   );
> 221 | }
      | ^
  222 |

Parsing ecmascript source code failed

Import traces:
  Client Component Browser:
    ./src/app/insights/InsightsClient.tsx [Client Component Browser]
    ./src/app/page.tsx [Client Component Browser]
    ./src/app/page.tsx [Server Component]

  Client Component SSR:
    ./src/app/insights/InsightsClient.tsx [Client Component SSR]
    ./src/app/page.tsx [Client Component SSR]
    ./src/app/page.tsx [Server Component] @ http://localhost:3000/_next/static/chunks/node_modules_next_dist_0u_w_5s._.js:1945
[  938020ms] [ERROR] ./src/app/insights/InsightsClient.tsx:221:1
Unexpected token. Did you mean `{'}'}` or `&rbrace;`?
  219 |     </div>
  220 |   );
> 221 | }
      | ^
  222 |

Parsing ecmascript source code failed

Import traces:
  Client Component Browser:
    ./src/app/insights/InsightsClient.tsx [Client Component Browser]
    ./src/app/page.tsx [Client Component Browser]
    ./src/app/page.tsx [Server Component]

  Client Component SSR:
    ./src/app/insights/InsightsClient.tsx [Client Component SSR]
    ./src/app/page.tsx [Client Component SSR]
    ./src/app/page.tsx [Server Component] @ http://localhost:3000/_next/static/chunks/node_modules_next_dist_0u_w_5s._.js:1945
[  938075ms] [ERROR] ./src/app/insights/InsightsClient.tsx:221:1
Unexpected token. Did you mean `{'}'}` or `&rbrace;`?
  219 |     </div>
  220 |   );
> 221 | }
      | ^
  222 |

Parsing ecmascript source code failed

Import traces:
  Client Component Browser:
    ./src/app/insights/InsightsClient.tsx [Client Component Browser]
    ./src/app/page.tsx [Client Component Browser]
    ./src/app/page.tsx [Server Component]

  Client Component SSR:
    ./src/app/insights/InsightsClient.tsx [Client Component SSR]
    ./src/app/page.tsx [Client Component SSR]
    ./src/app/page.tsx [Server Component] @ http://localhost:3000/_next/static/chunks/node_modules_next_dist_0u_w_5s._.js:1945
[  938130ms] [ERROR] ./src/app/insights/InsightsClient.tsx:221:1
Unexpected token. Did you mean `{'}'}` or `&rbrace;`?
  219 |     </div>
  220 |   );
> 221 | }
      | ^
  222 |

Parsing ecmascript source code failed

Import traces:
  Client Component Browser:
    ./src/app/insights/InsightsClient.tsx [Client Component Browser]
    ./src/app/page.tsx [Client Component Browser]
    ./src/app/page.tsx [Server Component]

  Client Component SSR:
    ./src/app/insights/InsightsClient.tsx [Client Component SSR]
    ./src/app/page.tsx [Client Component SSR]
    ./src/app/page.tsx [Server Component] @ http://localhost:3000/_next/static/chunks/node_modules_next_dist_0u_w_5s._.js:1945
[  938186ms] [ERROR] ./src/app/insights/InsightsClient.tsx:221:1
Unexpected token. Did you mean `{'}'}` or `&rbrace;`?
  219 |     </div>
  220 |   );
> 221 | }
      | ^
  222 |

Parsing ecmascript source code failed

Import traces:
  Client Component Browser:
    ./src/app/insights/InsightsClient.tsx [Client Component Browser]
    ./src/app/page.tsx [Client Component Browser]
    ./src/app/page.tsx [Server Component]

  Client Component SSR:
    ./src/app/insights/InsightsClient.tsx [Client Component SSR]
    ./src/app/page.tsx [Client Component SSR]
    ./src/app/page.tsx [Server Component] @ http://localhost:3000/_next/static/chunks/node_modules_next_dist_0u_w_5s._.js:1945
[  938255ms] [ERROR] ./src/app/insights/InsightsClient.tsx:221:1
Unexpected token. Did you mean `{'}'}` or `&rbrace;`?
  219 |     </div>
  220 |   );
> 221 | }
      | ^
  222 |

Parsing ecmascript source code failed

Import traces:
  Client Component Browser:
    ./src/app/insights/InsightsClient.tsx [Client Component Browser]
    ./src/app/page.tsx [Client Component Browser]
    ./src/app/page.tsx [Server Component]

  Client Component SSR:
    ./src/app/insights/InsightsClient.tsx [Client Component SSR]
    ./src/app/page.tsx [Client Component SSR]
    ./src/app/page.tsx [Server Component] @ http://localhost:3000/_next/static/chunks/node_modules_next_dist_0u_w_5s._.js:1945
[  938308ms] [ERROR] ./src/app/insights/InsightsClient.tsx:221:1
Unexpected token. Did you mean `{'}'}` or `&rbrace;`?
  219 |     </div>
  220 |   );
> 221 | }
      | ^
  222 |

Parsing ecmascript source code failed

Import traces:
  Client Component Browser:
    ./src/app/insights/InsightsClient.tsx [Client Component Browser]
    ./src/app/page.tsx [Client Component Browser]
    ./src/app/page.tsx [Server Component]

  Client Component SSR:
    ./src/app/insights/InsightsClient.tsx [Client Component SSR]
    ./src/app/page.tsx [Client Component SSR]
    ./src/app/page.tsx [Server Component] @ http://localhost:3000/_next/static/chunks/node_modules_next_dist_0u_w_5s._.js:1945
[  938361ms] [ERROR] ./src/app/insights/InsightsClient.tsx:221:1
Unexpected token. Did you mean `{'}'}` or `&rbrace;`?
  219 |     </div>
  220 |   );
> 221 | }
      | ^
  222 |

Parsing ecmascript source code failed

Import traces:
  Client Component Browser:
    ./src/app/insights/InsightsClient.tsx [Client Component Browser]
    ./src/app/page.tsx [Client Component Browser]
    ./src/app/page.tsx [Server Component]

  Client Component SSR:
    ./src/app/insights/InsightsClient.tsx [Client Component SSR]
    ./src/app/page.tsx [Client Component SSR]
    ./src/app/page.tsx [Server Component] @ http://localhost:3000/_next/static/chunks/node_modules_next_dist_0u_w_5s._.js:1945
[  938414ms] [ERROR] ./src/app/insights/InsightsClient.tsx:221:1
Unexpected token. Did you mean `{'}'}` or `&rbrace;`?
  219 |     </div>
  220 |   );
> 221 | }
      | ^
  222 |

Parsing ecmascript source code failed

Import traces:
  Client Component Browser:
    ./src/app/insights/InsightsClient.tsx [Client Component Browser]
    ./src/app/page.tsx [Client Component Browser]
    ./src/app/page.tsx [Server Component]

  Client Component SSR:
    ./src/app/insights/InsightsClient.tsx [Client Component SSR]
    ./src/app/page.tsx [Client Component SSR]
    ./src/app/page.tsx [Server Component] @ http://localhost:3000/_next/static/chunks/node_modules_next_dist_0u_w_5s._.js:1945
[  938468ms] [ERROR] ./src/app/insights/InsightsClient.tsx:221:1
Unexpected token. Did you mean `{'}'}` or `&rbrace;`?
  219 |     </div>
  220 |   );
> 221 | }
      | ^
  222 |

Parsing ecmascript source code failed

Import traces:
  Client Component Browser:
    ./src/app/insights/InsightsClient.tsx [Client Component Browser]
    ./src/app/page.tsx [Client Component Browser]
    ./src/app/page.tsx [Server Component]

  Client Component SSR:
    ./src/app/insights/InsightsClient.tsx [Client Component SSR]
    ./src/app/page.tsx [Client Component SSR]
    ./src/app/page.tsx [Server Component] @ http://localhost:3000/_next/static/chunks/node_modules_next_dist_0u_w_5s._.js:1945
[  938523ms] [ERROR] ./src/app/insights/InsightsClient.tsx:221:1
Unexpected token. Did you mean `{'}'}` or `&rbrace;`?
  219 |     </div>
  220 |   );
> 221 | }
      | ^
  222 |

Parsing ecmascript source code failed

Import traces:
  Client Component Browser:
    ./src/app/insights/InsightsClient.tsx [Client Component Browser]
    ./src/app/page.tsx [Client Component Browser]
    ./src/app/page.tsx [Server Component]

  Client Component SSR:
    ./src/app/insights/InsightsClient.tsx [Client Component SSR]
    ./src/app/page.tsx [Client Component SSR]
    ./src/app/page.tsx [Server Component] @ http://localhost:3000/_next/static/chunks/node_modules_next_dist_0u_w_5s._.js:1945
[  938579ms] [ERROR] ./src/app/insights/InsightsClient.tsx:221:1
Unexpected token. Did you mean `{'}'}` or `&rbrace;`?
  219 |     </div>
  220 |   );
> 221 | }
      | ^
  222 |

Parsing ecmascript source code failed

Import traces:
  Client Component Browser:
    ./src/app/insights/InsightsClient.tsx [Client Component Browser]
    ./src/app/page.tsx [Client Component Browser]
    ./src/app/page.tsx [Server Component]

  Client Component SSR:
    ./src/app/insights/InsightsClient.tsx [Client Component SSR]
    ./src/app/page.tsx [Client Component SSR]
    ./src/app/page.tsx [Server Component] @ http://localhost:3000/_next/static/chunks/node_modules_next_dist_0u_w_5s._.js:1945
[  938635ms] [ERROR] ./src/app/insights/InsightsClient.tsx:221:1
Unexpected token. Did you mean `{'}'}` or `&rbrace;`?
  219 |     </div>
  220 |   );
> 221 | }
      | ^
  222 |

Parsing ecmascript source code failed

Import traces:
  Client Component Browser:
    ./src/app/insights/InsightsClient.tsx [Client Component Browser]
    ./src/app/page.tsx [Client Component Browser]
    ./src/app/page.tsx [Server Component]

  Client Component SSR:
    ./src/app/insights/InsightsClient.tsx [Client Component SSR]
    ./src/app/page.tsx [Client Component SSR]
    ./src/app/page.tsx [Server Component] @ http://localhost:3000/_next/static/chunks/node_modules_next_dist_0u_w_5s._.js:1945
[  938690ms] [ERROR] ./src/app/insights/InsightsClient.tsx:221:1
Unexpected token. Did you mean `{'}'}` or `&rbrace;`?
  219 |     </div>
  220 |   );
> 221 | }
      | ^
  222 |

Parsing ecmascript source code failed

Import traces:
  Client Component Browser:
    ./src/app/insights/InsightsClient.tsx [Client Component Browser]
    ./src/app/page.tsx [Client Component Browser]
    ./src/app/page.tsx [Server Component]

  Client Component SSR:
    ./src/app/insights/InsightsClient.tsx [Client Component SSR]
    ./src/app/page.tsx [Client Component SSR]
    ./src/app/page.tsx [Server Component] @ http://localhost:3000/_next/static/chunks/node_modules_next_dist_0u_w_5s._.js:1945
[  938747ms] [ERROR] ./src/app/insights/InsightsClient.tsx:221:1
Unexpected token. Did you mean `{'}'}` or `&rbrace;`?
  219 |     </div>
  220 |   );
> 221 | }
      | ^
  222 |

Parsing ecmascript source code failed

Import traces:
  Client Component Browser:
    ./src/app/insights/InsightsClient.tsx [Client Component Browser]
    ./src/app/page.tsx [Client Component Browser]
    ./src/app/page.tsx [Server Component]

  Client Component SSR:
    ./src/app/insights/InsightsClient.tsx [Client Component SSR]
    ./src/app/page.tsx [Client Component SSR]
    ./src/app/page.tsx [Server Component] @ http://localhost:3000/_next/static/chunks/node_modules_next_dist_0u_w_5s._.js:1945
[  938802ms] [ERROR] ./src/app/insights/InsightsClient.tsx:221:1
Unexpected token. Did you mean `{'}'}` or `&rbrace;`?
  219 |     </div>
  220 |   );
> 221 | }
      | ^
  222 |

Parsing ecmascript source code failed

Import traces:
  Client Component Browser:
    ./src/app/insights/InsightsClient.tsx [Client Component Browser]
    ./src/app/page.tsx [Client Component Browser]
    ./src/app/page.tsx [Server Component]

  Client Component SSR:
    ./src/app/insights/InsightsClient.tsx [Client Component SSR]
    ./src/app/page.tsx [Client Component SSR]
    ./src/app/page.tsx [Server Component] @ http://localhost:3000/_next/static/chunks/node_modules_next_dist_0u_w_5s._.js:1945
[  938857ms] [ERROR] ./src/app/insights/InsightsClient.tsx:221:1
Unexpected token. Did you mean `{'}'}` or `&rbrace;`?
  219 |     </div>
  220 |   );
> 221 | }
      | ^
  222 |

Parsing ecmascript source code failed

Import traces:
  Client Component Browser:
    ./src/app/insights/InsightsClient.tsx [Client Component Browser]
    ./src/app/page.tsx [Client Component Browser]
    ./src/app/page.tsx [Server Component]

  Client Component SSR:
    ./src/app/insights/InsightsClient.tsx [Client Component SSR]
    ./src/app/page.tsx [Client Component SSR]
    ./src/app/page.tsx [Server Component] @ http://localhost:3000/_next/static/chunks/node_modules_next_dist_0u_w_5s._.js:1945
[  938912ms] [ERROR] ./src/app/insights/InsightsClient.tsx:221:1
Unexpected token. Did you mean `{'}'}` or `&rbrace;`?
  219 |     </div>
  220 |   );
> 221 | }
      | ^
  222 |

Parsing ecmascript source code failed

Import traces:
  Client Component Browser:
    ./src/app/insights/InsightsClient.tsx [Client Component Browser]
    ./src/app/page.tsx [Client Component Browser]
    ./src/app/page.tsx [Server Component]

  Client Component SSR:
    ./src/app/insights/InsightsClient.tsx [Client Component SSR]
    ./src/app/page.tsx [Client Component SSR]
    ./src/app/page.tsx [Server Component] @ http://localhost:3000/_next/static/chunks/node_modules_next_dist_0u_w_5s._.js:1945
[  938965ms] [ERROR] ./src/app/insights/InsightsClient.tsx:221:1
Unexpected token. Did you mean `{'}'}` or `&rbrace;`?
  219 |     </div>
  220 |   );
> 221 | }
      | ^
  222 |

Parsing ecmascript source code failed

Import traces:
  Client Component Browser:
    ./src/app/insights/InsightsClient.tsx [Client Component Browser]
    ./src/app/page.tsx [Client Component Browser]
    ./src/app/page.tsx [Server Component]

  Client Component SSR:
    ./src/app/insights/InsightsClient.tsx [Client Component SSR]
    ./src/app/page.tsx [Client Component SSR]
    ./src/app/page.tsx [Server Component] @ http://localhost:3000/_next/static/chunks/node_modules_next_dist_0u_w_5s._.js:1945
[  939021ms] [ERROR] ./src/app/insights/InsightsClient.tsx:221:1
Unexpected token. Did you mean `{'}'}` or `&rbrace;`?
  219 |     </div>
  220 |   );
> 221 | }
      | ^
  222 |

Parsing ecmascript source code failed

Import traces:
  Client Component Browser:
    ./src/app/insights/InsightsClient.tsx [Client Component Browser]
    ./src/app/page.tsx [Client Component Browser]
    ./src/app/page.tsx [Server Component]

  Client Component SSR:
    ./src/app/insights/InsightsClient.tsx [Client Component SSR]
    ./src/app/page.tsx [Client Component SSR]
    ./src/app/page.tsx [Server Component] @ http://localhost:3000/_next/static/chunks/node_modules_next_dist_0u_w_5s._.js:1945
[  939076ms] [ERROR] ./src/app/insights/InsightsClient.tsx:221:1
Unexpected token. Did you mean `{'}'}` or `&rbrace;`?
  219 |     </div>
  220 |   );
> 221 | }
      | ^
  222 |

Parsing ecmascript source code failed

Import traces:
  Client Component Browser:
    ./src/app/insights/InsightsClient.tsx [Client Component Browser]
    ./src/app/page.tsx [Client Component Browser]
    ./src/app/page.tsx [Server Component]

  Client Component SSR:
    ./src/app/insights/InsightsClient.tsx [Client Component SSR]
    ./src/app/page.tsx [Client Component SSR]
    ./src/app/page.tsx [Server Component] @ http://localhost:3000/_next/static/chunks/node_modules_next_dist_0u_w_5s._.js:1945
[  939131ms] [ERROR] ./src/app/insights/InsightsClient.tsx:221:1
Unexpected token. Did you mean `{'}'}` or `&rbrace;`?
  219 |     </div>
  220 |   );
> 221 | }
      | ^
  222 |

Parsing ecmascript source code failed

Import traces:
  Client Component Browser:
    ./src/app/insights/InsightsClient.tsx [Client Component Browser]
    ./src/app/page.tsx [Client Component Browser]
    ./src/app/page.tsx [Server Component]

  Client Component SSR:
    ./src/app/insights/InsightsClient.tsx [Client Component SSR]
    ./src/app/page.tsx [Client Component SSR]
    ./src/app/page.tsx [Server Component] @ http://localhost:3000/_next/static/chunks/node_modules_next_dist_0u_w_5s._.js:1945
[  939187ms] [ERROR] ./src/app/insights/InsightsClient.tsx:221:1
Unexpected token. Did you mean `{'}'}` or `&rbrace;`?
  219 |     </div>
  220 |   );
> 221 | }
      | ^
  222 |

Parsing ecmascript source code failed

Import traces:
  Client Component Browser:
    ./src/app/insights/InsightsClient.tsx [Client Component Browser]
    ./src/app/page.tsx [Client Component Browser]
    ./src/app/page.tsx [Server Component]

  Client Component SSR:
    ./src/app/insights/InsightsClient.tsx [Client Component SSR]
    ./src/app/page.tsx [Client Component SSR]
    ./src/app/page.tsx [Server Component] @ http://localhost:3000/_next/static/chunks/node_modules_next_dist_0u_w_5s._.js:1945
[  939242ms] [ERROR] ./src/app/insights/InsightsClient.tsx:221:1
Unexpected token. Did you mean `{'}'}` or `&rbrace;`?
  219 |     </div>
  220 |   );
> 221 | }
      | ^
  222 |

Parsing ecmascript source code failed

Import traces:
  Client Component Browser:
    ./src/app/insights/InsightsClient.tsx [Client Component Browser]
    ./src/app/page.tsx [Client Component Browser]
    ./src/app/page.tsx [Server Component]

  Client Component SSR:
    ./src/app/insights/InsightsClient.tsx [Client Component SSR]
    ./src/app/page.tsx [Client Component SSR]
    ./src/app/page.tsx [Server Component] @ http://localhost:3000/_next/static/chunks/node_modules_next_dist_0u_w_5s._.js:1945
[  939297ms] [ERROR] ./src/app/insights/InsightsClient.tsx:221:1
Unexpected token. Did you mean `{'}'}` or `&rbrace;`?
  219 |     </div>
  220 |   );
> 221 | }
      | ^
  222 |

Parsing ecmascript source code failed

Import traces:
  Client Component Browser:
    ./src/app/insights/InsightsClient.tsx [Client Component Browser]
    ./src/app/page.tsx [Client Component Browser]
    ./src/app/page.tsx [Server Component]

  Client Component SSR:
    ./src/app/insights/InsightsClient.tsx [Client Component SSR]
    ./src/app/page.tsx [Client Component SSR]
    ./src/app/page.tsx [Server Component] @ http://localhost:3000/_next/static/chunks/node_modules_next_dist_0u_w_5s._.js:1945
[  939352ms] [ERROR] ./src/app/insights/InsightsClient.tsx:221:1
Unexpected token. Did you mean `{'}'}` or `&rbrace;`?
  219 |     </div>
  220 |   );
> 221 | }
      | ^
  222 |

Parsing ecmascript source code failed

Import traces:
  Client Component Browser:
    ./src/app/insights/InsightsClient.tsx [Client Component Browser]
    ./src/app/page.tsx [Client Component Browser]
    ./src/app/page.tsx [Server Component]

  Client Component SSR:
    ./src/app/insights/InsightsClient.tsx [Client Component SSR]
    ./src/app/page.tsx [Client Component SSR]
    ./src/app/page.tsx [Server Component] @ http://localhost:3000/_next/static/chunks/node_modules_next_dist_0u_w_5s._.js:1945
[  939405ms] [ERROR] ./src/app/insights/InsightsClient.tsx:221:1
Unexpected token. Did you mean `{'}'}` or `&rbrace;`?
  219 |     </div>
  220 |   );
> 221 | }
      | ^
  222 |

Parsing ecmascript source code failed

Import traces:
  Client Component Browser:
    ./src/app/insights/InsightsClient.tsx [Client Component Browser]
    ./src/app/page.tsx [Client Component Browser]
    ./src/app/page.tsx [Server Component]

  Client Component SSR:
    ./src/app/insights/InsightsClient.tsx [Client Component SSR]
    ./src/app/page.tsx [Client Component SSR]
    ./src/app/page.tsx [Server Component] @ http://localhost:3000/_next/static/chunks/node_modules_next_dist_0u_w_5s._.js:1945
[  939457ms] [ERROR] ./src/app/insights/InsightsClient.tsx:221:1
Unexpected token. Did you mean `{'}'}` or `&rbrace;`?
  219 |     </div>
  220 |   );
> 221 | }
      | ^
  222 |

Parsing ecmascript source code failed

Import traces:
  Client Component Browser:
    ./src/app/insights/InsightsClient.tsx [Client Component Browser]
    ./src/app/page.tsx [Client Component Browser]
    ./src/app/page.tsx [Server Component]

  Client Component SSR:
    ./src/app/insights/InsightsClient.tsx [Client Component SSR]
    ./src/app/page.tsx [Client Component SSR]
    ./src/app/page.tsx [Server Component] @ http://localhost:3000/_next/static/chunks/node_modules_next_dist_0u_w_5s._.js:1945
[  939511ms] [ERROR] ./src/app/insights/InsightsClient.tsx:221:1
Unexpected token. Did you mean `{'}'}` or `&rbrace;`?
  219 |     </div>
  220 |   );
> 221 | }
      | ^
  222 |

Parsing ecmascript source code failed

Import traces:
  Client Component Browser:
    ./src/app/insights/InsightsClient.tsx [Client Component Browser]
    ./src/app/page.tsx [Client Component Browser]
    ./src/app/page.tsx [Server Component]

  Client Component SSR:
    ./src/app/insights/InsightsClient.tsx [Client Component SSR]
    ./src/app/page.tsx [Client Component SSR]
    ./src/app/page.tsx [Server Component] @ http://localhost:3000/_next/static/chunks/node_modules_next_dist_0u_w_5s._.js:1945
[  939567ms] [ERROR] ./src/app/insights/InsightsClient.tsx:221:1
Unexpected token. Did you mean `{'}'}` or `&rbrace;`?
  219 |     </div>
  220 |   );
> 221 | }
      | ^
  222 |

Parsing ecmascript source code failed

Import traces:
  Client Component Browser:
    ./src/app/insights/InsightsClient.tsx [Client Component Browser]
    ./src/app/page.tsx [Client Component Browser]
    ./src/app/page.tsx [Server Component]

  Client Component SSR:
    ./src/app/insights/InsightsClient.tsx [Client Component SSR]
    ./src/app/page.tsx [Client Component SSR]
    ./src/app/page.tsx [Server Component] @ http://localhost:3000/_next/static/chunks/node_modules_next_dist_0u_w_5s._.js:1945
[  939622ms] [ERROR] ./src/app/insights/InsightsClient.tsx:221:1
Unexpected token. Did you mean `{'}'}` or `&rbrace;`?
  219 |     </div>
  220 |   );
> 221 | }
      | ^
  222 |

Parsing ecmascript source code failed

Import traces:
  Client Component Browser:
    ./src/app/insights/InsightsClient.tsx [Client Component Browser]
    ./src/app/page.tsx [Client Component Browser]
    ./src/app/page.tsx [Server Component]

  Client Component SSR:
    ./src/app/insights/InsightsClient.tsx [Client Component SSR]
    ./src/app/page.tsx [Client Component SSR]
    ./src/app/page.tsx [Server Component] @ http://localhost:3000/_next/static/chunks/node_modules_next_dist_0u_w_5s._.js:1945
[  939678ms] [ERROR] ./src/app/insights/InsightsClient.tsx:221:1
Unexpected token. Did you mean `{'}'}` or `&rbrace;`?
  219 |     </div>
  220 |   );
> 221 | }
      | ^
  222 |

Parsing ecmascript source code failed

Import traces:
  Client Component Browser:
    ./src/app/insights/InsightsClient.tsx [Client Component Browser]
    ./src/app/page.tsx [Client Component Browser]
    ./src/app/page.tsx [Server Component]

  Client Component SSR:
    ./src/app/insights/InsightsClient.tsx [Client Component SSR]
    ./src/app/page.tsx [Client Component SSR]
    ./src/app/page.tsx [Server Component] @ http://localhost:3000/_next/static/chunks/node_modules_next_dist_0u_w_5s._.js:1945
[  939733ms] [ERROR] ./src/app/insights/InsightsClient.tsx:221:1
Unexpected token. Did you mean `{'}'}` or `&rbrace;`?
  219 |     </div>
  220 |   );
> 221 | }
      | ^
  222 |

Parsing ecmascript source code failed

Import traces:
  Client Component Browser:
    ./src/app/insights/InsightsClient.tsx [Client Component Browser]
    ./src/app/page.tsx [Client Component Browser]
    ./src/app/page.tsx [Server Component]

  Client Component SSR:
    ./src/app/insights/InsightsClient.tsx [Client Component SSR]
    ./src/app/page.tsx [Client Component SSR]
    ./src/app/page.tsx [Server Component] @ http://localhost:3000/_next/static/chunks/node_modules_next_dist_0u_w_5s._.js:1945
[  939789ms] [ERROR] ./src/app/insights/InsightsClient.tsx:221:1
Unexpected token. Did you mean `{'}'}` or `&rbrace;`?
  219 |     </div>
  220 |   );
> 221 | }
      | ^
  222 |

Parsing ecmascript source code failed

Import traces:
  Client Component Browser:
    ./src/app/insights/InsightsClient.tsx [Client Component Browser]
    ./src/app/page.tsx [Client Component Browser]
    ./src/app/page.tsx [Server Component]

  Client Component SSR:
    ./src/app/insights/InsightsClient.tsx [Client Component SSR]
    ./src/app/page.tsx [Client Component SSR]
    ./src/app/page.tsx [Server Component] @ http://localhost:3000/_next/static/chunks/node_modules_next_dist_0u_w_5s._.js:1945
[  939843ms] [ERROR] ./src/app/insights/InsightsClient.tsx:221:1
Unexpected token. Did you mean `{'}'}` or `&rbrace;`?
  219 |     </div>
  220 |   );
> 221 | }
      | ^
  222 |

Parsing ecmascript source code failed

Import traces:
  Client Component Browser:
    ./src/app/insights/InsightsClient.tsx [Client Component Browser]
    ./src/app/page.tsx [Client Component Browser]
    ./src/app/page.tsx [Server Component]

  Client Component SSR:
    ./src/app/insights/InsightsClient.tsx [Client Component SSR]
    ./src/app/page.tsx [Client Component SSR]
    ./src/app/page.tsx [Server Component] @ http://localhost:3000/_next/static/chunks/node_modules_next_dist_0u_w_5s._.js:1945
[  939893ms] [ERROR] ./src/app/insights/InsightsClient.tsx:221:1
Unexpected token. Did you mean `{'}'}` or `&rbrace;`?
  219 |     </div>
  220 |   );
> 221 | }
      | ^
  222 |

Parsing ecmascript source code failed

Import traces:
  Client Component Browser:
    ./src/app/insights/InsightsClient.tsx [Client Component Browser]
    ./src/app/page.tsx [Client Component Browser]
    ./src/app/page.tsx [Server Component]

  Client Component SSR:
    ./src/app/insights/InsightsClient.tsx [Client Component SSR]
    ./src/app/page.tsx [Client Component SSR]
    ./src/app/page.tsx [Server Component] @ http://localhost:3000/_next/static/chunks/node_modules_next_dist_0u_w_5s._.js:1945
[  939921ms] [LOG] [Fast Refresh] rebuilding @ http://localhost:3000/_next/static/chunks/node_modules_next_dist_0u_w_5s._.js:1226
[  939963ms] [LOG] [Fast Refresh] done in 41ms @ http://localhost:3000/_next/static/chunks/node_modules_next_dist_0u_w_5s._.js:1226
[  940241ms] [INFO] %cDownload the React DevTools for a better development experience: https://react.dev/link/react-devtools font-weight:bold @ http://localhost:3000/_next/static/chunks/node_modules_next_dist_115brz8._.js:2477
[  940249ms] [LOG] [HMR] connected @ http://localhost:3000/_next/static/chunks/node_modules_next_dist_115brz8._.js:2477
[  940460ms] [WARNING] The width(-1) and height(-1) of chart should be greater than 0,
       please check the style of container, or the props width(100%) and height(100%),
       or add a minWidth(0) or minHeight(undefined) or use aspect(undefined) to control the
       height and width. @ http://localhost:3000/_next/static/chunks/node_modules_next_dist_115brz8._.js:2477
[  940460ms] [WARNING] The width(-1) and height(-1) of chart should be greater than 0,
       please check the style of container, or the props width(100%) and height(100%),
       or add a minWidth(0) or minHeight(undefined) or use aspect(undefined) to control the
       height and width. @ http://localhost:3000/_next/static/chunks/node_modules_next_dist_115brz8._.js:2477
[  940462ms] [WARNING] The width(-1) and height(-1) of chart should be greater than 0,
       please check the style of container, or the props width(100%) and height(100%),
       or add a minWidth(0) or minHeight(undefined) or use aspect(undefined) to control the
       height and width. @ http://localhost:3000/_next/static/chunks/node_modules_next_dist_115brz8._.js:2477
[  940462ms] [WARNING] The width(-1) and height(-1) of chart should be greater than 0,
       please check the style of container, or the props width(100%) and height(100%),
       or add a minWidth(0) or minHeight(undefined) or use aspect(undefined) to control the
       height and width. @ http://localhost:3000/_next/static/chunks/node_modules_next_dist_115brz8._.js:2477
[  940463ms] [WARNING] The width(-1) and height(-1) of chart should be greater than 0,
       please check the style of container, or the props width(100%) and height(100%),
       or add a minWidth(0) or minHeight(undefined) or use aspect(undefined) to control the
       height and width. @ http://localhost:3000/_next/static/chunks/node_modules_next_dist_115brz8._.js:2477
[  940463ms] [WARNING] The width(-1) and height(-1) of chart should be greater than 0,
       please check the style of container, or the props width(100%) and height(100%),
       or add a minWidth(0) or minHeight(undefined) or use aspect(undefined) to control the
       height and width. @ http://localhost:3000/_next/static/chunks/node_modules_next_dist_115brz8._.js:2477
[  940463ms] [WARNING] The width(-1) and height(-1) of chart should be greater than 0,
       please check the style of container, or the props width(100%) and height(100%),
       or add a minWidth(0) or minHeight(undefined) or use aspect(undefined) to control the
       height and width. @ http://localhost:3000/_next/static/chunks/node_modules_next_dist_115brz8._.js:2477
[  940463ms] [WARNING] The width(-1) and height(-1) of chart should be greater than 0,
       please check the style of container, or the props width(100%) and height(100%),
       or add a minWidth(0) or minHeight(undefined) or use aspect(undefined) to control the
       height and width. @ http://localhost:3000/_next/static/chunks/node_modules_next_dist_115brz8._.js:2477
[  940464ms] [WARNING] The width(-1) and height(-1) of chart should be greater than 0,
       please check the style of container, or the props width(100%) and height(100%),
       or add a minWidth(0) or minHeight(undefined) or use aspect(undefined) to control the
       height and width. @ http://localhost:3000/_next/static/chunks/node_modules_next_dist_115brz8._.js:2477
[  940464ms] [WARNING] The width(-1) and height(-1) of chart should be greater than 0,
       please check the style of container, or the props width(100%) and height(100%),
       or add a minWidth(0) or minHeight(undefined) or use aspect(undefined) to control the
       height and width. @ http://localhost:3000/_next/static/chunks/node_modules_next_dist_115brz8._.js:2477
[  940464ms] [WARNING] The width(-1) and height(-1) of chart should be greater than 0,
       please check the style of container, or the props width(100%) and height(100%),
       or add a minWidth(0) or minHeight(undefined) or use aspect(undefined) to control the
       height and width. @ http://localhost:3000/_next/static/chunks/node_modules_next_dist_115brz8._.js:2477
[  940464ms] [WARNING] The width(-1) and height(-1) of chart should be greater than 0,
       please check the style of container, or the props width(100%) and height(100%),
       or add a minWidth(0) or minHeight(undefined) or use aspect(undefined) to control the
       height and width. @ http://localhost:3000/_next/static/chunks/node_modules_next_dist_115brz8._.js:2477
[  940477ms] [WARNING] The width(-1) and height(-1) of chart should be greater than 0,
       please check the style of container, or the props width(100%) and height(100%),
       or add a minWidth(0) or minHeight(undefined) or use aspect(undefined) to control the
       height and width. @ http://localhost:3000/_next/static/chunks/node_modules_next_dist_115brz8._.js:2477
[  940477ms] [WARNING] The width(-1) and height(-1) of chart should be greater than 0,
       please check the style of container, or the props width(100%) and height(100%),
       or add a minWidth(0) or minHeight(undefined) or use aspect(undefined) to control the
       height and width. @ http://localhost:3000/_next/static/chunks/node_modules_next_dist_115brz8._.js:2477
[  979644ms] [LOG] [Fast Refresh] rebuilding @ http://localhost:3000/_next/static/chunks/node_modules_next_dist_115brz8._.js:2477
[  979654ms] [WARNING] The width(-1) and height(-1) of chart should be greater than 0,
       please check the style of container, or the props width(100%) and height(100%),
       or add a minWidth(0) or minHeight(undefined) or use aspect(undefined) to control the
       height and width. @ http://localhost:3000/_next/static/chunks/node_modules_next_dist_115brz8._.js:2477
[  979655ms] [WARNING] The width(-1) and height(-1) of chart should be greater than 0,
       please check the style of container, or the props width(100%) and height(100%),
       or add a minWidth(0) or minHeight(undefined) or use aspect(undefined) to control the
       height and width. @ http://localhost:3000/_next/static/chunks/node_modules_next_dist_115brz8._.js:2477
[  979656ms] [WARNING] The width(-1) and height(-1) of chart should be greater than 0,
       please check the style of container, or the props width(100%) and height(100%),
       or add a minWidth(0) or minHeight(undefined) or use aspect(undefined) to control the
       height and width. @ http://localhost:3000/_next/static/chunks/node_modules_next_dist_115brz8._.js:2477
[  979657ms] [WARNING] The width(-1) and height(-1) of chart should be greater than 0,
       please check the style of container, or the props width(100%) and height(100%),
       or add a minWidth(0) or minHeight(undefined) or use aspect(undefined) to control the
       height and width. @ http://localhost:3000/_next/static/chunks/node_modules_next_dist_115brz8._.js:2477
[  979657ms] [WARNING] The width(-1) and height(-1) of chart should be greater than 0,
       please check the style of container, or the props width(100%) and height(100%),
       or add a minWidth(0) or minHeight(undefined) or use aspect(undefined) to control the
       height and width. @ http://localhost:3000/_next/static/chunks/node_modules_next_dist_115brz8._.js:2477
[  979657ms] [WARNING] The width(-1) and height(-1) of chart should be greater than 0,
       please check the style of container, or the props width(100%) and height(100%),
       or add a minWidth(0) or minHeight(undefined) or use aspect(undefined) to control the
       height and width. @ http://localhost:3000/_next/static/chunks/node_modules_next_dist_115brz8._.js:2477
[  979657ms] [WARNING] The width(-1) and height(-1) of chart should be greater than 0,
       please check the style of container, or the props width(100%) and height(100%),
       or add a minWidth(0) or minHeight(undefined) or use aspect(undefined) to control the
       height and width. @ http://localhost:3000/_next/static/chunks/node_modules_next_dist_115brz8._.js:2477
[  979658ms] [WARNING] The width(-1) and height(-1) of chart should be greater than 0,
       please check the style of container, or the props width(100%) and height(100%),
       or add a minWidth(0) or minHeight(undefined) or use aspect(undefined) to control the
       height and width. @ http://localhost:3000/_next/static/chunks/node_modules_next_dist_115brz8._.js:2477
[  979658ms] [WARNING] The width(-1) and height(-1) of chart should be greater than 0,
       please check the style of container, or the props width(100%) and height(100%),
       or add a minWidth(0) or minHeight(undefined) or use aspect(undefined) to control the
       height and width. @ http://localhost:3000/_next/static/chunks/node_modules_next_dist_115brz8._.js:2477
[  979658ms] [WARNING] The width(-1) and height(-1) of chart should be greater than 0,
       please check the style of container, or the props width(100%) and height(100%),
       or add a minWidth(0) or minHeight(undefined) or use aspect(undefined) to control the
       height and width. @ http://localhost:3000/_next/static/chunks/node_modules_next_dist_115brz8._.js:2477
[  979658ms] [WARNING] The width(-1) and height(-1) of chart should be greater than 0,
       please check the style of container, or the props width(100%) and height(100%),
       or add a minWidth(0) or minHeight(undefined) or use aspect(undefined) to control the
       height and width. @ http://localhost:3000/_next/static/chunks/node_modules_next_dist_115brz8._.js:2477
[  979659ms] [WARNING] The width(-1) and height(-1) of chart should be greater than 0,
       please check the style of container, or the props width(100%) and height(100%),
       or add a minWidth(0) or minHeight(undefined) or use aspect(undefined) to control the
       height and width. @ http://localhost:3000/_next/static/chunks/node_modules_next_dist_115brz8._.js:2477
[  979668ms] [WARNING] The width(-1) and height(-1) of chart should be greater than 0,
       please check the style of container, or the props width(100%) and height(100%),
       or add a minWidth(0) or minHeight(undefined) or use aspect(undefined) to control the
       height and width. @ http://localhost:3000/_next/static/chunks/node_modules_next_dist_115brz8._.js:2477
[  979668ms] [WARNING] The width(-1) and height(-1) of chart should be greater than 0,
       please check the style of container, or the props width(100%) and height(100%),
       or add a minWidth(0) or minHeight(undefined) or use aspect(undefined) to control the
       height and width. @ http://localhost:3000/_next/static/chunks/node_modules_next_dist_115brz8._.js:2477
[  979776ms] [LOG] [Fast Refresh] done in 188ms @ http://localhost:3000/_next/static/chunks/node_modules_next_dist_115brz8._.js:2477
[ 1001940ms] [LOG] [Fast Refresh] rebuilding @ http://localhost:3000/_next/static/chunks/node_modules_next_dist_115brz8._.js:2477
[ 1001944ms] [WARNING] The width(-1) and height(-1) of chart should be greater than 0,
       please check the style of container, or the props width(100%) and height(100%),
       or add a minWidth(0) or minHeight(undefined) or use aspect(undefined) to control the
       height and width. @ http://localhost:3000/_next/static/chunks/node_modules_next_dist_115brz8._.js:2477
[ 1001944ms] [WARNING] The width(-1) and height(-1) of chart should be greater than 0,
       please check the style of container, or the props width(100%) and height(100%),
       or add a minWidth(0) or minHeight(undefined) or use aspect(undefined) to control the
       height and width. @ http://localhost:3000/_next/static/chunks/node_modules_next_dist_115brz8._.js:2477
[ 1001945ms] [WARNING] The width(-1) and height(-1) of chart should be greater than 0,
       please check the style of container, or the props width(100%) and height(100%),
       or add a minWidth(0) or minHeight(undefined) or use aspect(undefined) to control the
       height and width. @ http://localhost:3000/_next/static/chunks/node_modules_next_dist_115brz8._.js:2477
[ 1001945ms] [WARNING] The width(-1) and height(-1) of chart should be greater than 0,
       please check the style of container, or the props width(100%) and height(100%),
       or add a minWidth(0) or minHeight(undefined) or use aspect(undefined) to control the
       height and width. @ http://localhost:3000/_next/static/chunks/node_modules_next_dist_115brz8._.js:2477
[ 1001946ms] [WARNING] The width(-1) and height(-1) of chart should be greater than 0,
       please check the style of container, or the props width(100%) and height(100%),
       or add a minWidth(0) or minHeight(undefined) or use aspect(undefined) to control the
       height and width. @ http://localhost:3000/_next/static/chunks/node_modules_next_dist_115brz8._.js:2477
[ 1001946ms] [WARNING] The width(-1) and height(-1) of chart should be greater than 0,
       please check the style of container, or the props width(100%) and height(100%),
       or add a minWidth(0) or minHeight(undefined) or use aspect(undefined) to control the
       height and width. @ http://localhost:3000/_next/static/chunks/node_modules_next_dist_115brz8._.js:2477
[ 1001946ms] [WARNING] The width(-1) and height(-1) of chart should be greater than 0,
       please check the style of container, or the props width(100%) and height(100%),
       or add a minWidth(0) or minHeight(undefined) or use aspect(undefined) to control the
       height and width. @ http://localhost:3000/_next/static/chunks/node_modules_next_dist_115brz8._.js:2477
[ 1001946ms] [WARNING] The width(-1) and height(-1) of chart should be greater than 0,
       please check the style of container, or the props width(100%) and height(100%),
       or add a minWidth(0) or minHeight(undefined) or use aspect(undefined) to control the
       height and width. @ http://localhost:3000/_next/static/chunks/node_modules_next_dist_115brz8._.js:2477
[ 1001946ms] [WARNING] The width(-1) and height(-1) of chart should be greater than 0,
       please check the style of container, or the props width(100%) and height(100%),
       or add a minWidth(0) or minHeight(undefined) or use aspect(undefined) to control the
       height and width. @ http://localhost:3000/_next/static/chunks/node_modules_next_dist_115brz8._.js:2477
[ 1001946ms] [WARNING] The width(-1) and height(-1) of chart should be greater than 0,
       please check the style of container, or the props width(100%) and height(100%),
       or add a minWidth(0) or minHeight(undefined) or use aspect(undefined) to control the
       height and width. @ http://localhost:3000/_next/static/chunks/node_modules_next_dist_115brz8._.js:2477
[ 1001947ms] [WARNING] The width(-1) and height(-1) of chart should be greater than 0,
       please check the style of container, or the props width(100%) and height(100%),
       or add a minWidth(0) or minHeight(undefined) or use aspect(undefined) to control the
       height and width. @ http://localhost:3000/_next/static/chunks/node_modules_next_dist_115brz8._.js:2477
[ 1001947ms] [WARNING] The width(-1) and height(-1) of chart should be greater than 0,
       please check the style of container, or the props width(100%) and height(100%),
       or add a minWidth(0) or minHeight(undefined) or use aspect(undefined) to control the
       height and width. @ http://localhost:3000/_next/static/chunks/node_modules_next_dist_115brz8._.js:2477
[ 1001954ms] [WARNING] The width(-1) and height(-1) of chart should be greater than 0,
       please check the style of container, or the props width(100%) and height(100%),
       or add a minWidth(0) or minHeight(undefined) or use aspect(undefined) to control the
       height and width. @ http://localhost:3000/_next/static/chunks/node_modules_next_dist_115brz8._.js:2477
[ 1001954ms] [WARNING] The width(-1) and height(-1) of chart should be greater than 0,
       please check the style of container, or the props width(100%) and height(100%),
       or add a minWidth(0) or minHeight(undefined) or use aspect(undefined) to control the
       height and width. @ http://localhost:3000/_next/static/chunks/node_modules_next_dist_115brz8._.js:2477
[ 1002036ms] [LOG] [Fast Refresh] done in 57ms @ http://localhost:3000/_next/static/chunks/node_modules_next_dist_115brz8._.js:2477
[ 1013457ms] [LOG] [Fast Refresh] rebuilding @ http://localhost:3000/_next/static/chunks/node_modules_next_dist_115brz8._.js:2477
[ 1013527ms] [LOG] [Fast Refresh] done in 34ms @ http://localhost:3000/_next/static/chunks/node_modules_next_dist_115brz8._.js:2477
[ 1043089ms] [LOG] [Fast Refresh] rebuilding @ http://localhost:3000/_next/static/chunks/node_modules_next_dist_115brz8._.js:2477
[ 1043146ms] [LOG] [Fast Refresh] done in 130ms @ http://localhost:3000/_next/static/chunks/node_modules_next_dist_115brz8._.js:2477
[ 1086335ms] [LOG] [Fast Refresh] rebuilding @ http://localhost:3000/_next/static/chunks/node_modules_next_dist_115brz8._.js:2477
[ 1086365ms] [LOG] [Fast Refresh] done in 83ms @ http://localhost:3000/_next/static/chunks/node_modules_next_dist_115brz8._.js:2477
[ 1111649ms] [LOG] [Fast Refresh] rebuilding @ http://localhost:3000/_next/static/chunks/node_modules_next_dist_115brz8._.js:2477
[ 1111653ms] [WARNING] The width(-1) and height(-1) of chart should be greater than 0,
       please check the style of container, or the props width(100%) and height(100%),
       or add a minWidth(0) or minHeight(undefined) or use aspect(undefined) to control the
       height and width. @ http://localhost:3000/_next/static/chunks/node_modules_next_dist_115brz8._.js:2477
[ 1111653ms] [WARNING] The width(-1) and height(-1) of chart should be greater than 0,
       please check the style of container, or the props width(100%) and height(100%),
       or add a minWidth(0) or minHeight(undefined) or use aspect(undefined) to control the
       height and width. @ http://localhost:3000/_next/static/chunks/node_modules_next_dist_115brz8._.js:2477
[ 1111655ms] [WARNING] The width(-1) and height(-1) of chart should be greater than 0,
       please check the style of container, or the props width(100%) and height(100%),
       or add a minWidth(0) or minHeight(undefined) or use aspect(undefined) to control the
       height and width. @ http://localhost:3000/_next/static/chunks/node_modules_next_dist_115brz8._.js:2477
[ 1111655ms] [WARNING] The width(-1) and height(-1) of chart should be greater than 0,
       please check the style of container, or the props width(100%) and height(100%),
       or add a minWidth(0) or minHeight(undefined) or use aspect(undefined) to control the
       height and width. @ http://localhost:3000/_next/static/chunks/node_modules_next_dist_115brz8._.js:2477
[ 1111655ms] [WARNING] The width(-1) and height(-1) of chart should be greater than 0,
       please check the style of container, or the props width(100%) and height(100%),
       or add a minWidth(0) or minHeight(undefined) or use aspect(undefined) to control the
       height and width. @ http://localhost:3000/_next/static/chunks/node_modules_next_dist_115brz8._.js:2477
[ 1111655ms] [WARNING] The width(-1) and height(-1) of chart should be greater than 0,
       please check the style of container, or the props width(100%) and height(100%),
       or add a minWidth(0) or minHeight(undefined) or use aspect(undefined) to control the
       height and width. @ http://localhost:3000/_next/static/chunks/node_modules_next_dist_115brz8._.js:2477
[ 1111656ms] [WARNING] The width(-1) and height(-1) of chart should be greater than 0,
       please check the style of container, or the props width(100%) and height(100%),
       or add a minWidth(0) or minHeight(undefined) or use aspect(undefined) to control the
       height and width. @ http://localhost:3000/_next/static/chunks/node_modules_next_dist_115brz8._.js:2477
[ 1111656ms] [WARNING] The width(-1) and height(-1) of chart should be greater than 0,
       please check the style of container, or the props width(100%) and height(100%),
       or add a minWidth(0) or minHeight(undefined) or use aspect(undefined) to control the
       height and width. @ http://localhost:3000/_next/static/chunks/node_modules_next_dist_115brz8._.js:2477
[ 1111656ms] [WARNING] The width(-1) and height(-1) of chart should be greater than 0,
       please check the style of container, or the props width(100%) and height(100%),
       or add a minWidth(0) or minHeight(undefined) or use aspect(undefined) to control the
       height and width. @ http://localhost:3000/_next/static/chunks/node_modules_next_dist_115brz8._.js:2477
[ 1111656ms] [WARNING] The width(-1) and height(-1) of chart should be greater than 0,
       please check the style of container, or the props width(100%) and height(100%),
       or add a minWidth(0) or minHeight(undefined) or use aspect(undefined) to control the
       height and width. @ http://localhost:3000/_next/static/chunks/node_modules_next_dist_115brz8._.js:2477
[ 1111656ms] [WARNING] The width(-1) and height(-1) of chart should be greater than 0,
       please check the style of container, or the props width(100%) and height(100%),
       or add a minWidth(0) or minHeight(undefined) or use aspect(undefined) to control the
       height and width. @ http://localhost:3000/_next/static/chunks/node_modules_next_dist_115brz8._.js:2477
[ 1111656ms] [WARNING] The width(-1) and height(-1) of chart should be greater than 0,
       please check the style of container, or the props width(100%) and height(100%),
       or add a minWidth(0) or minHeight(undefined) or use aspect(undefined) to control the
       height and width. @ http://localhost:3000/_next/static/chunks/node_modules_next_dist_115brz8._.js:2477
[ 1111664ms] [WARNING] The width(-1) and height(-1) of chart should be greater than 0,
       please check the style of container, or the props width(100%) and height(100%),
       or add a minWidth(0) or minHeight(undefined) or use aspect(undefined) to control the
       height and width. @ http://localhost:3000/_next/static/chunks/node_modules_next_dist_115brz8._.js:2477
[ 1111664ms] [WARNING] The width(-1) and height(-1) of chart should be greater than 0,
       please check the style of container, or the props width(100%) and height(100%),
       or add a minWidth(0) or minHeight(undefined) or use aspect(undefined) to control the
       height and width. @ http://localhost:3000/_next/static/chunks/node_modules_next_dist_115brz8._.js:2477
[ 1111757ms] [LOG] [Fast Refresh] done in 56ms @ http://localhost:3000/_next/static/chunks/node_modules_next_dist_115brz8._.js:2477
[ 1134461ms] [LOG] [Fast Refresh] rebuilding @ http://localhost:3000/_next/static/chunks/node_modules_next_dist_115brz8._.js:2477
[ 1134490ms] [LOG] [Fast Refresh] done in 28ms @ http://localhost:3000/_next/static/chunks/node_modules_next_dist_115brz8._.js:2477
[ 1165126ms] [LOG] [Fast Refresh] rebuilding @ http://localhost:3000/_next/static/chunks/node_modules_next_dist_115brz8._.js:2477
[ 1165156ms] [LOG] [Fast Refresh] done in 58ms @ http://localhost:3000/_next/static/chunks/node_modules_next_dist_115brz8._.js:2477
[ 1209087ms] [LOG] [Fast Refresh] rebuilding @ http://localhost:3000/_next/static/chunks/node_modules_next_dist_115brz8._.js:2477
[ 1209118ms] [LOG] [Fast Refresh] done in 68ms @ http://localhost:3000/_next/static/chunks/node_modules_next_dist_115brz8._.js:2477
[ 1232002ms] [LOG] [Fast Refresh] rebuilding @ http://localhost:3000/_next/static/chunks/node_modules_next_dist_115brz8._.js:2477
[ 1232034ms] [LOG] [Fast Refresh] done in 52ms @ http://localhost:3000/_next/static/chunks/node_modules_next_dist_115brz8._.js:2477
[ 1240802ms] [LOG] [Fast Refresh] rebuilding @ http://localhost:3000/_next/static/chunks/node_modules_next_dist_115brz8._.js:2477
[ 1240929ms] [LOG] [Fast Refresh] done in 28ms @ http://localhost:3000/_next/static/chunks/node_modules_next_dist_115brz8._.js:2477
[ 1251148ms] [LOG] [Fast Refresh] rebuilding @ http://localhost:3000/_next/static/chunks/node_modules_next_dist_115brz8._.js:2477
[ 1251255ms] [WARNING] The width(-1) and height(-1) of chart should be greater than 0,
       please check the style of container, or the props width(100%) and height(100%),
       or add a minWidth(0) or minHeight(undefined) or use aspect(undefined) to control the
       height and width. @ http://localhost:3000/_next/static/chunks/node_modules_next_dist_115brz8._.js:2477
[ 1251256ms] [WARNING] The width(-1) and height(-1) of chart should be greater than 0,
       please check the style of container, or the props width(100%) and height(100%),
       or add a minWidth(0) or minHeight(undefined) or use aspect(undefined) to control the
       height and width. @ http://localhost:3000/_next/static/chunks/node_modules_next_dist_115brz8._.js:2477
[ 1251257ms] [WARNING] The width(-1) and height(-1) of chart should be greater than 0,
       please check the style of container, or the props width(100%) and height(100%),
       or add a minWidth(0) or minHeight(undefined) or use aspect(undefined) to control the
       height and width. @ http://localhost:3000/_next/static/chunks/node_modules_next_dist_115brz8._.js:2477
[ 1251258ms] [WARNING] The width(-1) and height(-1) of chart should be greater than 0,
       please check the style of container, or the props width(100%) and height(100%),
       or add a minWidth(0) or minHeight(undefined) or use aspect(undefined) to control the
       height and width. @ http://localhost:3000/_next/static/chunks/node_modules_next_dist_115brz8._.js:2477
[ 1251258ms] [WARNING] The width(-1) and height(-1) of chart should be greater than 0,
       please check the style of container, or the props width(100%) and height(100%),
       or add a minWidth(0) or minHeight(undefined) or use aspect(undefined) to control the
       height and width. @ http://localhost:3000/_next/static/chunks/node_modules_next_dist_115brz8._.js:2477
[ 1251258ms] [WARNING] The width(-1) and height(-1) of chart should be greater than 0,
       please check the style of container, or the props width(100%) and height(100%),
       or add a minWidth(0) or minHeight(undefined) or use aspect(undefined) to control the
       height and width. @ http://localhost:3000/_next/static/chunks/node_modules_next_dist_115brz8._.js:2477
[ 1251258ms] [WARNING] The width(-1) and height(-1) of chart should be greater than 0,
       please check the style of container, or the props width(100%) and height(100%),
       or add a minWidth(0) or minHeight(undefined) or use aspect(undefined) to control the
       height and width. @ http://localhost:3000/_next/static/chunks/node_modules_next_dist_115brz8._.js:2477
[ 1251258ms] [WARNING] The width(-1) and height(-1) of chart should be greater than 0,
       please check the style of container, or the props width(100%) and height(100%),
       or add a minWidth(0) or minHeight(undefined) or use aspect(undefined) to control the
       height and width. @ http://localhost:3000/_next/static/chunks/node_modules_next_dist_115brz8._.js:2477
[ 1251259ms] [WARNING] The width(-1) and height(-1) of chart should be greater than 0,
       please check the style of container, or the props width(100%) and height(100%),
       or add a minWidth(0) or minHeight(undefined) or use aspect(undefined) to control the
       height and width. @ http://localhost:3000/_next/static/chunks/node_modules_next_dist_115brz8._.js:2477
[ 1251259ms] [WARNING] The width(-1) and height(-1) of chart should be greater than 0,
       please check the style of container, or the props width(100%) and height(100%),
       or add a minWidth(0) or minHeight(undefined) or use aspect(undefined) to control the
       height and width. @ http://localhost:3000/_next/static/chunks/node_modules_next_dist_115brz8._.js:2477
[ 1251259ms] [WARNING] The width(-1) and height(-1) of chart should be greater than 0,
       please check the style of container, or the props width(100%) and height(100%),
       or add a minWidth(0) or minHeight(undefined) or use aspect(undefined) to control the
       height and width. @ http://localhost:3000/_next/static/chunks/node_modules_next_dist_115brz8._.js:2477
[ 1251259ms] [WARNING] The width(-1) and height(-1) of chart should be greater than 0,
       please check the style of container, or the props width(100%) and height(100%),
       or add a minWidth(0) or minHeight(undefined) or use aspect(undefined) to control the
       height and width. @ http://localhost:3000/_next/static/chunks/node_modules_next_dist_115brz8._.js:2477
[ 1251267ms] [WARNING] The width(-1) and height(-1) of chart should be greater than 0,
       please check the style of container, or the props width(100%) and height(100%),
       or add a minWidth(0) or minHeight(undefined) or use aspect(undefined) to control the
       height and width. @ http://localhost:3000/_next/static/chunks/node_modules_next_dist_115brz8._.js:2477
[ 1251267ms] [WARNING] The width(-1) and height(-1) of chart should be greater than 0,
       please check the style of container, or the props width(100%) and height(100%),
       or add a minWidth(0) or minHeight(undefined) or use aspect(undefined) to control the
       height and width. @ http://localhost:3000/_next/static/chunks/node_modules_next_dist_115brz8._.js:2477
[ 1251334ms] [LOG] [Fast Refresh] done in 152ms @ http://localhost:3000/_next/static/chunks/node_modules_next_dist_115brz8._.js:2477
