[     110ms] [INFO] %cDownload the React DevTools for a better development experience: https://react.dev/link/react-devtools font-weight:bold @ http://localhost:3000/_next/static/chunks/node_modules_next_dist_115brz8._.js:2477
[     123ms] [LOG] [HMR] connected @ http://localhost:3000/_next/static/chunks/node_modules_next_dist_115brz8._.js:2477
[   36218ms] [LOG] [Fast Refresh] rebuilding @ http://localhost:3000/_next/static/chunks/node_modules_next_dist_115brz8._.js:2477
[   36324ms] [ERROR] ./src/components/archive/ArchiveAgendaView.tsx:493:24
Unexpected token. Did you mean `{'}'}` or `&rbrace;`?
  491 |                           <span className="text-[12px] font-bold">{deadlineInfo.label}</s...
  492 |                         </div>
> 493 |                       )}
      |                        ^
  494 |
  495 |                       {task.subtasks && task.subtasks.length > 0 && (
  496 |                         <div className="flex items-center gap-1.5 px-3 py-1 rounded-full ...

Parsing ecmascript source code failed

Import traces:
  Client Component Browser:
    ./src/components/archive/ArchiveAgendaView.tsx [Client Component Browser]
    ./src/app/page.tsx [Client Component Browser]
    ./src/app/page.tsx [Server Component]

  Client Component SSR:
    ./src/components/archive/ArchiveAgendaView.tsx [Client Component SSR]
    ./src/app/page.tsx [Client Component SSR]
    ./src/app/page.tsx [Server Component] @ http://localhost:3000/_next/static/chunks/node_modules_next_dist_115brz8._.js:3318
[   36324ms] [ERROR] ./src/components/archive/ArchiveAgendaView.tsx:504:20
Unterminated regexp literal
  502 |                       )}
  503 |                     </div>
> 504 |                   </div>
      |                    ^^^^^
  505 |
  506 |                   {/* Hover Quick Actions */}
  507 |                   <div className="flex-shrink-0 opacity-0 group-hover:opacity-100 transit...

Parsing ecmascript source code failed

Import traces:
  Client Component Browser:
    ./src/components/archive/ArchiveAgendaView.tsx [Client Component Browser]
    ./src/app/page.tsx [Client Component Browser]
    ./src/app/page.tsx [Server Component]

  Client Component SSR:
    ./src/components/archive/ArchiveAgendaView.tsx [Client Component SSR]
    ./src/app/page.tsx [Client Component SSR]
    ./src/app/page.tsx [Server Component] @ http://localhost:3000/_next/static/chunks/node_modules_next_dist_115brz8._.js:3318
[   40373ms] [ERROR] WebSocket connection to 'wss://y-webrtc-eu.fly.dev/' failed: Error during WebSocket handshake: Unexpected response code: 503 @ http://localhost:3000/_next/static/chunks/node_modules_lib0_0zigw_o._.js:4696
[   72774ms] [LOG] [Fast Refresh] rebuilding @ http://localhost:3000/_next/static/chunks/node_modules_next_dist_115brz8._.js:2477
[   72872ms] [LOG] [Fast Refresh] done in 143ms @ http://localhost:3000/_next/static/chunks/node_modules_next_dist_115brz8._.js:2477
[   80163ms] [LOG] [Fast Refresh] rebuilding @ http://localhost:3000/_next/static/chunks/node_modules_next_dist_115brz8._.js:2477
[   80227ms] [ERROR] ./src/components/archive/ArchiveAgendaView.tsx:79:9
the name `filteredTasks` is defined multiple times
  77 |   const { openAddEvent } = useCalendarStore();
  78 |
> 79 |   const filteredTasks = tasks.filter(t => t.status === activeTab);
     |         ^^^^^^^^^^^^^
  80 |   
  81 |   const handleSelectAll = () => {
  82 |     if (selectedTaskIds.size === filteredTasks.length) {

Ecmascript file had an error

Import traces:
  Client Component Browser:
    ./src/components/archive/ArchiveAgendaView.tsx [Client Component Browser]
    ./src/app/page.tsx [Client Component Browser]
    ./src/app/page.tsx [Server Component]

  Client Component SSR:
    ./src/components/archive/ArchiveAgendaView.tsx [Client Component SSR]
    ./src/app/page.tsx [Client Component SSR]
    ./src/app/page.tsx [Server Component] @ http://localhost:3000/_next/static/chunks/node_modules_next_dist_115brz8._.js:3318
[   80227ms] [ERROR] ./src/components/archive/ArchiveAgendaView.tsx:97:9
the name `handleBulkDelete` is defined multiple times
   95 |   };
   96 |
>  97 |   const handleBulkDelete = () => {
      |         ^^^^^^^^^^^^^^^^
   98 |     if (confirm(`선택한 ${selectedTaskIds.size}개 항목을 영구 삭제하시겠습니까? 이 작업은...
   99 |       selectedTaskIds.forEach(id => deleteTask(id));
  100 |       setSelectedTaskIds(new Set());

Ecmascript file had an error

Import traces:
  Client Component Browser:
    ./src/components/archive/ArchiveAgendaView.tsx [Client Component Browser]
    ./src/app/page.tsx [Client Component Browser]
    ./src/app/page.tsx [Server Component]

  Client Component SSR:
    ./src/components/archive/ArchiveAgendaView.tsx [Client Component SSR]
    ./src/app/page.tsx [Client Component SSR]
    ./src/app/page.tsx [Server Component] @ http://localhost:3000/_next/static/chunks/node_modules_next_dist_115brz8._.js:3318
[   80227ms] [ERROR] ./src/components/archive/ArchiveAgendaView.tsx:104:9
the name `handleBulkRestore` is defined multiple times
  102 |   };
  103 |   
> 104 |   const handleBulkRestore = () => {
      |         ^^^^^^^^^^^^^^^^^
  105 |     selectedTaskIds.forEach(id => setTaskStatus(id, 'inbox'));
  106 |     setSelectedTaskIds(new Set());
  107 |   };

Ecmascript file had an error

Import traces:
  Client Component Browser:
    ./src/components/archive/ArchiveAgendaView.tsx [Client Component Browser]
    ./src/app/page.tsx [Client Component Browser]
    ./src/app/page.tsx [Server Component]

  Client Component SSR:
    ./src/components/archive/ArchiveAgendaView.tsx [Client Component SSR]
    ./src/app/page.tsx [Client Component SSR]
    ./src/app/page.tsx [Server Component] @ http://localhost:3000/_next/static/chunks/node_modules_next_dist_115brz8._.js:3318
[   80227ms] [ERROR] ./src/components/archive/ArchiveAgendaView.tsx:81:9
the name `handleSelectAll` is defined multiple times
  79 |   const filteredTasks = tasks.filter(t => t.status === activeTab);
  80 |   
> 81 |   const handleSelectAll = () => {
     |         ^^^^^^^^^^^^^^^
  82 |     if (selectedTaskIds.size === filteredTasks.length) {
  83 |       setSelectedTaskIds(new Set());
  84 |     } else {

Ecmascript file had an error

Import traces:
  Client Component Browser:
    ./src/components/archive/ArchiveAgendaView.tsx [Client Component Browser]
    ./src/app/page.tsx [Client Component Browser]
    ./src/app/page.tsx [Server Component]

  Client Component SSR:
    ./src/components/archive/ArchiveAgendaView.tsx [Client Component SSR]
    ./src/app/page.tsx [Client Component SSR]
    ./src/app/page.tsx [Server Component] @ http://localhost:3000/_next/static/chunks/node_modules_next_dist_115brz8._.js:3318
[   80227ms] [ERROR] ./src/components/archive/ArchiveAgendaView.tsx:69:9
the name `handleTabChange` is defined multiple times
  67 |   const [selectedTaskIds, setSelectedTaskIds] = useState<Set<string>>(new Set());
  68 |
> 69 |   const handleTabChange = (tabId: TaskStatus) => {
     |         ^^^^^^^^^^^^^^^
  70 |     setActiveTab(tabId);
  71 |     setSelectedTaskIds(new Set());
  72 |   };

Ecmascript file had an error

Import traces:
  Client Component Browser:
    ./src/components/archive/ArchiveAgendaView.tsx [Client Component Browser]
    ./src/app/page.tsx [Client Component Browser]
    ./src/app/page.tsx [Server Component]

  Client Component SSR:
    ./src/components/archive/ArchiveAgendaView.tsx [Client Component SSR]
    ./src/app/page.tsx [Client Component SSR]
    ./src/app/page.tsx [Server Component] @ http://localhost:3000/_next/static/chunks/node_modules_next_dist_115brz8._.js:3318
[   80227ms] [ERROR] ./src/components/archive/ArchiveAgendaView.tsx:67:10
the name `selectedTaskIds` is defined multiple times
  65 |   };
  66 |
> 67 |   const [selectedTaskIds, setSelectedTaskIds] = useState<Set<string>>(new Set());
     |          ^^^^^^^^^^^^^^^
  68 |
  69 |   const handleTabChange = (tabId: TaskStatus) => {
  70 |     setActiveTab(tabId);

Ecmascript file had an error

Import traces:
  Client Component Browser:
    ./src/components/archive/ArchiveAgendaView.tsx [Client Component Browser]
    ./src/app/page.tsx [Client Component Browser]
    ./src/app/page.tsx [Server Component]

  Client Component SSR:
    ./src/components/archive/ArchiveAgendaView.tsx [Client Component SSR]
    ./src/app/page.tsx [Client Component SSR]
    ./src/app/page.tsx [Server Component] @ http://localhost:3000/_next/static/chunks/node_modules_next_dist_115brz8._.js:3318
[   80227ms] [ERROR] ./src/components/archive/ArchiveAgendaView.tsx:67:27
the name `setSelectedTaskIds` is defined multiple times
  65 |   };
  66 |
> 67 |   const [selectedTaskIds, setSelectedTaskIds] = useState<Set<string>>(new Set());
     |                           ^^^^^^^^^^^^^^^^^^
  68 |
  69 |   const handleTabChange = (tabId: TaskStatus) => {
  70 |     setActiveTab(tabId);

Ecmascript file had an error

Import traces:
  Client Component Browser:
    ./src/components/archive/ArchiveAgendaView.tsx [Client Component Browser]
    ./src/app/page.tsx [Client Component Browser]
    ./src/app/page.tsx [Server Component]

  Client Component SSR:
    ./src/components/archive/ArchiveAgendaView.tsx [Client Component SSR]
    ./src/app/page.tsx [Client Component SSR]
    ./src/app/page.tsx [Server Component] @ http://localhost:3000/_next/static/chunks/node_modules_next_dist_115brz8._.js:3318
[   80227ms] [ERROR] ./src/components/archive/ArchiveAgendaView.tsx:89:9
the name `toggleTaskSelection` is defined multiple times
  87 |   };
  88 |
> 89 |   const toggleTaskSelection = (id: string, e: React.MouseEvent) => {
     |         ^^^^^^^^^^^^^^^^^^^
  90 |     e.stopPropagation();
  91 |     const newSet = new Set(selectedTaskIds);
  92 |     if (newSet.has(id)) newSet.delete(id);

Ecmascript file had an error

Import traces:
  Client Component Browser:
    ./src/components/archive/ArchiveAgendaView.tsx [Client Component Browser]
    ./src/app/page.tsx [Client Component Browser]
    ./src/app/page.tsx [Server Component]

  Client Component SSR:
    ./src/components/archive/ArchiveAgendaView.tsx [Client Component SSR]
    ./src/app/page.tsx [Client Component SSR]
    ./src/app/page.tsx [Server Component] @ http://localhost:3000/_next/static/chunks/node_modules_next_dist_115brz8._.js:3318
[   80341ms] [ERROR] Failed to load resource: the server responded with a status of 500 (Internal Server Error) @ http://localhost:3000/?_rsc=q3mOO9BClNZHexY7:0
[   80361ms] [ERROR] ./src/components/archive/ArchiveAgendaView.tsx:79:9
the name `filteredTasks` is defined multiple times
  77 |   const { openAddEvent } = useCalendarStore();
  78 |
> 79 |   const filteredTasks = tasks.filter(t => t.status === activeTab);
     |         ^^^^^^^^^^^^^
  80 |   
  81 |   const handleSelectAll = () => {
  82 |     if (selectedTaskIds.size === filteredTasks.length) {

Ecmascript file had an error

Import traces:
  Client Component Browser:
    ./src/components/archive/ArchiveAgendaView.tsx [Client Component Browser]
    ./src/app/page.tsx [Client Component Browser]
    ./src/app/page.tsx [Server Component]

  Client Component SSR:
    ./src/components/archive/ArchiveAgendaView.tsx [Client Component SSR]
    ./src/app/page.tsx [Client Component SSR]
    ./src/app/page.tsx [Server Component] @ http://localhost:3000/_next/static/chunks/node_modules_next_dist_115brz8._.js:3318
[   80361ms] [ERROR] ./src/components/archive/ArchiveAgendaView.tsx:97:9
the name `handleBulkDelete` is defined multiple times
   95 |   };
   96 |
>  97 |   const handleBulkDelete = () => {
      |         ^^^^^^^^^^^^^^^^
   98 |     if (confirm(`선택한 ${selectedTaskIds.size}개 항목을 영구 삭제하시겠습니까? 이 작업은...
   99 |       selectedTaskIds.forEach(id => deleteTask(id));
  100 |       setSelectedTaskIds(new Set());

Ecmascript file had an error

Import traces:
  Client Component Browser:
    ./src/components/archive/ArchiveAgendaView.tsx [Client Component Browser]
    ./src/app/page.tsx [Client Component Browser]
    ./src/app/page.tsx [Server Component]

  Client Component SSR:
    ./src/components/archive/ArchiveAgendaView.tsx [Client Component SSR]
    ./src/app/page.tsx [Client Component SSR]
    ./src/app/page.tsx [Server Component] @ http://localhost:3000/_next/static/chunks/node_modules_next_dist_115brz8._.js:3318
[   80361ms] [ERROR] ./src/components/archive/ArchiveAgendaView.tsx:104:9
the name `handleBulkRestore` is defined multiple times
  102 |   };
  103 |   
> 104 |   const handleBulkRestore = () => {
      |         ^^^^^^^^^^^^^^^^^
  105 |     selectedTaskIds.forEach(id => setTaskStatus(id, 'inbox'));
  106 |     setSelectedTaskIds(new Set());
  107 |   };

Ecmascript file had an error

Import traces:
  Client Component Browser:
    ./src/components/archive/ArchiveAgendaView.tsx [Client Component Browser]
    ./src/app/page.tsx [Client Component Browser]
    ./src/app/page.tsx [Server Component]

  Client Component SSR:
    ./src/components/archive/ArchiveAgendaView.tsx [Client Component SSR]
    ./src/app/page.tsx [Client Component SSR]
    ./src/app/page.tsx [Server Component] @ http://localhost:3000/_next/static/chunks/node_modules_next_dist_115brz8._.js:3318
[   80361ms] [ERROR] ./src/components/archive/ArchiveAgendaView.tsx:81:9
the name `handleSelectAll` is defined multiple times
  79 |   const filteredTasks = tasks.filter(t => t.status === activeTab);
  80 |   
> 81 |   const handleSelectAll = () => {
     |         ^^^^^^^^^^^^^^^
  82 |     if (selectedTaskIds.size === filteredTasks.length) {
  83 |       setSelectedTaskIds(new Set());
  84 |     } else {

Ecmascript file had an error

Import traces:
  Client Component Browser:
    ./src/components/archive/ArchiveAgendaView.tsx [Client Component Browser]
    ./src/app/page.tsx [Client Component Browser]
    ./src/app/page.tsx [Server Component]

  Client Component SSR:
    ./src/components/archive/ArchiveAgendaView.tsx [Client Component SSR]
    ./src/app/page.tsx [Client Component SSR]
    ./src/app/page.tsx [Server Component] @ http://localhost:3000/_next/static/chunks/node_modules_next_dist_115brz8._.js:3318
[   80361ms] [ERROR] ./src/components/archive/ArchiveAgendaView.tsx:69:9
the name `handleTabChange` is defined multiple times
  67 |   const [selectedTaskIds, setSelectedTaskIds] = useState<Set<string>>(new Set());
  68 |
> 69 |   const handleTabChange = (tabId: TaskStatus) => {
     |         ^^^^^^^^^^^^^^^
  70 |     setActiveTab(tabId);
  71 |     setSelectedTaskIds(new Set());
  72 |   };

Ecmascript file had an error

Import traces:
  Client Component Browser:
    ./src/components/archive/ArchiveAgendaView.tsx [Client Component Browser]
    ./src/app/page.tsx [Client Component Browser]
    ./src/app/page.tsx [Server Component]

  Client Component SSR:
    ./src/components/archive/ArchiveAgendaView.tsx [Client Component SSR]
    ./src/app/page.tsx [Client Component SSR]
    ./src/app/page.tsx [Server Component] @ http://localhost:3000/_next/static/chunks/node_modules_next_dist_115brz8._.js:3318
[   80361ms] [ERROR] ./src/components/archive/ArchiveAgendaView.tsx:67:10
the name `selectedTaskIds` is defined multiple times
  65 |   };
  66 |
> 67 |   const [selectedTaskIds, setSelectedTaskIds] = useState<Set<string>>(new Set());
     |          ^^^^^^^^^^^^^^^
  68 |
  69 |   const handleTabChange = (tabId: TaskStatus) => {
  70 |     setActiveTab(tabId);

Ecmascript file had an error

Import traces:
  Client Component Browser:
    ./src/components/archive/ArchiveAgendaView.tsx [Client Component Browser]
    ./src/app/page.tsx [Client Component Browser]
    ./src/app/page.tsx [Server Component]

  Client Component SSR:
    ./src/components/archive/ArchiveAgendaView.tsx [Client Component SSR]
    ./src/app/page.tsx [Client Component SSR]
    ./src/app/page.tsx [Server Component] @ http://localhost:3000/_next/static/chunks/node_modules_next_dist_115brz8._.js:3318
[   80361ms] [ERROR] ./src/components/archive/ArchiveAgendaView.tsx:67:27
the name `setSelectedTaskIds` is defined multiple times
  65 |   };
  66 |
> 67 |   const [selectedTaskIds, setSelectedTaskIds] = useState<Set<string>>(new Set());
     |                           ^^^^^^^^^^^^^^^^^^
  68 |
  69 |   const handleTabChange = (tabId: TaskStatus) => {
  70 |     setActiveTab(tabId);

Ecmascript file had an error

Import traces:
  Client Component Browser:
    ./src/components/archive/ArchiveAgendaView.tsx [Client Component Browser]
    ./src/app/page.tsx [Client Component Browser]
    ./src/app/page.tsx [Server Component]

  Client Component SSR:
    ./src/components/archive/ArchiveAgendaView.tsx [Client Component SSR]
    ./src/app/page.tsx [Client Component SSR]
    ./src/app/page.tsx [Server Component] @ http://localhost:3000/_next/static/chunks/node_modules_next_dist_115brz8._.js:3318
[   80361ms] [ERROR] ./src/components/archive/ArchiveAgendaView.tsx:89:9
the name `toggleTaskSelection` is defined multiple times
  87 |   };
  88 |
> 89 |   const toggleTaskSelection = (id: string, e: React.MouseEvent) => {
     |         ^^^^^^^^^^^^^^^^^^^
  90 |     e.stopPropagation();
  91 |     const newSet = new Set(selectedTaskIds);
  92 |     if (newSet.has(id)) newSet.delete(id);

Ecmascript file had an error

Import traces:
  Client Component Browser:
    ./src/components/archive/ArchiveAgendaView.tsx [Client Component Browser]
    ./src/app/page.tsx [Client Component Browser]
    ./src/app/page.tsx [Server Component]

  Client Component SSR:
    ./src/components/archive/ArchiveAgendaView.tsx [Client Component SSR]
    ./src/app/page.tsx [Client Component SSR]
    ./src/app/page.tsx [Server Component] @ http://localhost:3000/_next/static/chunks/node_modules_next_dist_115brz8._.js:3318
[   80393ms] [ERROR] Failed to load resource: the server responded with a status of 500 (Internal Server Error) @ http://localhost:3000/:0
[   80439ms] [INFO] %cDownload the React DevTools for a better development experience: https://react.dev/link/react-devtools font-weight:bold @ http://localhost:3000/_next/static/chunks/node_modules_react-dom_0bruynb._.js:15305
[   80467ms] Error: ./src/components/archive/ArchiveAgendaView.tsx:79:9
the name `filteredTasks` is defined multiple times
  77 |   const { openAddEvent } = useCalendarStore();
  78 |
> 79 |   const filteredTasks = tasks.filter(t => t.status === activeTab);
     |         ^^^^^^^^^^^^^
  80 |   
  81 |   const handleSelectAll = () => {
  82 |     if (selectedTaskIds.size === filteredTasks.length) {

Ecmascript file had an error

Import traces:
  Client Component Browser:
    ./src/components/archive/ArchiveAgendaView.tsx [Client Component Browser]
    ./src/app/page.tsx [Client Component Browser]
    ./src/app/page.tsx [Server Component]

  Client Component SSR:
    ./src/components/archive/ArchiveAgendaView.tsx [Client Component SSR]
    ./src/app/page.tsx [Client Component SSR]
    ./src/app/page.tsx [Server Component]


    at <unknown> (Error: ./src/components/archive/ArchiveAgendaView.tsx:79:9)
    at Object.getCompilationErrors (file:///Users/hallyo/Desktop/Calentask/node_modules/next/dist/server/dev/hot-reloader-turbopack.js:1186:59)
    at DevBundlerService.getCompilationError (file:///Users/hallyo/Desktop/Calentask/node_modules/next/dist/server/lib/dev-bundler-service.js:44:55)
    at DevServer.getCompilationError (file:///Users/hallyo/Desktop/Calentask/node_modules/next/dist/server/dev/next-dev-server.js:720:42)
    at DevServer.findPageComponents (file:///Users/hallyo/Desktop/Calentask/node_modules/next/dist/server/dev/next-dev-server.js:690:43)
    at async DevServer.renderErrorToResponseImpl (file:///Users/hallyo/Desktop/Calentask/node_modules/next/dist/server/base-server.js:1753:26)
[   80467ms] [LOG] [HMR] connected @ http://localhost:3000/_next/static/chunks/node_modules_next_dist_0u_w_5s._.js:1226
[   80468ms] [ERROR] ./src/components/archive/ArchiveAgendaView.tsx:79:9
the name `filteredTasks` is defined multiple times
  77 |   const { openAddEvent } = useCalendarStore();
  78 |
> 79 |   const filteredTasks = tasks.filter(t => t.status === activeTab);
     |         ^^^^^^^^^^^^^
  80 |   
  81 |   const handleSelectAll = () => {
  82 |     if (selectedTaskIds.size === filteredTasks.length) {

Ecmascript file had an error

Import traces:
  Client Component Browser:
    ./src/components/archive/ArchiveAgendaView.tsx [Client Component Browser]
    ./src/app/page.tsx [Client Component Browser]
    ./src/app/page.tsx [Server Component]

  Client Component SSR:
    ./src/components/archive/ArchiveAgendaView.tsx [Client Component SSR]
    ./src/app/page.tsx [Client Component SSR]
    ./src/app/page.tsx [Server Component] @ http://localhost:3000/_next/static/chunks/node_modules_next_dist_0u_w_5s._.js:1945
[   80468ms] [ERROR] ./src/components/archive/ArchiveAgendaView.tsx:97:9
the name `handleBulkDelete` is defined multiple times
   95 |   };
   96 |
>  97 |   const handleBulkDelete = () => {
      |         ^^^^^^^^^^^^^^^^
   98 |     if (confirm(`선택한 ${selectedTaskIds.size}개 항목을 영구 삭제하시겠습니까? 이 작업은...
   99 |       selectedTaskIds.forEach(id => deleteTask(id));
  100 |       setSelectedTaskIds(new Set());

Ecmascript file had an error

Import traces:
  Client Component Browser:
    ./src/components/archive/ArchiveAgendaView.tsx [Client Component Browser]
    ./src/app/page.tsx [Client Component Browser]
    ./src/app/page.tsx [Server Component]

  Client Component SSR:
    ./src/components/archive/ArchiveAgendaView.tsx [Client Component SSR]
    ./src/app/page.tsx [Client Component SSR]
    ./src/app/page.tsx [Server Component] @ http://localhost:3000/_next/static/chunks/node_modules_next_dist_0u_w_5s._.js:1945
[   80468ms] [ERROR] ./src/components/archive/ArchiveAgendaView.tsx:104:9
the name `handleBulkRestore` is defined multiple times
  102 |   };
  103 |   
> 104 |   const handleBulkRestore = () => {
      |         ^^^^^^^^^^^^^^^^^
  105 |     selectedTaskIds.forEach(id => setTaskStatus(id, 'inbox'));
  106 |     setSelectedTaskIds(new Set());
  107 |   };

Ecmascript file had an error

Import traces:
  Client Component Browser:
    ./src/components/archive/ArchiveAgendaView.tsx [Client Component Browser]
    ./src/app/page.tsx [Client Component Browser]
    ./src/app/page.tsx [Server Component]

  Client Component SSR:
    ./src/components/archive/ArchiveAgendaView.tsx [Client Component SSR]
    ./src/app/page.tsx [Client Component SSR]
    ./src/app/page.tsx [Server Component] @ http://localhost:3000/_next/static/chunks/node_modules_next_dist_0u_w_5s._.js:1945
[   80468ms] [ERROR] ./src/components/archive/ArchiveAgendaView.tsx:81:9
the name `handleSelectAll` is defined multiple times
  79 |   const filteredTasks = tasks.filter(t => t.status === activeTab);
  80 |   
> 81 |   const handleSelectAll = () => {
     |         ^^^^^^^^^^^^^^^
  82 |     if (selectedTaskIds.size === filteredTasks.length) {
  83 |       setSelectedTaskIds(new Set());
  84 |     } else {

Ecmascript file had an error

Import traces:
  Client Component Browser:
    ./src/components/archive/ArchiveAgendaView.tsx [Client Component Browser]
    ./src/app/page.tsx [Client Component Browser]
    ./src/app/page.tsx [Server Component]

  Client Component SSR:
    ./src/components/archive/ArchiveAgendaView.tsx [Client Component SSR]
    ./src/app/page.tsx [Client Component SSR]
    ./src/app/page.tsx [Server Component] @ http://localhost:3000/_next/static/chunks/node_modules_next_dist_0u_w_5s._.js:1945
[   80468ms] [ERROR] ./src/components/archive/ArchiveAgendaView.tsx:69:9
the name `handleTabChange` is defined multiple times
  67 |   const [selectedTaskIds, setSelectedTaskIds] = useState<Set<string>>(new Set());
  68 |
> 69 |   const handleTabChange = (tabId: TaskStatus) => {
     |         ^^^^^^^^^^^^^^^
  70 |     setActiveTab(tabId);
  71 |     setSelectedTaskIds(new Set());
  72 |   };

Ecmascript file had an error

Import traces:
  Client Component Browser:
    ./src/components/archive/ArchiveAgendaView.tsx [Client Component Browser]
    ./src/app/page.tsx [Client Component Browser]
    ./src/app/page.tsx [Server Component]

  Client Component SSR:
    ./src/components/archive/ArchiveAgendaView.tsx [Client Component SSR]
    ./src/app/page.tsx [Client Component SSR]
    ./src/app/page.tsx [Server Component] @ http://localhost:3000/_next/static/chunks/node_modules_next_dist_0u_w_5s._.js:1945
[   80468ms] [ERROR] ./src/components/archive/ArchiveAgendaView.tsx:67:10
the name `selectedTaskIds` is defined multiple times
  65 |   };
  66 |
> 67 |   const [selectedTaskIds, setSelectedTaskIds] = useState<Set<string>>(new Set());
     |          ^^^^^^^^^^^^^^^
  68 |
  69 |   const handleTabChange = (tabId: TaskStatus) => {
  70 |     setActiveTab(tabId);

Ecmascript file had an error

Import traces:
  Client Component Browser:
    ./src/components/archive/ArchiveAgendaView.tsx [Client Component Browser]
    ./src/app/page.tsx [Client Component Browser]
    ./src/app/page.tsx [Server Component]

  Client Component SSR:
    ./src/components/archive/ArchiveAgendaView.tsx [Client Component SSR]
    ./src/app/page.tsx [Client Component SSR]
    ./src/app/page.tsx [Server Component] @ http://localhost:3000/_next/static/chunks/node_modules_next_dist_0u_w_5s._.js:1945
[   80469ms] [ERROR] ./src/components/archive/ArchiveAgendaView.tsx:67:27
the name `setSelectedTaskIds` is defined multiple times
  65 |   };
  66 |
> 67 |   const [selectedTaskIds, setSelectedTaskIds] = useState<Set<string>>(new Set());
     |                           ^^^^^^^^^^^^^^^^^^
  68 |
  69 |   const handleTabChange = (tabId: TaskStatus) => {
  70 |     setActiveTab(tabId);

Ecmascript file had an error

Import traces:
  Client Component Browser:
    ./src/components/archive/ArchiveAgendaView.tsx [Client Component Browser]
    ./src/app/page.tsx [Client Component Browser]
    ./src/app/page.tsx [Server Component]

  Client Component SSR:
    ./src/components/archive/ArchiveAgendaView.tsx [Client Component SSR]
    ./src/app/page.tsx [Client Component SSR]
    ./src/app/page.tsx [Server Component] @ http://localhost:3000/_next/static/chunks/node_modules_next_dist_0u_w_5s._.js:1945
[   80469ms] [ERROR] ./src/components/archive/ArchiveAgendaView.tsx:89:9
the name `toggleTaskSelection` is defined multiple times
  87 |   };
  88 |
> 89 |   const toggleTaskSelection = (id: string, e: React.MouseEvent) => {
     |         ^^^^^^^^^^^^^^^^^^^
  90 |     e.stopPropagation();
  91 |     const newSet = new Set(selectedTaskIds);
  92 |     if (newSet.has(id)) newSet.delete(id);

Ecmascript file had an error

Import traces:
  Client Component Browser:
    ./src/components/archive/ArchiveAgendaView.tsx [Client Component Browser]
    ./src/app/page.tsx [Client Component Browser]
    ./src/app/page.tsx [Server Component]

  Client Component SSR:
    ./src/components/archive/ArchiveAgendaView.tsx [Client Component SSR]
    ./src/app/page.tsx [Client Component SSR]
    ./src/app/page.tsx [Server Component] @ http://localhost:3000/_next/static/chunks/node_modules_next_dist_0u_w_5s._.js:1945
[   80509ms] [ERROR] ./src/components/archive/ArchiveAgendaView.tsx:79:9
the name `filteredTasks` is defined multiple times
  77 |   const { openAddEvent } = useCalendarStore();
  78 |
> 79 |   const filteredTasks = tasks.filter(t => t.status === activeTab);
     |         ^^^^^^^^^^^^^
  80 |   
  81 |   const handleSelectAll = () => {
  82 |     if (selectedTaskIds.size === filteredTasks.length) {

Ecmascript file had an error

Import traces:
  Client Component Browser:
    ./src/components/archive/ArchiveAgendaView.tsx [Client Component Browser]
    ./src/app/page.tsx [Client Component Browser]
    ./src/app/page.tsx [Server Component]

  Client Component SSR:
    ./src/components/archive/ArchiveAgendaView.tsx [Client Component SSR]
    ./src/app/page.tsx [Client Component SSR]
    ./src/app/page.tsx [Server Component] @ http://localhost:3000/_next/static/chunks/node_modules_next_dist_0u_w_5s._.js:1945
[   80510ms] [ERROR] ./src/components/archive/ArchiveAgendaView.tsx:97:9
the name `handleBulkDelete` is defined multiple times
   95 |   };
   96 |
>  97 |   const handleBulkDelete = () => {
      |         ^^^^^^^^^^^^^^^^
   98 |     if (confirm(`선택한 ${selectedTaskIds.size}개 항목을 영구 삭제하시겠습니까? 이 작업은...
   99 |       selectedTaskIds.forEach(id => deleteTask(id));
  100 |       setSelectedTaskIds(new Set());

Ecmascript file had an error

Import traces:
  Client Component Browser:
    ./src/components/archive/ArchiveAgendaView.tsx [Client Component Browser]
    ./src/app/page.tsx [Client Component Browser]
    ./src/app/page.tsx [Server Component]

  Client Component SSR:
    ./src/components/archive/ArchiveAgendaView.tsx [Client Component SSR]
    ./src/app/page.tsx [Client Component SSR]
    ./src/app/page.tsx [Server Component] @ http://localhost:3000/_next/static/chunks/node_modules_next_dist_0u_w_5s._.js:1945
[   80510ms] [ERROR] ./src/components/archive/ArchiveAgendaView.tsx:104:9
the name `handleBulkRestore` is defined multiple times
  102 |   };
  103 |   
> 104 |   const handleBulkRestore = () => {
      |         ^^^^^^^^^^^^^^^^^
  105 |     selectedTaskIds.forEach(id => setTaskStatus(id, 'inbox'));
  106 |     setSelectedTaskIds(new Set());
  107 |   };

Ecmascript file had an error

Import traces:
  Client Component Browser:
    ./src/components/archive/ArchiveAgendaView.tsx [Client Component Browser]
    ./src/app/page.tsx [Client Component Browser]
    ./src/app/page.tsx [Server Component]

  Client Component SSR:
    ./src/components/archive/ArchiveAgendaView.tsx [Client Component SSR]
    ./src/app/page.tsx [Client Component SSR]
    ./src/app/page.tsx [Server Component] @ http://localhost:3000/_next/static/chunks/node_modules_next_dist_0u_w_5s._.js:1945
[   80510ms] [ERROR] ./src/components/archive/ArchiveAgendaView.tsx:81:9
the name `handleSelectAll` is defined multiple times
  79 |   const filteredTasks = tasks.filter(t => t.status === activeTab);
  80 |   
> 81 |   const handleSelectAll = () => {
     |         ^^^^^^^^^^^^^^^
  82 |     if (selectedTaskIds.size === filteredTasks.length) {
  83 |       setSelectedTaskIds(new Set());
  84 |     } else {

Ecmascript file had an error

Import traces:
  Client Component Browser:
    ./src/components/archive/ArchiveAgendaView.tsx [Client Component Browser]
    ./src/app/page.tsx [Client Component Browser]
    ./src/app/page.tsx [Server Component]

  Client Component SSR:
    ./src/components/archive/ArchiveAgendaView.tsx [Client Component SSR]
    ./src/app/page.tsx [Client Component SSR]
    ./src/app/page.tsx [Server Component] @ http://localhost:3000/_next/static/chunks/node_modules_next_dist_0u_w_5s._.js:1945
[   80510ms] [ERROR] ./src/components/archive/ArchiveAgendaView.tsx:69:9
the name `handleTabChange` is defined multiple times
  67 |   const [selectedTaskIds, setSelectedTaskIds] = useState<Set<string>>(new Set());
  68 |
> 69 |   const handleTabChange = (tabId: TaskStatus) => {
     |         ^^^^^^^^^^^^^^^
  70 |     setActiveTab(tabId);
  71 |     setSelectedTaskIds(new Set());
  72 |   };

Ecmascript file had an error

Import traces:
  Client Component Browser:
    ./src/components/archive/ArchiveAgendaView.tsx [Client Component Browser]
    ./src/app/page.tsx [Client Component Browser]
    ./src/app/page.tsx [Server Component]

  Client Component SSR:
    ./src/components/archive/ArchiveAgendaView.tsx [Client Component SSR]
    ./src/app/page.tsx [Client Component SSR]
    ./src/app/page.tsx [Server Component] @ http://localhost:3000/_next/static/chunks/node_modules_next_dist_0u_w_5s._.js:1945
[   80510ms] [ERROR] ./src/components/archive/ArchiveAgendaView.tsx:67:10
the name `selectedTaskIds` is defined multiple times
  65 |   };
  66 |
> 67 |   const [selectedTaskIds, setSelectedTaskIds] = useState<Set<string>>(new Set());
     |          ^^^^^^^^^^^^^^^
  68 |
  69 |   const handleTabChange = (tabId: TaskStatus) => {
  70 |     setActiveTab(tabId);

Ecmascript file had an error

Import traces:
  Client Component Browser:
    ./src/components/archive/ArchiveAgendaView.tsx [Client Component Browser]
    ./src/app/page.tsx [Client Component Browser]
    ./src/app/page.tsx [Server Component]

  Client Component SSR:
    ./src/components/archive/ArchiveAgendaView.tsx [Client Component SSR]
    ./src/app/page.tsx [Client Component SSR]
    ./src/app/page.tsx [Server Component] @ http://localhost:3000/_next/static/chunks/node_modules_next_dist_0u_w_5s._.js:1945
[   80510ms] [ERROR] ./src/components/archive/ArchiveAgendaView.tsx:67:27
the name `setSelectedTaskIds` is defined multiple times
  65 |   };
  66 |
> 67 |   const [selectedTaskIds, setSelectedTaskIds] = useState<Set<string>>(new Set());
     |                           ^^^^^^^^^^^^^^^^^^
  68 |
  69 |   const handleTabChange = (tabId: TaskStatus) => {
  70 |     setActiveTab(tabId);

Ecmascript file had an error

Import traces:
  Client Component Browser:
    ./src/components/archive/ArchiveAgendaView.tsx [Client Component Browser]
    ./src/app/page.tsx [Client Component Browser]
    ./src/app/page.tsx [Server Component]

  Client Component SSR:
    ./src/components/archive/ArchiveAgendaView.tsx [Client Component SSR]
    ./src/app/page.tsx [Client Component SSR]
    ./src/app/page.tsx [Server Component] @ http://localhost:3000/_next/static/chunks/node_modules_next_dist_0u_w_5s._.js:1945
[   80510ms] [ERROR] ./src/components/archive/ArchiveAgendaView.tsx:89:9
the name `toggleTaskSelection` is defined multiple times
  87 |   };
  88 |
> 89 |   const toggleTaskSelection = (id: string, e: React.MouseEvent) => {
     |         ^^^^^^^^^^^^^^^^^^^
  90 |     e.stopPropagation();
  91 |     const newSet = new Set(selectedTaskIds);
  92 |     if (newSet.has(id)) newSet.delete(id);

Ecmascript file had an error

Import traces:
  Client Component Browser:
    ./src/components/archive/ArchiveAgendaView.tsx [Client Component Browser]
    ./src/app/page.tsx [Client Component Browser]
    ./src/app/page.tsx [Server Component]

  Client Component SSR:
    ./src/components/archive/ArchiveAgendaView.tsx [Client Component SSR]
    ./src/app/page.tsx [Client Component SSR]
    ./src/app/page.tsx [Server Component] @ http://localhost:3000/_next/static/chunks/node_modules_next_dist_0u_w_5s._.js:1945
[   80574ms] [LOG] [Fast Refresh] rebuilding @ http://localhost:3000/_next/static/chunks/node_modules_next_dist_0u_w_5s._.js:1226
[   89455ms] [LOG] [Fast Refresh] rebuilding @ http://localhost:3000/_next/static/chunks/node_modules_next_dist_0u_w_5s._.js:1226
[   89465ms] [ERROR] ./src/components/archive/ArchiveAgendaView.tsx:79:9
the name `filteredTasks` is defined multiple times
  77 |
  78 |
> 79 |   const filteredTasks = tasks.filter(t => t.status === activeTab);
     |         ^^^^^^^^^^^^^
  80 |   
  81 |   const handleSelectAll = () => {
  82 |     if (selectedTaskIds.size === filteredTasks.length) {

Ecmascript file had an error

Import traces:
  Client Component Browser:
    ./src/components/archive/ArchiveAgendaView.tsx [Client Component Browser]
    ./src/app/page.tsx [Client Component Browser]
    ./src/app/page.tsx [Server Component]

  Client Component SSR:
    ./src/components/archive/ArchiveAgendaView.tsx [Client Component SSR]
    ./src/app/page.tsx [Client Component SSR]
    ./src/app/page.tsx [Server Component] @ http://localhost:3000/_next/static/chunks/node_modules_next_dist_0u_w_5s._.js:1945
[   89465ms] [ERROR] ./src/components/archive/ArchiveAgendaView.tsx:97:9
the name `handleBulkDelete` is defined multiple times
   95 |   };
   96 |
>  97 |   const handleBulkDelete = () => {
      |         ^^^^^^^^^^^^^^^^
   98 |     if (confirm(`선택한 ${selectedTaskIds.size}개 항목을 영구 삭제하시겠습니까? 이 작업은...
   99 |       selectedTaskIds.forEach(id => deleteTask(id));
  100 |       setSelectedTaskIds(new Set());

Ecmascript file had an error

Import traces:
  Client Component Browser:
    ./src/components/archive/ArchiveAgendaView.tsx [Client Component Browser]
    ./src/app/page.tsx [Client Component Browser]
    ./src/app/page.tsx [Server Component]

  Client Component SSR:
    ./src/components/archive/ArchiveAgendaView.tsx [Client Component SSR]
    ./src/app/page.tsx [Client Component SSR]
    ./src/app/page.tsx [Server Component] @ http://localhost:3000/_next/static/chunks/node_modules_next_dist_0u_w_5s._.js:1945
[   89465ms] [ERROR] ./src/components/archive/ArchiveAgendaView.tsx:104:9
the name `handleBulkRestore` is defined multiple times
  102 |   };
  103 |   
> 104 |   const handleBulkRestore = () => {
      |         ^^^^^^^^^^^^^^^^^
  105 |     selectedTaskIds.forEach(id => setTaskStatus(id, 'inbox'));
  106 |     setSelectedTaskIds(new Set());
  107 |   };

Ecmascript file had an error

Import traces:
  Client Component Browser:
    ./src/components/archive/ArchiveAgendaView.tsx [Client Component Browser]
    ./src/app/page.tsx [Client Component Browser]
    ./src/app/page.tsx [Server Component]

  Client Component SSR:
    ./src/components/archive/ArchiveAgendaView.tsx [Client Component SSR]
    ./src/app/page.tsx [Client Component SSR]
    ./src/app/page.tsx [Server Component] @ http://localhost:3000/_next/static/chunks/node_modules_next_dist_0u_w_5s._.js:1945
[   89465ms] [ERROR] ./src/components/archive/ArchiveAgendaView.tsx:81:9
the name `handleSelectAll` is defined multiple times
  79 |   const filteredTasks = tasks.filter(t => t.status === activeTab);
  80 |   
> 81 |   const handleSelectAll = () => {
     |         ^^^^^^^^^^^^^^^
  82 |     if (selectedTaskIds.size === filteredTasks.length) {
  83 |       setSelectedTaskIds(new Set());
  84 |     } else {

Ecmascript file had an error

Import traces:
  Client Component Browser:
    ./src/components/archive/ArchiveAgendaView.tsx [Client Component Browser]
    ./src/app/page.tsx [Client Component Browser]
    ./src/app/page.tsx [Server Component]

  Client Component SSR:
    ./src/components/archive/ArchiveAgendaView.tsx [Client Component SSR]
    ./src/app/page.tsx [Client Component SSR]
    ./src/app/page.tsx [Server Component] @ http://localhost:3000/_next/static/chunks/node_modules_next_dist_0u_w_5s._.js:1945
[   89465ms] [ERROR] ./src/components/archive/ArchiveAgendaView.tsx:73:9
the name `handleTabChange` is defined multiple times
  71 |   const [selectedTaskIds, setSelectedTaskIds] = useState<Set<string>>(new Set());
  72 |
> 73 |   const handleTabChange = (tabId: TaskStatus) => {
     |         ^^^^^^^^^^^^^^^
  74 |     setActiveTab(tabId);
  75 |     setSelectedTaskIds(new Set());
  76 |   };

Ecmascript file had an error

Import traces:
  Client Component Browser:
    ./src/components/archive/ArchiveAgendaView.tsx [Client Component Browser]
    ./src/app/page.tsx [Client Component Browser]
    ./src/app/page.tsx [Server Component]

  Client Component SSR:
    ./src/components/archive/ArchiveAgendaView.tsx [Client Component SSR]
    ./src/app/page.tsx [Client Component SSR]
    ./src/app/page.tsx [Server Component] @ http://localhost:3000/_next/static/chunks/node_modules_next_dist_0u_w_5s._.js:1945
[   89465ms] [ERROR] ./src/components/archive/ArchiveAgendaView.tsx:71:10
the name `selectedTaskIds` is defined multiple times
  69 |   };
  70 |
> 71 |   const [selectedTaskIds, setSelectedTaskIds] = useState<Set<string>>(new Set());
     |          ^^^^^^^^^^^^^^^
  72 |
  73 |   const handleTabChange = (tabId: TaskStatus) => {
  74 |     setActiveTab(tabId);

Ecmascript file had an error

Import traces:
  Client Component Browser:
    ./src/components/archive/ArchiveAgendaView.tsx [Client Component Browser]
    ./src/app/page.tsx [Client Component Browser]
    ./src/app/page.tsx [Server Component]

  Client Component SSR:
    ./src/components/archive/ArchiveAgendaView.tsx [Client Component SSR]
    ./src/app/page.tsx [Client Component SSR]
    ./src/app/page.tsx [Server Component] @ http://localhost:3000/_next/static/chunks/node_modules_next_dist_0u_w_5s._.js:1945
[   89465ms] [ERROR] ./src/components/archive/ArchiveAgendaView.tsx:71:27
the name `setSelectedTaskIds` is defined multiple times
  69 |   };
  70 |
> 71 |   const [selectedTaskIds, setSelectedTaskIds] = useState<Set<string>>(new Set());
     |                           ^^^^^^^^^^^^^^^^^^
  72 |
  73 |   const handleTabChange = (tabId: TaskStatus) => {
  74 |     setActiveTab(tabId);

Ecmascript file had an error

Import traces:
  Client Component Browser:
    ./src/components/archive/ArchiveAgendaView.tsx [Client Component Browser]
    ./src/app/page.tsx [Client Component Browser]
    ./src/app/page.tsx [Server Component]

  Client Component SSR:
    ./src/components/archive/ArchiveAgendaView.tsx [Client Component SSR]
    ./src/app/page.tsx [Client Component SSR]
    ./src/app/page.tsx [Server Component] @ http://localhost:3000/_next/static/chunks/node_modules_next_dist_0u_w_5s._.js:1945
[   89465ms] [ERROR] ./src/components/archive/ArchiveAgendaView.tsx:89:9
the name `toggleTaskSelection` is defined multiple times
  87 |   };
  88 |
> 89 |   const toggleTaskSelection = (id: string, e: React.MouseEvent) => {
     |         ^^^^^^^^^^^^^^^^^^^
  90 |     e.stopPropagation();
  91 |     const newSet = new Set(selectedTaskIds);
  92 |     if (newSet.has(id)) newSet.delete(id);

Ecmascript file had an error

Import traces:
  Client Component Browser:
    ./src/components/archive/ArchiveAgendaView.tsx [Client Component Browser]
    ./src/app/page.tsx [Client Component Browser]
    ./src/app/page.tsx [Server Component]

  Client Component SSR:
    ./src/components/archive/ArchiveAgendaView.tsx [Client Component SSR]
    ./src/app/page.tsx [Client Component SSR]
    ./src/app/page.tsx [Server Component] @ http://localhost:3000/_next/static/chunks/node_modules_next_dist_0u_w_5s._.js:1945
[   89607ms] [ERROR] Failed to load resource: the server responded with a status of 500 (Internal Server Error) @ http://localhost:3000/:0
[   89625ms] [INFO] %cDownload the React DevTools for a better development experience: https://react.dev/link/react-devtools font-weight:bold @ http://localhost:3000/_next/static/chunks/node_modules_react-dom_0bruynb._.js:15305
[   89637ms] Error: ./src/components/archive/ArchiveAgendaView.tsx:79:9
the name `filteredTasks` is defined multiple times
  77 |
  78 |
> 79 |   const filteredTasks = tasks.filter(t => t.status === activeTab);
     |         ^^^^^^^^^^^^^
  80 |   
  81 |   const handleSelectAll = () => {
  82 |     if (selectedTaskIds.size === filteredTasks.length) {

Ecmascript file had an error

Import traces:
  Client Component Browser:
    ./src/components/archive/ArchiveAgendaView.tsx [Client Component Browser]
    ./src/app/page.tsx [Client Component Browser]
    ./src/app/page.tsx [Server Component]

  Client Component SSR:
    ./src/components/archive/ArchiveAgendaView.tsx [Client Component SSR]
    ./src/app/page.tsx [Client Component SSR]
    ./src/app/page.tsx [Server Component]


    at <unknown> (Error: ./src/components/archive/ArchiveAgendaView.tsx:79:9)
    at Object.getCompilationErrors (file:///Users/hallyo/Desktop/Calentask/node_modules/next/dist/server/dev/hot-reloader-turbopack.js:1186:59)
    at DevBundlerService.getCompilationError (file:///Users/hallyo/Desktop/Calentask/node_modules/next/dist/server/lib/dev-bundler-service.js:44:55)
    at DevServer.getCompilationError (file:///Users/hallyo/Desktop/Calentask/node_modules/next/dist/server/dev/next-dev-server.js:720:42)
    at DevServer.findPageComponents (file:///Users/hallyo/Desktop/Calentask/node_modules/next/dist/server/dev/next-dev-server.js:690:43)
    at async DevServer.renderErrorToResponseImpl (file:///Users/hallyo/Desktop/Calentask/node_modules/next/dist/server/base-server.js:1753:26)
[   89632ms] [LOG] [HMR] connected @ http://localhost:3000/_next/static/chunks/node_modules_next_dist_0u_w_5s._.js:1226
[   89639ms] [ERROR] ./src/components/archive/ArchiveAgendaView.tsx:79:9
the name `filteredTasks` is defined multiple times
  77 |
  78 |
> 79 |   const filteredTasks = tasks.filter(t => t.status === activeTab);
     |         ^^^^^^^^^^^^^
  80 |   
  81 |   const handleSelectAll = () => {
  82 |     if (selectedTaskIds.size === filteredTasks.length) {

Ecmascript file had an error

Import traces:
  Client Component Browser:
    ./src/components/archive/ArchiveAgendaView.tsx [Client Component Browser]
    ./src/app/page.tsx [Client Component Browser]
    ./src/app/page.tsx [Server Component]

  Client Component SSR:
    ./src/components/archive/ArchiveAgendaView.tsx [Client Component SSR]
    ./src/app/page.tsx [Client Component SSR]
    ./src/app/page.tsx [Server Component] @ http://localhost:3000/_next/static/chunks/node_modules_next_dist_0u_w_5s._.js:1945
[   89639ms] [ERROR] ./src/components/archive/ArchiveAgendaView.tsx:97:9
the name `handleBulkDelete` is defined multiple times
   95 |   };
   96 |
>  97 |   const handleBulkDelete = () => {
      |         ^^^^^^^^^^^^^^^^
   98 |     if (confirm(`선택한 ${selectedTaskIds.size}개 항목을 영구 삭제하시겠습니까? 이 작업은...
   99 |       selectedTaskIds.forEach(id => deleteTask(id));
  100 |       setSelectedTaskIds(new Set());

Ecmascript file had an error

Import traces:
  Client Component Browser:
    ./src/components/archive/ArchiveAgendaView.tsx [Client Component Browser]
    ./src/app/page.tsx [Client Component Browser]
    ./src/app/page.tsx [Server Component]

  Client Component SSR:
    ./src/components/archive/ArchiveAgendaView.tsx [Client Component SSR]
    ./src/app/page.tsx [Client Component SSR]
    ./src/app/page.tsx [Server Component] @ http://localhost:3000/_next/static/chunks/node_modules_next_dist_0u_w_5s._.js:1945
[   89639ms] [ERROR] ./src/components/archive/ArchiveAgendaView.tsx:104:9
the name `handleBulkRestore` is defined multiple times
  102 |   };
  103 |   
> 104 |   const handleBulkRestore = () => {
      |         ^^^^^^^^^^^^^^^^^
  105 |     selectedTaskIds.forEach(id => setTaskStatus(id, 'inbox'));
  106 |     setSelectedTaskIds(new Set());
  107 |   };

Ecmascript file had an error

Import traces:
  Client Component Browser:
    ./src/components/archive/ArchiveAgendaView.tsx [Client Component Browser]
    ./src/app/page.tsx [Client Component Browser]
    ./src/app/page.tsx [Server Component]

  Client Component SSR:
    ./src/components/archive/ArchiveAgendaView.tsx [Client Component SSR]
    ./src/app/page.tsx [Client Component SSR]
    ./src/app/page.tsx [Server Component] @ http://localhost:3000/_next/static/chunks/node_modules_next_dist_0u_w_5s._.js:1945
[   89639ms] [ERROR] ./src/components/archive/ArchiveAgendaView.tsx:81:9
the name `handleSelectAll` is defined multiple times
  79 |   const filteredTasks = tasks.filter(t => t.status === activeTab);
  80 |   
> 81 |   const handleSelectAll = () => {
     |         ^^^^^^^^^^^^^^^
  82 |     if (selectedTaskIds.size === filteredTasks.length) {
  83 |       setSelectedTaskIds(new Set());
  84 |     } else {

Ecmascript file had an error

Import traces:
  Client Component Browser:
    ./src/components/archive/ArchiveAgendaView.tsx [Client Component Browser]
    ./src/app/page.tsx [Client Component Browser]
    ./src/app/page.tsx [Server Component]

  Client Component SSR:
    ./src/components/archive/ArchiveAgendaView.tsx [Client Component SSR]
    ./src/app/page.tsx [Client Component SSR]
    ./src/app/page.tsx [Server Component] @ http://localhost:3000/_next/static/chunks/node_modules_next_dist_0u_w_5s._.js:1945
[   89639ms] [ERROR] ./src/components/archive/ArchiveAgendaView.tsx:73:9
the name `handleTabChange` is defined multiple times
  71 |   const [selectedTaskIds, setSelectedTaskIds] = useState<Set<string>>(new Set());
  72 |
> 73 |   const handleTabChange = (tabId: TaskStatus) => {
     |         ^^^^^^^^^^^^^^^
  74 |     setActiveTab(tabId);
  75 |     setSelectedTaskIds(new Set());
  76 |   };

Ecmascript file had an error

Import traces:
  Client Component Browser:
    ./src/components/archive/ArchiveAgendaView.tsx [Client Component Browser]
    ./src/app/page.tsx [Client Component Browser]
    ./src/app/page.tsx [Server Component]

  Client Component SSR:
    ./src/components/archive/ArchiveAgendaView.tsx [Client Component SSR]
    ./src/app/page.tsx [Client Component SSR]
    ./src/app/page.tsx [Server Component] @ http://localhost:3000/_next/static/chunks/node_modules_next_dist_0u_w_5s._.js:1945
[   89639ms] [ERROR] ./src/components/archive/ArchiveAgendaView.tsx:71:10
the name `selectedTaskIds` is defined multiple times
  69 |   };
  70 |
> 71 |   const [selectedTaskIds, setSelectedTaskIds] = useState<Set<string>>(new Set());
     |          ^^^^^^^^^^^^^^^
  72 |
  73 |   const handleTabChange = (tabId: TaskStatus) => {
  74 |     setActiveTab(tabId);

Ecmascript file had an error

Import traces:
  Client Component Browser:
    ./src/components/archive/ArchiveAgendaView.tsx [Client Component Browser]
    ./src/app/page.tsx [Client Component Browser]
    ./src/app/page.tsx [Server Component]

  Client Component SSR:
    ./src/components/archive/ArchiveAgendaView.tsx [Client Component SSR]
    ./src/app/page.tsx [Client Component SSR]
    ./src/app/page.tsx [Server Component] @ http://localhost:3000/_next/static/chunks/node_modules_next_dist_0u_w_5s._.js:1945
[   89639ms] [ERROR] ./src/components/archive/ArchiveAgendaView.tsx:71:27
the name `setSelectedTaskIds` is defined multiple times
  69 |   };
  70 |
> 71 |   const [selectedTaskIds, setSelectedTaskIds] = useState<Set<string>>(new Set());
     |                           ^^^^^^^^^^^^^^^^^^
  72 |
  73 |   const handleTabChange = (tabId: TaskStatus) => {
  74 |     setActiveTab(tabId);

Ecmascript file had an error

Import traces:
  Client Component Browser:
    ./src/components/archive/ArchiveAgendaView.tsx [Client Component Browser]
    ./src/app/page.tsx [Client Component Browser]
    ./src/app/page.tsx [Server Component]

  Client Component SSR:
    ./src/components/archive/ArchiveAgendaView.tsx [Client Component SSR]
    ./src/app/page.tsx [Client Component SSR]
    ./src/app/page.tsx [Server Component] @ http://localhost:3000/_next/static/chunks/node_modules_next_dist_0u_w_5s._.js:1945
[   89639ms] [ERROR] ./src/components/archive/ArchiveAgendaView.tsx:89:9
the name `toggleTaskSelection` is defined multiple times
  87 |   };
  88 |
> 89 |   const toggleTaskSelection = (id: string, e: React.MouseEvent) => {
     |         ^^^^^^^^^^^^^^^^^^^
  90 |     e.stopPropagation();
  91 |     const newSet = new Set(selectedTaskIds);
  92 |     if (newSet.has(id)) newSet.delete(id);

Ecmascript file had an error

Import traces:
  Client Component Browser:
    ./src/components/archive/ArchiveAgendaView.tsx [Client Component Browser]
    ./src/app/page.tsx [Client Component Browser]
    ./src/app/page.tsx [Server Component]

  Client Component SSR:
    ./src/components/archive/ArchiveAgendaView.tsx [Client Component SSR]
    ./src/app/page.tsx [Client Component SSR]
    ./src/app/page.tsx [Server Component] @ http://localhost:3000/_next/static/chunks/node_modules_next_dist_0u_w_5s._.js:1945
[   89641ms] [ERROR] ./src/components/archive/ArchiveAgendaView.tsx:79:9
the name `filteredTasks` is defined multiple times
  77 |
  78 |
> 79 |   const filteredTasks = tasks.filter(t => t.status === activeTab);
     |         ^^^^^^^^^^^^^
  80 |   
  81 |   const handleSelectAll = () => {
  82 |     if (selectedTaskIds.size === filteredTasks.length) {

Ecmascript file had an error

Import traces:
  Client Component Browser:
    ./src/components/archive/ArchiveAgendaView.tsx [Client Component Browser]
    ./src/app/page.tsx [Client Component Browser]
    ./src/app/page.tsx [Server Component]

  Client Component SSR:
    ./src/components/archive/ArchiveAgendaView.tsx [Client Component SSR]
    ./src/app/page.tsx [Client Component SSR]
    ./src/app/page.tsx [Server Component] @ http://localhost:3000/_next/static/chunks/node_modules_next_dist_0u_w_5s._.js:1945
[   89641ms] [ERROR] ./src/components/archive/ArchiveAgendaView.tsx:97:9
the name `handleBulkDelete` is defined multiple times
   95 |   };
   96 |
>  97 |   const handleBulkDelete = () => {
      |         ^^^^^^^^^^^^^^^^
   98 |     if (confirm(`선택한 ${selectedTaskIds.size}개 항목을 영구 삭제하시겠습니까? 이 작업은...
   99 |       selectedTaskIds.forEach(id => deleteTask(id));
  100 |       setSelectedTaskIds(new Set());

Ecmascript file had an error

Import traces:
  Client Component Browser:
    ./src/components/archive/ArchiveAgendaView.tsx [Client Component Browser]
    ./src/app/page.tsx [Client Component Browser]
    ./src/app/page.tsx [Server Component]

  Client Component SSR:
    ./src/components/archive/ArchiveAgendaView.tsx [Client Component SSR]
    ./src/app/page.tsx [Client Component SSR]
    ./src/app/page.tsx [Server Component] @ http://localhost:3000/_next/static/chunks/node_modules_next_dist_0u_w_5s._.js:1945
[   89641ms] [ERROR] ./src/components/archive/ArchiveAgendaView.tsx:104:9
the name `handleBulkRestore` is defined multiple times
  102 |   };
  103 |   
> 104 |   const handleBulkRestore = () => {
      |         ^^^^^^^^^^^^^^^^^
  105 |     selectedTaskIds.forEach(id => setTaskStatus(id, 'inbox'));
  106 |     setSelectedTaskIds(new Set());
  107 |   };

Ecmascript file had an error

Import traces:
  Client Component Browser:
    ./src/components/archive/ArchiveAgendaView.tsx [Client Component Browser]
    ./src/app/page.tsx [Client Component Browser]
    ./src/app/page.tsx [Server Component]

  Client Component SSR:
    ./src/components/archive/ArchiveAgendaView.tsx [Client Component SSR]
    ./src/app/page.tsx [Client Component SSR]
    ./src/app/page.tsx [Server Component] @ http://localhost:3000/_next/static/chunks/node_modules_next_dist_0u_w_5s._.js:1945
[   89641ms] [ERROR] ./src/components/archive/ArchiveAgendaView.tsx:81:9
the name `handleSelectAll` is defined multiple times
  79 |   const filteredTasks = tasks.filter(t => t.status === activeTab);
  80 |   
> 81 |   const handleSelectAll = () => {
     |         ^^^^^^^^^^^^^^^
  82 |     if (selectedTaskIds.size === filteredTasks.length) {
  83 |       setSelectedTaskIds(new Set());
  84 |     } else {

Ecmascript file had an error

Import traces:
  Client Component Browser:
    ./src/components/archive/ArchiveAgendaView.tsx [Client Component Browser]
    ./src/app/page.tsx [Client Component Browser]
    ./src/app/page.tsx [Server Component]

  Client Component SSR:
    ./src/components/archive/ArchiveAgendaView.tsx [Client Component SSR]
    ./src/app/page.tsx [Client Component SSR]
    ./src/app/page.tsx [Server Component] @ http://localhost:3000/_next/static/chunks/node_modules_next_dist_0u_w_5s._.js:1945
[   89641ms] [ERROR] ./src/components/archive/ArchiveAgendaView.tsx:73:9
the name `handleTabChange` is defined multiple times
  71 |   const [selectedTaskIds, setSelectedTaskIds] = useState<Set<string>>(new Set());
  72 |
> 73 |   const handleTabChange = (tabId: TaskStatus) => {
     |         ^^^^^^^^^^^^^^^
  74 |     setActiveTab(tabId);
  75 |     setSelectedTaskIds(new Set());
  76 |   };

Ecmascript file had an error

Import traces:
  Client Component Browser:
    ./src/components/archive/ArchiveAgendaView.tsx [Client Component Browser]
    ./src/app/page.tsx [Client Component Browser]
    ./src/app/page.tsx [Server Component]

  Client Component SSR:
    ./src/components/archive/ArchiveAgendaView.tsx [Client Component SSR]
    ./src/app/page.tsx [Client Component SSR]
    ./src/app/page.tsx [Server Component] @ http://localhost:3000/_next/static/chunks/node_modules_next_dist_0u_w_5s._.js:1945
[   89641ms] [ERROR] ./src/components/archive/ArchiveAgendaView.tsx:71:10
the name `selectedTaskIds` is defined multiple times
  69 |   };
  70 |
> 71 |   const [selectedTaskIds, setSelectedTaskIds] = useState<Set<string>>(new Set());
     |          ^^^^^^^^^^^^^^^
  72 |
  73 |   const handleTabChange = (tabId: TaskStatus) => {
  74 |     setActiveTab(tabId);

Ecmascript file had an error

Import traces:
  Client Component Browser:
    ./src/components/archive/ArchiveAgendaView.tsx [Client Component Browser]
    ./src/app/page.tsx [Client Component Browser]
    ./src/app/page.tsx [Server Component]

  Client Component SSR:
    ./src/components/archive/ArchiveAgendaView.tsx [Client Component SSR]
    ./src/app/page.tsx [Client Component SSR]
    ./src/app/page.tsx [Server Component] @ http://localhost:3000/_next/static/chunks/node_modules_next_dist_0u_w_5s._.js:1945
[   89641ms] [ERROR] ./src/components/archive/ArchiveAgendaView.tsx:71:27
the name `setSelectedTaskIds` is defined multiple times
  69 |   };
  70 |
> 71 |   const [selectedTaskIds, setSelectedTaskIds] = useState<Set<string>>(new Set());
     |                           ^^^^^^^^^^^^^^^^^^
  72 |
  73 |   const handleTabChange = (tabId: TaskStatus) => {
  74 |     setActiveTab(tabId);

Ecmascript file had an error

Import traces:
  Client Component Browser:
    ./src/components/archive/ArchiveAgendaView.tsx [Client Component Browser]
    ./src/app/page.tsx [Client Component Browser]
    ./src/app/page.tsx [Server Component]

  Client Component SSR:
    ./src/components/archive/ArchiveAgendaView.tsx [Client Component SSR]
    ./src/app/page.tsx [Client Component SSR]
    ./src/app/page.tsx [Server Component] @ http://localhost:3000/_next/static/chunks/node_modules_next_dist_0u_w_5s._.js:1945
[   89641ms] [ERROR] ./src/components/archive/ArchiveAgendaView.tsx:89:9
the name `toggleTaskSelection` is defined multiple times
  87 |   };
  88 |
> 89 |   const toggleTaskSelection = (id: string, e: React.MouseEvent) => {
     |         ^^^^^^^^^^^^^^^^^^^
  90 |     e.stopPropagation();
  91 |     const newSet = new Set(selectedTaskIds);
  92 |     if (newSet.has(id)) newSet.delete(id);

Ecmascript file had an error

Import traces:
  Client Component Browser:
    ./src/components/archive/ArchiveAgendaView.tsx [Client Component Browser]
    ./src/app/page.tsx [Client Component Browser]
    ./src/app/page.tsx [Server Component]

  Client Component SSR:
    ./src/components/archive/ArchiveAgendaView.tsx [Client Component SSR]
    ./src/app/page.tsx [Client Component SSR]
    ./src/app/page.tsx [Server Component] @ http://localhost:3000/_next/static/chunks/node_modules_next_dist_0u_w_5s._.js:1945
[   89668ms] [ERROR] ./src/components/archive/ArchiveAgendaView.tsx:79:9
the name `filteredTasks` is defined multiple times
  77 |
  78 |
> 79 |   const filteredTasks = tasks.filter(t => t.status === activeTab);
     |         ^^^^^^^^^^^^^
  80 |   
  81 |   const handleSelectAll = () => {
  82 |     if (selectedTaskIds.size === filteredTasks.length) {

Ecmascript file had an error

Import traces:
  Client Component Browser:
    ./src/components/archive/ArchiveAgendaView.tsx [Client Component Browser]
    ./src/app/page.tsx [Client Component Browser]
    ./src/app/page.tsx [Server Component]

  Client Component SSR:
    ./src/components/archive/ArchiveAgendaView.tsx [Client Component SSR]
    ./src/app/page.tsx [Client Component SSR]
    ./src/app/page.tsx [Server Component] @ http://localhost:3000/_next/static/chunks/node_modules_next_dist_0u_w_5s._.js:1945
[   89668ms] [ERROR] ./src/components/archive/ArchiveAgendaView.tsx:97:9
the name `handleBulkDelete` is defined multiple times
   95 |   };
   96 |
>  97 |   const handleBulkDelete = () => {
      |         ^^^^^^^^^^^^^^^^
   98 |     if (confirm(`선택한 ${selectedTaskIds.size}개 항목을 영구 삭제하시겠습니까? 이 작업은...
   99 |       selectedTaskIds.forEach(id => deleteTask(id));
  100 |       setSelectedTaskIds(new Set());

Ecmascript file had an error

Import traces:
  Client Component Browser:
    ./src/components/archive/ArchiveAgendaView.tsx [Client Component Browser]
    ./src/app/page.tsx [Client Component Browser]
    ./src/app/page.tsx [Server Component]

  Client Component SSR:
    ./src/components/archive/ArchiveAgendaView.tsx [Client Component SSR]
    ./src/app/page.tsx [Client Component SSR]
    ./src/app/page.tsx [Server Component] @ http://localhost:3000/_next/static/chunks/node_modules_next_dist_0u_w_5s._.js:1945
[   89668ms] [ERROR] ./src/components/archive/ArchiveAgendaView.tsx:104:9
the name `handleBulkRestore` is defined multiple times
  102 |   };
  103 |   
> 104 |   const handleBulkRestore = () => {
      |         ^^^^^^^^^^^^^^^^^
  105 |     selectedTaskIds.forEach(id => setTaskStatus(id, 'inbox'));
  106 |     setSelectedTaskIds(new Set());
  107 |   };

Ecmascript file had an error

Import traces:
  Client Component Browser:
    ./src/components/archive/ArchiveAgendaView.tsx [Client Component Browser]
    ./src/app/page.tsx [Client Component Browser]
    ./src/app/page.tsx [Server Component]

  Client Component SSR:
    ./src/components/archive/ArchiveAgendaView.tsx [Client Component SSR]
    ./src/app/page.tsx [Client Component SSR]
    ./src/app/page.tsx [Server Component] @ http://localhost:3000/_next/static/chunks/node_modules_next_dist_0u_w_5s._.js:1945
[   89668ms] [ERROR] ./src/components/archive/ArchiveAgendaView.tsx:81:9
the name `handleSelectAll` is defined multiple times
  79 |   const filteredTasks = tasks.filter(t => t.status === activeTab);
  80 |   
> 81 |   const handleSelectAll = () => {
     |         ^^^^^^^^^^^^^^^
  82 |     if (selectedTaskIds.size === filteredTasks.length) {
  83 |       setSelectedTaskIds(new Set());
  84 |     } else {

Ecmascript file had an error

Import traces:
  Client Component Browser:
    ./src/components/archive/ArchiveAgendaView.tsx [Client Component Browser]
    ./src/app/page.tsx [Client Component Browser]
    ./src/app/page.tsx [Server Component]

  Client Component SSR:
    ./src/components/archive/ArchiveAgendaView.tsx [Client Component SSR]
    ./src/app/page.tsx [Client Component SSR]
    ./src/app/page.tsx [Server Component] @ http://localhost:3000/_next/static/chunks/node_modules_next_dist_0u_w_5s._.js:1945
[   89668ms] [ERROR] ./src/components/archive/ArchiveAgendaView.tsx:73:9
the name `handleTabChange` is defined multiple times
  71 |   const [selectedTaskIds, setSelectedTaskIds] = useState<Set<string>>(new Set());
  72 |
> 73 |   const handleTabChange = (tabId: TaskStatus) => {
     |         ^^^^^^^^^^^^^^^
  74 |     setActiveTab(tabId);
  75 |     setSelectedTaskIds(new Set());
  76 |   };

Ecmascript file had an error

Import traces:
  Client Component Browser:
    ./src/components/archive/ArchiveAgendaView.tsx [Client Component Browser]
    ./src/app/page.tsx [Client Component Browser]
    ./src/app/page.tsx [Server Component]

  Client Component SSR:
    ./src/components/archive/ArchiveAgendaView.tsx [Client Component SSR]
    ./src/app/page.tsx [Client Component SSR]
    ./src/app/page.tsx [Server Component] @ http://localhost:3000/_next/static/chunks/node_modules_next_dist_0u_w_5s._.js:1945
[   89668ms] [ERROR] ./src/components/archive/ArchiveAgendaView.tsx:71:10
the name `selectedTaskIds` is defined multiple times
  69 |   };
  70 |
> 71 |   const [selectedTaskIds, setSelectedTaskIds] = useState<Set<string>>(new Set());
     |          ^^^^^^^^^^^^^^^
  72 |
  73 |   const handleTabChange = (tabId: TaskStatus) => {
  74 |     setActiveTab(tabId);

Ecmascript file had an error

Import traces:
  Client Component Browser:
    ./src/components/archive/ArchiveAgendaView.tsx [Client Component Browser]
    ./src/app/page.tsx [Client Component Browser]
    ./src/app/page.tsx [Server Component]

  Client Component SSR:
    ./src/components/archive/ArchiveAgendaView.tsx [Client Component SSR]
    ./src/app/page.tsx [Client Component SSR]
    ./src/app/page.tsx [Server Component] @ http://localhost:3000/_next/static/chunks/node_modules_next_dist_0u_w_5s._.js:1945
[   89668ms] [ERROR] ./src/components/archive/ArchiveAgendaView.tsx:71:27
the name `setSelectedTaskIds` is defined multiple times
  69 |   };
  70 |
> 71 |   const [selectedTaskIds, setSelectedTaskIds] = useState<Set<string>>(new Set());
     |                           ^^^^^^^^^^^^^^^^^^
  72 |
  73 |   const handleTabChange = (tabId: TaskStatus) => {
  74 |     setActiveTab(tabId);

Ecmascript file had an error

Import traces:
  Client Component Browser:
    ./src/components/archive/ArchiveAgendaView.tsx [Client Component Browser]
    ./src/app/page.tsx [Client Component Browser]
    ./src/app/page.tsx [Server Component]

  Client Component SSR:
    ./src/components/archive/ArchiveAgendaView.tsx [Client Component SSR]
    ./src/app/page.tsx [Client Component SSR]
    ./src/app/page.tsx [Server Component] @ http://localhost:3000/_next/static/chunks/node_modules_next_dist_0u_w_5s._.js:1945
[   89668ms] [ERROR] ./src/components/archive/ArchiveAgendaView.tsx:89:9
the name `toggleTaskSelection` is defined multiple times
  87 |   };
  88 |
> 89 |   const toggleTaskSelection = (id: string, e: React.MouseEvent) => {
     |         ^^^^^^^^^^^^^^^^^^^
  90 |     e.stopPropagation();
  91 |     const newSet = new Set(selectedTaskIds);
  92 |     if (newSet.has(id)) newSet.delete(id);

Ecmascript file had an error

Import traces:
  Client Component Browser:
    ./src/components/archive/ArchiveAgendaView.tsx [Client Component Browser]
    ./src/app/page.tsx [Client Component Browser]
    ./src/app/page.tsx [Server Component]

  Client Component SSR:
    ./src/components/archive/ArchiveAgendaView.tsx [Client Component SSR]
    ./src/app/page.tsx [Client Component SSR]
    ./src/app/page.tsx [Server Component] @ http://localhost:3000/_next/static/chunks/node_modules_next_dist_0u_w_5s._.js:1945
[   89741ms] [LOG] [Fast Refresh] rebuilding @ http://localhost:3000/_next/static/chunks/node_modules_next_dist_0u_w_5s._.js:1226
[  105863ms] [LOG] [Fast Refresh] rebuilding @ http://localhost:3000/_next/static/chunks/node_modules_next_dist_0u_w_5s._.js:1226
[  105881ms] [ERROR] ./src/components/archive/ArchiveAgendaView.tsx:79:9
the name `filteredTasks` is defined multiple times
  77 |
  78 |
> 79 |   const filteredTasks = tasks.filter(t => t.status === activeTab);
     |         ^^^^^^^^^^^^^
  80 |   
  81 |   const handleSelectAll = () => {
  82 |     if (selectedTaskIds.size === filteredTasks.length) {

Ecmascript file had an error

Import traces:
  Client Component Browser:
    ./src/components/archive/ArchiveAgendaView.tsx [Client Component Browser]
    ./src/app/page.tsx [Client Component Browser]
    ./src/app/page.tsx [Server Component]

  Client Component SSR:
    ./src/components/archive/ArchiveAgendaView.tsx [Client Component SSR]
    ./src/app/page.tsx [Client Component SSR]
    ./src/app/page.tsx [Server Component] @ http://localhost:3000/_next/static/chunks/node_modules_next_dist_0u_w_5s._.js:1945
[  105881ms] [ERROR] ./src/components/archive/ArchiveAgendaView.tsx:97:9
the name `handleBulkDelete` is defined multiple times
   95 |   };
   96 |
>  97 |   const handleBulkDelete = () => {
      |         ^^^^^^^^^^^^^^^^
   98 |     if (confirm(`선택한 ${selectedTaskIds.size}개 항목을 영구 삭제하시겠습니까? 이 작업은...
   99 |       selectedTaskIds.forEach(id => deleteTask(id));
  100 |       setSelectedTaskIds(new Set());

Ecmascript file had an error

Import traces:
  Client Component Browser:
    ./src/components/archive/ArchiveAgendaView.tsx [Client Component Browser]
    ./src/app/page.tsx [Client Component Browser]
    ./src/app/page.tsx [Server Component]

  Client Component SSR:
    ./src/components/archive/ArchiveAgendaView.tsx [Client Component SSR]
    ./src/app/page.tsx [Client Component SSR]
    ./src/app/page.tsx [Server Component] @ http://localhost:3000/_next/static/chunks/node_modules_next_dist_0u_w_5s._.js:1945
[  105881ms] [ERROR] ./src/components/archive/ArchiveAgendaView.tsx:104:9
the name `handleBulkRestore` is defined multiple times
  102 |   };
  103 |   
> 104 |   const handleBulkRestore = () => {
      |         ^^^^^^^^^^^^^^^^^
  105 |     selectedTaskIds.forEach(id => setTaskStatus(id, 'inbox'));
  106 |     setSelectedTaskIds(new Set());
  107 |   };

Ecmascript file had an error

Import traces:
  Client Component Browser:
    ./src/components/archive/ArchiveAgendaView.tsx [Client Component Browser]
    ./src/app/page.tsx [Client Component Browser]
    ./src/app/page.tsx [Server Component]

  Client Component SSR:
    ./src/components/archive/ArchiveAgendaView.tsx [Client Component SSR]
    ./src/app/page.tsx [Client Component SSR]
    ./src/app/page.tsx [Server Component] @ http://localhost:3000/_next/static/chunks/node_modules_next_dist_0u_w_5s._.js:1945
[  105881ms] [ERROR] ./src/components/archive/ArchiveAgendaView.tsx:81:9
the name `handleSelectAll` is defined multiple times
  79 |   const filteredTasks = tasks.filter(t => t.status === activeTab);
  80 |   
> 81 |   const handleSelectAll = () => {
     |         ^^^^^^^^^^^^^^^
  82 |     if (selectedTaskIds.size === filteredTasks.length) {
  83 |       setSelectedTaskIds(new Set());
  84 |     } else {

Ecmascript file had an error

Import traces:
  Client Component Browser:
    ./src/components/archive/ArchiveAgendaView.tsx [Client Component Browser]
    ./src/app/page.tsx [Client Component Browser]
    ./src/app/page.tsx [Server Component]

  Client Component SSR:
    ./src/components/archive/ArchiveAgendaView.tsx [Client Component SSR]
    ./src/app/page.tsx [Client Component SSR]
    ./src/app/page.tsx [Server Component] @ http://localhost:3000/_next/static/chunks/node_modules_next_dist_0u_w_5s._.js:1945
[  105881ms] [ERROR] ./src/components/archive/ArchiveAgendaView.tsx:73:9
the name `handleTabChange` is defined multiple times
  71 |   const [selectedTaskIds, setSelectedTaskIds] = useState<Set<string>>(new Set());
  72 |
> 73 |   const handleTabChange = (tabId: TaskStatus) => {
     |         ^^^^^^^^^^^^^^^
  74 |     setActiveTab(tabId);
  75 |     setSelectedTaskIds(new Set());
  76 |   };

Ecmascript file had an error

Import traces:
  Client Component Browser:
    ./src/components/archive/ArchiveAgendaView.tsx [Client Component Browser]
    ./src/app/page.tsx [Client Component Browser]
    ./src/app/page.tsx [Server Component]

  Client Component SSR:
    ./src/components/archive/ArchiveAgendaView.tsx [Client Component SSR]
    ./src/app/page.tsx [Client Component SSR]
    ./src/app/page.tsx [Server Component] @ http://localhost:3000/_next/static/chunks/node_modules_next_dist_0u_w_5s._.js:1945
[  105881ms] [ERROR] ./src/components/archive/ArchiveAgendaView.tsx:71:10
the name `selectedTaskIds` is defined multiple times
  69 |   };
  70 |
> 71 |   const [selectedTaskIds, setSelectedTaskIds] = useState<Set<string>>(new Set());
     |          ^^^^^^^^^^^^^^^
  72 |
  73 |   const handleTabChange = (tabId: TaskStatus) => {
  74 |     setActiveTab(tabId);

Ecmascript file had an error

Import traces:
  Client Component Browser:
    ./src/components/archive/ArchiveAgendaView.tsx [Client Component Browser]
    ./src/app/page.tsx [Client Component Browser]
    ./src/app/page.tsx [Server Component]

  Client Component SSR:
    ./src/components/archive/ArchiveAgendaView.tsx [Client Component SSR]
    ./src/app/page.tsx [Client Component SSR]
    ./src/app/page.tsx [Server Component] @ http://localhost:3000/_next/static/chunks/node_modules_next_dist_0u_w_5s._.js:1945
[  105881ms] [ERROR] ./src/components/archive/ArchiveAgendaView.tsx:71:27
the name `setSelectedTaskIds` is defined multiple times
  69 |   };
  70 |
> 71 |   const [selectedTaskIds, setSelectedTaskIds] = useState<Set<string>>(new Set());
     |                           ^^^^^^^^^^^^^^^^^^
  72 |
  73 |   const handleTabChange = (tabId: TaskStatus) => {
  74 |     setActiveTab(tabId);

Ecmascript file had an error

Import traces:
  Client Component Browser:
    ./src/components/archive/ArchiveAgendaView.tsx [Client Component Browser]
    ./src/app/page.tsx [Client Component Browser]
    ./src/app/page.tsx [Server Component]

  Client Component SSR:
    ./src/components/archive/ArchiveAgendaView.tsx [Client Component SSR]
    ./src/app/page.tsx [Client Component SSR]
    ./src/app/page.tsx [Server Component] @ http://localhost:3000/_next/static/chunks/node_modules_next_dist_0u_w_5s._.js:1945
[  105881ms] [ERROR] ./src/components/archive/ArchiveAgendaView.tsx:89:9
the name `toggleTaskSelection` is defined multiple times
  87 |   };
  88 |
> 89 |   const toggleTaskSelection = (id: string, e: React.MouseEvent) => {
     |         ^^^^^^^^^^^^^^^^^^^
  90 |     e.stopPropagation();
  91 |     const newSet = new Set(selectedTaskIds);
  92 |     if (newSet.has(id)) newSet.delete(id);

Ecmascript file had an error

Import traces:
  Client Component Browser:
    ./src/components/archive/ArchiveAgendaView.tsx [Client Component Browser]
    ./src/app/page.tsx [Client Component Browser]
    ./src/app/page.tsx [Server Component]

  Client Component SSR:
    ./src/components/archive/ArchiveAgendaView.tsx [Client Component SSR]
    ./src/app/page.tsx [Client Component SSR]
    ./src/app/page.tsx [Server Component] @ http://localhost:3000/_next/static/chunks/node_modules_next_dist_0u_w_5s._.js:1945
[  106062ms] [ERROR] Failed to load resource: the server responded with a status of 500 (Internal Server Error) @ http://localhost:3000/:0
[  106104ms] [INFO] %cDownload the React DevTools for a better development experience: https://react.dev/link/react-devtools font-weight:bold @ http://localhost:3000/_next/static/chunks/node_modules_react-dom_0bruynb._.js:15305
[  106125ms] Error: ./src/components/archive/ArchiveAgendaView.tsx:79:9
the name `filteredTasks` is defined multiple times
  77 |
  78 |
> 79 |   const filteredTasks = tasks.filter(t => t.status === activeTab);
     |         ^^^^^^^^^^^^^
  80 |   
  81 |   const handleSelectAll = () => {
  82 |     if (selectedTaskIds.size === filteredTasks.length) {

Ecmascript file had an error

Import traces:
  Client Component Browser:
    ./src/components/archive/ArchiveAgendaView.tsx [Client Component Browser]
    ./src/app/page.tsx [Client Component Browser]
    ./src/app/page.tsx [Server Component]

  Client Component SSR:
    ./src/components/archive/ArchiveAgendaView.tsx [Client Component SSR]
    ./src/app/page.tsx [Client Component SSR]
    ./src/app/page.tsx [Server Component]


    at <unknown> (Error: ./src/components/archive/ArchiveAgendaView.tsx:79:9)
    at Object.getCompilationErrors (file:///Users/hallyo/Desktop/Calentask/node_modules/next/dist/server/dev/hot-reloader-turbopack.js:1186:59)
    at DevBundlerService.getCompilationError (file:///Users/hallyo/Desktop/Calentask/node_modules/next/dist/server/lib/dev-bundler-service.js:44:55)
    at DevServer.getCompilationError (file:///Users/hallyo/Desktop/Calentask/node_modules/next/dist/server/dev/next-dev-server.js:720:42)
    at DevServer.findPageComponents (file:///Users/hallyo/Desktop/Calentask/node_modules/next/dist/server/dev/next-dev-server.js:690:43)
    at async DevServer.renderErrorToResponseImpl (file:///Users/hallyo/Desktop/Calentask/node_modules/next/dist/server/base-server.js:1753:26)
[  106116ms] [LOG] [HMR] connected @ http://localhost:3000/_next/static/chunks/node_modules_next_dist_0u_w_5s._.js:1226
[  106120ms] [ERROR] ./src/components/archive/ArchiveAgendaView.tsx:79:9
the name `filteredTasks` is defined multiple times
  77 |
  78 |
> 79 |   const filteredTasks = tasks.filter(t => t.status === activeTab);
     |         ^^^^^^^^^^^^^
  80 |   
  81 |   const handleSelectAll = () => {
  82 |     if (selectedTaskIds.size === filteredTasks.length) {

Ecmascript file had an error

Import traces:
  Client Component Browser:
    ./src/components/archive/ArchiveAgendaView.tsx [Client Component Browser]
    ./src/app/page.tsx [Client Component Browser]
    ./src/app/page.tsx [Server Component]

  Client Component SSR:
    ./src/components/archive/ArchiveAgendaView.tsx [Client Component SSR]
    ./src/app/page.tsx [Client Component SSR]
    ./src/app/page.tsx [Server Component] @ http://localhost:3000/_next/static/chunks/node_modules_next_dist_0u_w_5s._.js:1945
[  106120ms] [ERROR] ./src/components/archive/ArchiveAgendaView.tsx:97:9
the name `handleBulkDelete` is defined multiple times
   95 |   };
   96 |
>  97 |   const handleBulkDelete = () => {
      |         ^^^^^^^^^^^^^^^^
   98 |     if (confirm(`선택한 ${selectedTaskIds.size}개 항목을 영구 삭제하시겠습니까? 이 작업은...
   99 |       selectedTaskIds.forEach(id => deleteTask(id));
  100 |       setSelectedTaskIds(new Set());

Ecmascript file had an error

Import traces:
  Client Component Browser:
    ./src/components/archive/ArchiveAgendaView.tsx [Client Component Browser]
    ./src/app/page.tsx [Client Component Browser]
    ./src/app/page.tsx [Server Component]

  Client Component SSR:
    ./src/components/archive/ArchiveAgendaView.tsx [Client Component SSR]
    ./src/app/page.tsx [Client Component SSR]
    ./src/app/page.tsx [Server Component] @ http://localhost:3000/_next/static/chunks/node_modules_next_dist_0u_w_5s._.js:1945
[  106120ms] [ERROR] ./src/components/archive/ArchiveAgendaView.tsx:104:9
the name `handleBulkRestore` is defined multiple times
  102 |   };
  103 |   
> 104 |   const handleBulkRestore = () => {
      |         ^^^^^^^^^^^^^^^^^
  105 |     selectedTaskIds.forEach(id => setTaskStatus(id, 'inbox'));
  106 |     setSelectedTaskIds(new Set());
  107 |   };

Ecmascript file had an error

Import traces:
  Client Component Browser:
    ./src/components/archive/ArchiveAgendaView.tsx [Client Component Browser]
    ./src/app/page.tsx [Client Component Browser]
    ./src/app/page.tsx [Server Component]

  Client Component SSR:
    ./src/components/archive/ArchiveAgendaView.tsx [Client Component SSR]
    ./src/app/page.tsx [Client Component SSR]
    ./src/app/page.tsx [Server Component] @ http://localhost:3000/_next/static/chunks/node_modules_next_dist_0u_w_5s._.js:1945
[  106120ms] [ERROR] ./src/components/archive/ArchiveAgendaView.tsx:81:9
the name `handleSelectAll` is defined multiple times
  79 |   const filteredTasks = tasks.filter(t => t.status === activeTab);
  80 |   
> 81 |   const handleSelectAll = () => {
     |         ^^^^^^^^^^^^^^^
  82 |     if (selectedTaskIds.size === filteredTasks.length) {
  83 |       setSelectedTaskIds(new Set());
  84 |     } else {

Ecmascript file had an error

Import traces:
  Client Component Browser:
    ./src/components/archive/ArchiveAgendaView.tsx [Client Component Browser]
    ./src/app/page.tsx [Client Component Browser]
    ./src/app/page.tsx [Server Component]

  Client Component SSR:
    ./src/components/archive/ArchiveAgendaView.tsx [Client Component SSR]
    ./src/app/page.tsx [Client Component SSR]
    ./src/app/page.tsx [Server Component] @ http://localhost:3000/_next/static/chunks/node_modules_next_dist_0u_w_5s._.js:1945
[  106120ms] [ERROR] ./src/components/archive/ArchiveAgendaView.tsx:73:9
the name `handleTabChange` is defined multiple times
  71 |   const [selectedTaskIds, setSelectedTaskIds] = useState<Set<string>>(new Set());
  72 |
> 73 |   const handleTabChange = (tabId: TaskStatus) => {
     |         ^^^^^^^^^^^^^^^
  74 |     setActiveTab(tabId);
  75 |     setSelectedTaskIds(new Set());
  76 |   };

Ecmascript file had an error

Import traces:
  Client Component Browser:
    ./src/components/archive/ArchiveAgendaView.tsx [Client Component Browser]
    ./src/app/page.tsx [Client Component Browser]
    ./src/app/page.tsx [Server Component]

  Client Component SSR:
    ./src/components/archive/ArchiveAgendaView.tsx [Client Component SSR]
    ./src/app/page.tsx [Client Component SSR]
    ./src/app/page.tsx [Server Component] @ http://localhost:3000/_next/static/chunks/node_modules_next_dist_0u_w_5s._.js:1945
[  106120ms] [ERROR] ./src/components/archive/ArchiveAgendaView.tsx:71:10
the name `selectedTaskIds` is defined multiple times
  69 |   };
  70 |
> 71 |   const [selectedTaskIds, setSelectedTaskIds] = useState<Set<string>>(new Set());
     |          ^^^^^^^^^^^^^^^
  72 |
  73 |   const handleTabChange = (tabId: TaskStatus) => {
  74 |     setActiveTab(tabId);

Ecmascript file had an error

Import traces:
  Client Component Browser:
    ./src/components/archive/ArchiveAgendaView.tsx [Client Component Browser]
    ./src/app/page.tsx [Client Component Browser]
    ./src/app/page.tsx [Server Component]

  Client Component SSR:
    ./src/components/archive/ArchiveAgendaView.tsx [Client Component SSR]
    ./src/app/page.tsx [Client Component SSR]
    ./src/app/page.tsx [Server Component] @ http://localhost:3000/_next/static/chunks/node_modules_next_dist_0u_w_5s._.js:1945
[  106120ms] [ERROR] ./src/components/archive/ArchiveAgendaView.tsx:71:27
the name `setSelectedTaskIds` is defined multiple times
  69 |   };
  70 |
> 71 |   const [selectedTaskIds, setSelectedTaskIds] = useState<Set<string>>(new Set());
     |                           ^^^^^^^^^^^^^^^^^^
  72 |
  73 |   const handleTabChange = (tabId: TaskStatus) => {
  74 |     setActiveTab(tabId);

Ecmascript file had an error

Import traces:
  Client Component Browser:
    ./src/components/archive/ArchiveAgendaView.tsx [Client Component Browser]
    ./src/app/page.tsx [Client Component Browser]
    ./src/app/page.tsx [Server Component]

  Client Component SSR:
    ./src/components/archive/ArchiveAgendaView.tsx [Client Component SSR]
    ./src/app/page.tsx [Client Component SSR]
    ./src/app/page.tsx [Server Component] @ http://localhost:3000/_next/static/chunks/node_modules_next_dist_0u_w_5s._.js:1945
[  106120ms] [ERROR] ./src/components/archive/ArchiveAgendaView.tsx:89:9
the name `toggleTaskSelection` is defined multiple times
  87 |   };
  88 |
> 89 |   const toggleTaskSelection = (id: string, e: React.MouseEvent) => {
     |         ^^^^^^^^^^^^^^^^^^^
  90 |     e.stopPropagation();
  91 |     const newSet = new Set(selectedTaskIds);
  92 |     if (newSet.has(id)) newSet.delete(id);

Ecmascript file had an error

Import traces:
  Client Component Browser:
    ./src/components/archive/ArchiveAgendaView.tsx [Client Component Browser]
    ./src/app/page.tsx [Client Component Browser]
    ./src/app/page.tsx [Server Component]

  Client Component SSR:
    ./src/components/archive/ArchiveAgendaView.tsx [Client Component SSR]
    ./src/app/page.tsx [Client Component SSR]
    ./src/app/page.tsx [Server Component] @ http://localhost:3000/_next/static/chunks/node_modules_next_dist_0u_w_5s._.js:1945
[  106154ms] [ERROR] ./src/components/archive/ArchiveAgendaView.tsx:79:9
the name `filteredTasks` is defined multiple times
  77 |
  78 |
> 79 |   const filteredTasks = tasks.filter(t => t.status === activeTab);
     |         ^^^^^^^^^^^^^
  80 |   
  81 |   const handleSelectAll = () => {
  82 |     if (selectedTaskIds.size === filteredTasks.length) {

Ecmascript file had an error

Import traces:
  Client Component Browser:
    ./src/components/archive/ArchiveAgendaView.tsx [Client Component Browser]
    ./src/app/page.tsx [Client Component Browser]
    ./src/app/page.tsx [Server Component]

  Client Component SSR:
    ./src/components/archive/ArchiveAgendaView.tsx [Client Component SSR]
    ./src/app/page.tsx [Client Component SSR]
    ./src/app/page.tsx [Server Component] @ http://localhost:3000/_next/static/chunks/node_modules_next_dist_0u_w_5s._.js:1945
[  106154ms] [ERROR] ./src/components/archive/ArchiveAgendaView.tsx:97:9
the name `handleBulkDelete` is defined multiple times
   95 |   };
   96 |
>  97 |   const handleBulkDelete = () => {
      |         ^^^^^^^^^^^^^^^^
   98 |     if (confirm(`선택한 ${selectedTaskIds.size}개 항목을 영구 삭제하시겠습니까? 이 작업은...
   99 |       selectedTaskIds.forEach(id => deleteTask(id));
  100 |       setSelectedTaskIds(new Set());

Ecmascript file had an error

Import traces:
  Client Component Browser:
    ./src/components/archive/ArchiveAgendaView.tsx [Client Component Browser]
    ./src/app/page.tsx [Client Component Browser]
    ./src/app/page.tsx [Server Component]

  Client Component SSR:
    ./src/components/archive/ArchiveAgendaView.tsx [Client Component SSR]
    ./src/app/page.tsx [Client Component SSR]
    ./src/app/page.tsx [Server Component] @ http://localhost:3000/_next/static/chunks/node_modules_next_dist_0u_w_5s._.js:1945
[  106155ms] [ERROR] ./src/components/archive/ArchiveAgendaView.tsx:104:9
the name `handleBulkRestore` is defined multiple times
  102 |   };
  103 |   
> 104 |   const handleBulkRestore = () => {
      |         ^^^^^^^^^^^^^^^^^
  105 |     selectedTaskIds.forEach(id => setTaskStatus(id, 'inbox'));
  106 |     setSelectedTaskIds(new Set());
  107 |   };

Ecmascript file had an error

Import traces:
  Client Component Browser:
    ./src/components/archive/ArchiveAgendaView.tsx [Client Component Browser]
    ./src/app/page.tsx [Client Component Browser]
    ./src/app/page.tsx [Server Component]

  Client Component SSR:
    ./src/components/archive/ArchiveAgendaView.tsx [Client Component SSR]
    ./src/app/page.tsx [Client Component SSR]
    ./src/app/page.tsx [Server Component] @ http://localhost:3000/_next/static/chunks/node_modules_next_dist_0u_w_5s._.js:1945
[  106155ms] [ERROR] ./src/components/archive/ArchiveAgendaView.tsx:81:9
the name `handleSelectAll` is defined multiple times
  79 |   const filteredTasks = tasks.filter(t => t.status === activeTab);
  80 |   
> 81 |   const handleSelectAll = () => {
     |         ^^^^^^^^^^^^^^^
  82 |     if (selectedTaskIds.size === filteredTasks.length) {
  83 |       setSelectedTaskIds(new Set());
  84 |     } else {

Ecmascript file had an error

Import traces:
  Client Component Browser:
    ./src/components/archive/ArchiveAgendaView.tsx [Client Component Browser]
    ./src/app/page.tsx [Client Component Browser]
    ./src/app/page.tsx [Server Component]

  Client Component SSR:
    ./src/components/archive/ArchiveAgendaView.tsx [Client Component SSR]
    ./src/app/page.tsx [Client Component SSR]
    ./src/app/page.tsx [Server Component] @ http://localhost:3000/_next/static/chunks/node_modules_next_dist_0u_w_5s._.js:1945
[  106155ms] [ERROR] ./src/components/archive/ArchiveAgendaView.tsx:73:9
the name `handleTabChange` is defined multiple times
  71 |   const [selectedTaskIds, setSelectedTaskIds] = useState<Set<string>>(new Set());
  72 |
> 73 |   const handleTabChange = (tabId: TaskStatus) => {
     |         ^^^^^^^^^^^^^^^
  74 |     setActiveTab(tabId);
  75 |     setSelectedTaskIds(new Set());
  76 |   };

Ecmascript file had an error

Import traces:
  Client Component Browser:
    ./src/components/archive/ArchiveAgendaView.tsx [Client Component Browser]
    ./src/app/page.tsx [Client Component Browser]
    ./src/app/page.tsx [Server Component]

  Client Component SSR:
    ./src/components/archive/ArchiveAgendaView.tsx [Client Component SSR]
    ./src/app/page.tsx [Client Component SSR]
    ./src/app/page.tsx [Server Component] @ http://localhost:3000/_next/static/chunks/node_modules_next_dist_0u_w_5s._.js:1945
[  106155ms] [ERROR] ./src/components/archive/ArchiveAgendaView.tsx:71:10
the name `selectedTaskIds` is defined multiple times
  69 |   };
  70 |
> 71 |   const [selectedTaskIds, setSelectedTaskIds] = useState<Set<string>>(new Set());
     |          ^^^^^^^^^^^^^^^
  72 |
  73 |   const handleTabChange = (tabId: TaskStatus) => {
  74 |     setActiveTab(tabId);

Ecmascript file had an error

Import traces:
  Client Component Browser:
    ./src/components/archive/ArchiveAgendaView.tsx [Client Component Browser]
    ./src/app/page.tsx [Client Component Browser]
    ./src/app/page.tsx [Server Component]

  Client Component SSR:
    ./src/components/archive/ArchiveAgendaView.tsx [Client Component SSR]
    ./src/app/page.tsx [Client Component SSR]
    ./src/app/page.tsx [Server Component] @ http://localhost:3000/_next/static/chunks/node_modules_next_dist_0u_w_5s._.js:1945
[  106155ms] [ERROR] ./src/components/archive/ArchiveAgendaView.tsx:71:27
the name `setSelectedTaskIds` is defined multiple times
  69 |   };
  70 |
> 71 |   const [selectedTaskIds, setSelectedTaskIds] = useState<Set<string>>(new Set());
     |                           ^^^^^^^^^^^^^^^^^^
  72 |
  73 |   const handleTabChange = (tabId: TaskStatus) => {
  74 |     setActiveTab(tabId);

Ecmascript file had an error

Import traces:
  Client Component Browser:
    ./src/components/archive/ArchiveAgendaView.tsx [Client Component Browser]
    ./src/app/page.tsx [Client Component Browser]
    ./src/app/page.tsx [Server Component]

  Client Component SSR:
    ./src/components/archive/ArchiveAgendaView.tsx [Client Component SSR]
    ./src/app/page.tsx [Client Component SSR]
    ./src/app/page.tsx [Server Component] @ http://localhost:3000/_next/static/chunks/node_modules_next_dist_0u_w_5s._.js:1945
[  106155ms] [ERROR] ./src/components/archive/ArchiveAgendaView.tsx:89:9
the name `toggleTaskSelection` is defined multiple times
  87 |   };
  88 |
> 89 |   const toggleTaskSelection = (id: string, e: React.MouseEvent) => {
     |         ^^^^^^^^^^^^^^^^^^^
  90 |     e.stopPropagation();
  91 |     const newSet = new Set(selectedTaskIds);
  92 |     if (newSet.has(id)) newSet.delete(id);

Ecmascript file had an error

Import traces:
  Client Component Browser:
    ./src/components/archive/ArchiveAgendaView.tsx [Client Component Browser]
    ./src/app/page.tsx [Client Component Browser]
    ./src/app/page.tsx [Server Component]

  Client Component SSR:
    ./src/components/archive/ArchiveAgendaView.tsx [Client Component SSR]
    ./src/app/page.tsx [Client Component SSR]
    ./src/app/page.tsx [Server Component] @ http://localhost:3000/_next/static/chunks/node_modules_next_dist_0u_w_5s._.js:1945
[  106221ms] [LOG] [Fast Refresh] rebuilding @ http://localhost:3000/_next/static/chunks/node_modules_next_dist_0u_w_5s._.js:1226
[  133599ms] [LOG] [Fast Refresh] rebuilding @ http://localhost:3000/_next/static/chunks/node_modules_next_dist_0u_w_5s._.js:1226
[  133627ms] [ERROR] ./src/components/archive/ArchiveAgendaView.tsx:79:9
the name `filteredTasks` is defined multiple times
  77 |
  78 |
> 79 |   const filteredTasks = tasks.filter(t => t.status === activeTab);
     |         ^^^^^^^^^^^^^
  80 |   
  81 |   const handleSelectAll = () => {
  82 |     if (selectedTaskIds.size === filteredTasks.length) {

Ecmascript file had an error

Import traces:
  Client Component Browser:
    ./src/components/archive/ArchiveAgendaView.tsx [Client Component Browser]
    ./src/app/page.tsx [Client Component Browser]
    ./src/app/page.tsx [Server Component]

  Client Component SSR:
    ./src/components/archive/ArchiveAgendaView.tsx [Client Component SSR]
    ./src/app/page.tsx [Client Component SSR]
    ./src/app/page.tsx [Server Component] @ http://localhost:3000/_next/static/chunks/node_modules_next_dist_0u_w_5s._.js:1945
[  133627ms] [ERROR] ./src/components/archive/ArchiveAgendaView.tsx:97:9
the name `handleBulkDelete` is defined multiple times
   95 |   };
   96 |
>  97 |   const handleBulkDelete = () => {
      |         ^^^^^^^^^^^^^^^^
   98 |     if (confirm(`선택한 ${selectedTaskIds.size}개 항목을 영구 삭제하시겠습니까? 이 작업은...
   99 |       selectedTaskIds.forEach(id => deleteTask(id));
  100 |       setSelectedTaskIds(new Set());

Ecmascript file had an error

Import traces:
  Client Component Browser:
    ./src/components/archive/ArchiveAgendaView.tsx [Client Component Browser]
    ./src/app/page.tsx [Client Component Browser]
    ./src/app/page.tsx [Server Component]

  Client Component SSR:
    ./src/components/archive/ArchiveAgendaView.tsx [Client Component SSR]
    ./src/app/page.tsx [Client Component SSR]
    ./src/app/page.tsx [Server Component] @ http://localhost:3000/_next/static/chunks/node_modules_next_dist_0u_w_5s._.js:1945
[  133627ms] [ERROR] ./src/components/archive/ArchiveAgendaView.tsx:104:9
the name `handleBulkRestore` is defined multiple times
  102 |   };
  103 |   
> 104 |   const handleBulkRestore = () => {
      |         ^^^^^^^^^^^^^^^^^
  105 |     selectedTaskIds.forEach(id => setTaskStatus(id, 'inbox'));
  106 |     setSelectedTaskIds(new Set());
  107 |   };

Ecmascript file had an error

Import traces:
  Client Component Browser:
    ./src/components/archive/ArchiveAgendaView.tsx [Client Component Browser]
    ./src/app/page.tsx [Client Component Browser]
    ./src/app/page.tsx [Server Component]

  Client Component SSR:
    ./src/components/archive/ArchiveAgendaView.tsx [Client Component SSR]
    ./src/app/page.tsx [Client Component SSR]
    ./src/app/page.tsx [Server Component] @ http://localhost:3000/_next/static/chunks/node_modules_next_dist_0u_w_5s._.js:1945
[  133627ms] [ERROR] ./src/components/archive/ArchiveAgendaView.tsx:81:9
the name `handleSelectAll` is defined multiple times
  79 |   const filteredTasks = tasks.filter(t => t.status === activeTab);
  80 |   
> 81 |   const handleSelectAll = () => {
     |         ^^^^^^^^^^^^^^^
  82 |     if (selectedTaskIds.size === filteredTasks.length) {
  83 |       setSelectedTaskIds(new Set());
  84 |     } else {

Ecmascript file had an error

Import traces:
  Client Component Browser:
    ./src/components/archive/ArchiveAgendaView.tsx [Client Component Browser]
    ./src/app/page.tsx [Client Component Browser]
    ./src/app/page.tsx [Server Component]

  Client Component SSR:
    ./src/components/archive/ArchiveAgendaView.tsx [Client Component SSR]
    ./src/app/page.tsx [Client Component SSR]
    ./src/app/page.tsx [Server Component] @ http://localhost:3000/_next/static/chunks/node_modules_next_dist_0u_w_5s._.js:1945
[  133627ms] [ERROR] ./src/components/archive/ArchiveAgendaView.tsx:73:9
the name `handleTabChange` is defined multiple times
  71 |   const [selectedTaskIds, setSelectedTaskIds] = useState<Set<string>>(new Set());
  72 |
> 73 |   const handleTabChange = (tabId: TaskStatus) => {
     |         ^^^^^^^^^^^^^^^
  74 |     setActiveTab(tabId);
  75 |     setSelectedTaskIds(new Set());
  76 |   };

Ecmascript file had an error

Import traces:
  Client Component Browser:
    ./src/components/archive/ArchiveAgendaView.tsx [Client Component Browser]
    ./src/app/page.tsx [Client Component Browser]
    ./src/app/page.tsx [Server Component]

  Client Component SSR:
    ./src/components/archive/ArchiveAgendaView.tsx [Client Component SSR]
    ./src/app/page.tsx [Client Component SSR]
    ./src/app/page.tsx [Server Component] @ http://localhost:3000/_next/static/chunks/node_modules_next_dist_0u_w_5s._.js:1945
[  133627ms] [ERROR] ./src/components/archive/ArchiveAgendaView.tsx:71:10
the name `selectedTaskIds` is defined multiple times
  69 |   };
  70 |
> 71 |   const [selectedTaskIds, setSelectedTaskIds] = useState<Set<string>>(new Set());
     |          ^^^^^^^^^^^^^^^
  72 |
  73 |   const handleTabChange = (tabId: TaskStatus) => {
  74 |     setActiveTab(tabId);

Ecmascript file had an error

Import traces:
  Client Component Browser:
    ./src/components/archive/ArchiveAgendaView.tsx [Client Component Browser]
    ./src/app/page.tsx [Client Component Browser]
    ./src/app/page.tsx [Server Component]

  Client Component SSR:
    ./src/components/archive/ArchiveAgendaView.tsx [Client Component SSR]
    ./src/app/page.tsx [Client Component SSR]
    ./src/app/page.tsx [Server Component] @ http://localhost:3000/_next/static/chunks/node_modules_next_dist_0u_w_5s._.js:1945
[  133627ms] [ERROR] ./src/components/archive/ArchiveAgendaView.tsx:71:27
the name `setSelectedTaskIds` is defined multiple times
  69 |   };
  70 |
> 71 |   const [selectedTaskIds, setSelectedTaskIds] = useState<Set<string>>(new Set());
     |                           ^^^^^^^^^^^^^^^^^^
  72 |
  73 |   const handleTabChange = (tabId: TaskStatus) => {
  74 |     setActiveTab(tabId);

Ecmascript file had an error

Import traces:
  Client Component Browser:
    ./src/components/archive/ArchiveAgendaView.tsx [Client Component Browser]
    ./src/app/page.tsx [Client Component Browser]
    ./src/app/page.tsx [Server Component]

  Client Component SSR:
    ./src/components/archive/ArchiveAgendaView.tsx [Client Component SSR]
    ./src/app/page.tsx [Client Component SSR]
    ./src/app/page.tsx [Server Component] @ http://localhost:3000/_next/static/chunks/node_modules_next_dist_0u_w_5s._.js:1945
[  133627ms] [ERROR] ./src/components/archive/ArchiveAgendaView.tsx:89:9
the name `toggleTaskSelection` is defined multiple times
  87 |   };
  88 |
> 89 |   const toggleTaskSelection = (id: string, e: React.MouseEvent) => {
     |         ^^^^^^^^^^^^^^^^^^^
  90 |     e.stopPropagation();
  91 |     const newSet = new Set(selectedTaskIds);
  92 |     if (newSet.has(id)) newSet.delete(id);

Ecmascript file had an error

Import traces:
  Client Component Browser:
    ./src/components/archive/ArchiveAgendaView.tsx [Client Component Browser]
    ./src/app/page.tsx [Client Component Browser]
    ./src/app/page.tsx [Server Component]

  Client Component SSR:
    ./src/components/archive/ArchiveAgendaView.tsx [Client Component SSR]
    ./src/app/page.tsx [Client Component SSR]
    ./src/app/page.tsx [Server Component] @ http://localhost:3000/_next/static/chunks/node_modules_next_dist_0u_w_5s._.js:1945
[  133757ms] [ERROR] Failed to load resource: the server responded with a status of 500 (Internal Server Error) @ http://localhost:3000/:0
[  133791ms] [INFO] %cDownload the React DevTools for a better development experience: https://react.dev/link/react-devtools font-weight:bold @ http://localhost:3000/_next/static/chunks/node_modules_react-dom_0bruynb._.js:15305
[  133847ms] Error: ./src/components/archive/ArchiveAgendaView.tsx:79:9
the name `filteredTasks` is defined multiple times
  77 |
  78 |
> 79 |   const filteredTasks = tasks.filter(t => t.status === activeTab);
     |         ^^^^^^^^^^^^^
  80 |   
  81 |   const handleSelectAll = () => {
  82 |     if (selectedTaskIds.size === filteredTasks.length) {

Ecmascript file had an error

Import traces:
  Client Component Browser:
    ./src/components/archive/ArchiveAgendaView.tsx [Client Component Browser]
    ./src/app/page.tsx [Client Component Browser]
    ./src/app/page.tsx [Server Component]

  Client Component SSR:
    ./src/components/archive/ArchiveAgendaView.tsx [Client Component SSR]
    ./src/app/page.tsx [Client Component SSR]
    ./src/app/page.tsx [Server Component]


    at <unknown> (Error: ./src/components/archive/ArchiveAgendaView.tsx:79:9)
    at Object.getCompilationErrors (file:///Users/hallyo/Desktop/Calentask/node_modules/next/dist/server/dev/hot-reloader-turbopack.js:1186:59)
    at DevBundlerService.getCompilationError (file:///Users/hallyo/Desktop/Calentask/node_modules/next/dist/server/lib/dev-bundler-service.js:44:55)
    at DevServer.getCompilationError (file:///Users/hallyo/Desktop/Calentask/node_modules/next/dist/server/dev/next-dev-server.js:720:42)
    at DevServer.findPageComponents (file:///Users/hallyo/Desktop/Calentask/node_modules/next/dist/server/dev/next-dev-server.js:690:43)
    at async DevServer.renderErrorToResponseImpl (file:///Users/hallyo/Desktop/Calentask/node_modules/next/dist/server/base-server.js:1753:26)
[  133813ms] [LOG] [HMR] connected @ http://localhost:3000/_next/static/chunks/node_modules_next_dist_0u_w_5s._.js:1226
[  133840ms] [ERROR] ./src/components/archive/ArchiveAgendaView.tsx:79:9
the name `filteredTasks` is defined multiple times
  77 |
  78 |
> 79 |   const filteredTasks = tasks.filter(t => t.status === activeTab);
     |         ^^^^^^^^^^^^^
  80 |   
  81 |   const handleSelectAll = () => {
  82 |     if (selectedTaskIds.size === filteredTasks.length) {

Ecmascript file had an error

Import traces:
  Client Component Browser:
    ./src/components/archive/ArchiveAgendaView.tsx [Client Component Browser]
    ./src/app/page.tsx [Client Component Browser]
    ./src/app/page.tsx [Server Component]

  Client Component SSR:
    ./src/components/archive/ArchiveAgendaView.tsx [Client Component SSR]
    ./src/app/page.tsx [Client Component SSR]
    ./src/app/page.tsx [Server Component] @ http://localhost:3000/_next/static/chunks/node_modules_next_dist_0u_w_5s._.js:1945
[  133840ms] [ERROR] ./src/components/archive/ArchiveAgendaView.tsx:97:9
the name `handleBulkDelete` is defined multiple times
   95 |   };
   96 |
>  97 |   const handleBulkDelete = () => {
      |         ^^^^^^^^^^^^^^^^
   98 |     if (confirm(`선택한 ${selectedTaskIds.size}개 항목을 영구 삭제하시겠습니까? 이 작업은...
   99 |       selectedTaskIds.forEach(id => deleteTask(id));
  100 |       setSelectedTaskIds(new Set());

Ecmascript file had an error

Import traces:
  Client Component Browser:
    ./src/components/archive/ArchiveAgendaView.tsx [Client Component Browser]
    ./src/app/page.tsx [Client Component Browser]
    ./src/app/page.tsx [Server Component]

  Client Component SSR:
    ./src/components/archive/ArchiveAgendaView.tsx [Client Component SSR]
    ./src/app/page.tsx [Client Component SSR]
    ./src/app/page.tsx [Server Component] @ http://localhost:3000/_next/static/chunks/node_modules_next_dist_0u_w_5s._.js:1945
[  133840ms] [ERROR] ./src/components/archive/ArchiveAgendaView.tsx:104:9
the name `handleBulkRestore` is defined multiple times
  102 |   };
  103 |   
> 104 |   const handleBulkRestore = () => {
      |         ^^^^^^^^^^^^^^^^^
  105 |     selectedTaskIds.forEach(id => setTaskStatus(id, 'inbox'));
  106 |     setSelectedTaskIds(new Set());
  107 |   };

Ecmascript file had an error

Import traces:
  Client Component Browser:
    ./src/components/archive/ArchiveAgendaView.tsx [Client Component Browser]
    ./src/app/page.tsx [Client Component Browser]
    ./src/app/page.tsx [Server Component]

  Client Component SSR:
    ./src/components/archive/ArchiveAgendaView.tsx [Client Component SSR]
    ./src/app/page.tsx [Client Component SSR]
    ./src/app/page.tsx [Server Component] @ http://localhost:3000/_next/static/chunks/node_modules_next_dist_0u_w_5s._.js:1945
[  133841ms] [ERROR] ./src/components/archive/ArchiveAgendaView.tsx:81:9
the name `handleSelectAll` is defined multiple times
  79 |   const filteredTasks = tasks.filter(t => t.status === activeTab);
  80 |   
> 81 |   const handleSelectAll = () => {
     |         ^^^^^^^^^^^^^^^
  82 |     if (selectedTaskIds.size === filteredTasks.length) {
  83 |       setSelectedTaskIds(new Set());
  84 |     } else {

Ecmascript file had an error

Import traces:
  Client Component Browser:
    ./src/components/archive/ArchiveAgendaView.tsx [Client Component Browser]
    ./src/app/page.tsx [Client Component Browser]
    ./src/app/page.tsx [Server Component]

  Client Component SSR:
    ./src/components/archive/ArchiveAgendaView.tsx [Client Component SSR]
    ./src/app/page.tsx [Client Component SSR]
    ./src/app/page.tsx [Server Component] @ http://localhost:3000/_next/static/chunks/node_modules_next_dist_0u_w_5s._.js:1945
[  133841ms] [ERROR] ./src/components/archive/ArchiveAgendaView.tsx:73:9
the name `handleTabChange` is defined multiple times
  71 |   const [selectedTaskIds, setSelectedTaskIds] = useState<Set<string>>(new Set());
  72 |
> 73 |   const handleTabChange = (tabId: TaskStatus) => {
     |         ^^^^^^^^^^^^^^^
  74 |     setActiveTab(tabId);
  75 |     setSelectedTaskIds(new Set());
  76 |   };

Ecmascript file had an error

Import traces:
  Client Component Browser:
    ./src/components/archive/ArchiveAgendaView.tsx [Client Component Browser]
    ./src/app/page.tsx [Client Component Browser]
    ./src/app/page.tsx [Server Component]

  Client Component SSR:
    ./src/components/archive/ArchiveAgendaView.tsx [Client Component SSR]
    ./src/app/page.tsx [Client Component SSR]
    ./src/app/page.tsx [Server Component] @ http://localhost:3000/_next/static/chunks/node_modules_next_dist_0u_w_5s._.js:1945
[  133841ms] [ERROR] ./src/components/archive/ArchiveAgendaView.tsx:71:10
the name `selectedTaskIds` is defined multiple times
  69 |   };
  70 |
> 71 |   const [selectedTaskIds, setSelectedTaskIds] = useState<Set<string>>(new Set());
     |          ^^^^^^^^^^^^^^^
  72 |
  73 |   const handleTabChange = (tabId: TaskStatus) => {
  74 |     setActiveTab(tabId);

Ecmascript file had an error

Import traces:
  Client Component Browser:
    ./src/components/archive/ArchiveAgendaView.tsx [Client Component Browser]
    ./src/app/page.tsx [Client Component Browser]
    ./src/app/page.tsx [Server Component]

  Client Component SSR:
    ./src/components/archive/ArchiveAgendaView.tsx [Client Component SSR]
    ./src/app/page.tsx [Client Component SSR]
    ./src/app/page.tsx [Server Component] @ http://localhost:3000/_next/static/chunks/node_modules_next_dist_0u_w_5s._.js:1945
[  133841ms] [ERROR] ./src/components/archive/ArchiveAgendaView.tsx:71:27
the name `setSelectedTaskIds` is defined multiple times
  69 |   };
  70 |
> 71 |   const [selectedTaskIds, setSelectedTaskIds] = useState<Set<string>>(new Set());
     |                           ^^^^^^^^^^^^^^^^^^
  72 |
  73 |   const handleTabChange = (tabId: TaskStatus) => {
  74 |     setActiveTab(tabId);

Ecmascript file had an error

Import traces:
  Client Component Browser:
    ./src/components/archive/ArchiveAgendaView.tsx [Client Component Browser]
    ./src/app/page.tsx [Client Component Browser]
    ./src/app/page.tsx [Server Component]

  Client Component SSR:
    ./src/components/archive/ArchiveAgendaView.tsx [Client Component SSR]
    ./src/app/page.tsx [Client Component SSR]
    ./src/app/page.tsx [Server Component] @ http://localhost:3000/_next/static/chunks/node_modules_next_dist_0u_w_5s._.js:1945
[  133841ms] [ERROR] ./src/components/archive/ArchiveAgendaView.tsx:89:9
the name `toggleTaskSelection` is defined multiple times
  87 |   };
  88 |
> 89 |   const toggleTaskSelection = (id: string, e: React.MouseEvent) => {
     |         ^^^^^^^^^^^^^^^^^^^
  90 |     e.stopPropagation();
  91 |     const newSet = new Set(selectedTaskIds);
  92 |     if (newSet.has(id)) newSet.delete(id);

Ecmascript file had an error

Import traces:
  Client Component Browser:
    ./src/components/archive/ArchiveAgendaView.tsx [Client Component Browser]
    ./src/app/page.tsx [Client Component Browser]
    ./src/app/page.tsx [Server Component]

  Client Component SSR:
    ./src/components/archive/ArchiveAgendaView.tsx [Client Component SSR]
    ./src/app/page.tsx [Client Component SSR]
    ./src/app/page.tsx [Server Component] @ http://localhost:3000/_next/static/chunks/node_modules_next_dist_0u_w_5s._.js:1945
[  133865ms] [ERROR] ./src/components/archive/ArchiveAgendaView.tsx:79:9
the name `filteredTasks` is defined multiple times
  77 |
  78 |
> 79 |   const filteredTasks = tasks.filter(t => t.status === activeTab);
     |         ^^^^^^^^^^^^^
  80 |   
  81 |   const handleSelectAll = () => {
  82 |     if (selectedTaskIds.size === filteredTasks.length) {

Ecmascript file had an error

Import traces:
  Client Component Browser:
    ./src/components/archive/ArchiveAgendaView.tsx [Client Component Browser]
    ./src/app/page.tsx [Client Component Browser]
    ./src/app/page.tsx [Server Component]

  Client Component SSR:
    ./src/components/archive/ArchiveAgendaView.tsx [Client Component SSR]
    ./src/app/page.tsx [Client Component SSR]
    ./src/app/page.tsx [Server Component] @ http://localhost:3000/_next/static/chunks/node_modules_next_dist_0u_w_5s._.js:1945
[  133865ms] [ERROR] ./src/components/archive/ArchiveAgendaView.tsx:97:9
the name `handleBulkDelete` is defined multiple times
   95 |   };
   96 |
>  97 |   const handleBulkDelete = () => {
      |         ^^^^^^^^^^^^^^^^
   98 |     if (confirm(`선택한 ${selectedTaskIds.size}개 항목을 영구 삭제하시겠습니까? 이 작업은...
   99 |       selectedTaskIds.forEach(id => deleteTask(id));
  100 |       setSelectedTaskIds(new Set());

Ecmascript file had an error

Import traces:
  Client Component Browser:
    ./src/components/archive/ArchiveAgendaView.tsx [Client Component Browser]
    ./src/app/page.tsx [Client Component Browser]
    ./src/app/page.tsx [Server Component]

  Client Component SSR:
    ./src/components/archive/ArchiveAgendaView.tsx [Client Component SSR]
    ./src/app/page.tsx [Client Component SSR]
    ./src/app/page.tsx [Server Component] @ http://localhost:3000/_next/static/chunks/node_modules_next_dist_0u_w_5s._.js:1945
[  133865ms] [ERROR] ./src/components/archive/ArchiveAgendaView.tsx:104:9
the name `handleBulkRestore` is defined multiple times
  102 |   };
  103 |   
> 104 |   const handleBulkRestore = () => {
      |         ^^^^^^^^^^^^^^^^^
  105 |     selectedTaskIds.forEach(id => setTaskStatus(id, 'inbox'));
  106 |     setSelectedTaskIds(new Set());
  107 |   };

Ecmascript file had an error

Import traces:
  Client Component Browser:
    ./src/components/archive/ArchiveAgendaView.tsx [Client Component Browser]
    ./src/app/page.tsx [Client Component Browser]
    ./src/app/page.tsx [Server Component]

  Client Component SSR:
    ./src/components/archive/ArchiveAgendaView.tsx [Client Component SSR]
    ./src/app/page.tsx [Client Component SSR]
    ./src/app/page.tsx [Server Component] @ http://localhost:3000/_next/static/chunks/node_modules_next_dist_0u_w_5s._.js:1945
[  133865ms] [ERROR] ./src/components/archive/ArchiveAgendaView.tsx:81:9
the name `handleSelectAll` is defined multiple times
  79 |   const filteredTasks = tasks.filter(t => t.status === activeTab);
  80 |   
> 81 |   const handleSelectAll = () => {
     |         ^^^^^^^^^^^^^^^
  82 |     if (selectedTaskIds.size === filteredTasks.length) {
  83 |       setSelectedTaskIds(new Set());
  84 |     } else {

Ecmascript file had an error

Import traces:
  Client Component Browser:
    ./src/components/archive/ArchiveAgendaView.tsx [Client Component Browser]
    ./src/app/page.tsx [Client Component Browser]
    ./src/app/page.tsx [Server Component]

  Client Component SSR:
    ./src/components/archive/ArchiveAgendaView.tsx [Client Component SSR]
    ./src/app/page.tsx [Client Component SSR]
    ./src/app/page.tsx [Server Component] @ http://localhost:3000/_next/static/chunks/node_modules_next_dist_0u_w_5s._.js:1945
[  133865ms] [ERROR] ./src/components/archive/ArchiveAgendaView.tsx:73:9
the name `handleTabChange` is defined multiple times
  71 |   const [selectedTaskIds, setSelectedTaskIds] = useState<Set<string>>(new Set());
  72 |
> 73 |   const handleTabChange = (tabId: TaskStatus) => {
     |         ^^^^^^^^^^^^^^^
  74 |     setActiveTab(tabId);
  75 |     setSelectedTaskIds(new Set());
  76 |   };

Ecmascript file had an error

Import traces:
  Client Component Browser:
    ./src/components/archive/ArchiveAgendaView.tsx [Client Component Browser]
    ./src/app/page.tsx [Client Component Browser]
    ./src/app/page.tsx [Server Component]

  Client Component SSR:
    ./src/components/archive/ArchiveAgendaView.tsx [Client Component SSR]
    ./src/app/page.tsx [Client Component SSR]
    ./src/app/page.tsx [Server Component] @ http://localhost:3000/_next/static/chunks/node_modules_next_dist_0u_w_5s._.js:1945
[  133865ms] [ERROR] ./src/components/archive/ArchiveAgendaView.tsx:71:10
the name `selectedTaskIds` is defined multiple times
  69 |   };
  70 |
> 71 |   const [selectedTaskIds, setSelectedTaskIds] = useState<Set<string>>(new Set());
     |          ^^^^^^^^^^^^^^^
  72 |
  73 |   const handleTabChange = (tabId: TaskStatus) => {
  74 |     setActiveTab(tabId);

Ecmascript file had an error

Import traces:
  Client Component Browser:
    ./src/components/archive/ArchiveAgendaView.tsx [Client Component Browser]
    ./src/app/page.tsx [Client Component Browser]
    ./src/app/page.tsx [Server Component]

  Client Component SSR:
    ./src/components/archive/ArchiveAgendaView.tsx [Client Component SSR]
    ./src/app/page.tsx [Client Component SSR]
    ./src/app/page.tsx [Server Component] @ http://localhost:3000/_next/static/chunks/node_modules_next_dist_0u_w_5s._.js:1945
[  133865ms] [ERROR] ./src/components/archive/ArchiveAgendaView.tsx:71:27
the name `setSelectedTaskIds` is defined multiple times
  69 |   };
  70 |
> 71 |   const [selectedTaskIds, setSelectedTaskIds] = useState<Set<string>>(new Set());
     |                           ^^^^^^^^^^^^^^^^^^
  72 |
  73 |   const handleTabChange = (tabId: TaskStatus) => {
  74 |     setActiveTab(tabId);

Ecmascript file had an error

Import traces:
  Client Component Browser:
    ./src/components/archive/ArchiveAgendaView.tsx [Client Component Browser]
    ./src/app/page.tsx [Client Component Browser]
    ./src/app/page.tsx [Server Component]

  Client Component SSR:
    ./src/components/archive/ArchiveAgendaView.tsx [Client Component SSR]
    ./src/app/page.tsx [Client Component SSR]
    ./src/app/page.tsx [Server Component] @ http://localhost:3000/_next/static/chunks/node_modules_next_dist_0u_w_5s._.js:1945
[  133865ms] [ERROR] ./src/components/archive/ArchiveAgendaView.tsx:89:9
the name `toggleTaskSelection` is defined multiple times
  87 |   };
  88 |
> 89 |   const toggleTaskSelection = (id: string, e: React.MouseEvent) => {
     |         ^^^^^^^^^^^^^^^^^^^
  90 |     e.stopPropagation();
  91 |     const newSet = new Set(selectedTaskIds);
  92 |     if (newSet.has(id)) newSet.delete(id);

Ecmascript file had an error

Import traces:
  Client Component Browser:
    ./src/components/archive/ArchiveAgendaView.tsx [Client Component Browser]
    ./src/app/page.tsx [Client Component Browser]
    ./src/app/page.tsx [Server Component]

  Client Component SSR:
    ./src/components/archive/ArchiveAgendaView.tsx [Client Component SSR]
    ./src/app/page.tsx [Client Component SSR]
    ./src/app/page.tsx [Server Component] @ http://localhost:3000/_next/static/chunks/node_modules_next_dist_0u_w_5s._.js:1945
[  133936ms] [LOG] [Fast Refresh] rebuilding @ http://localhost:3000/_next/static/chunks/node_modules_next_dist_0u_w_5s._.js:1226
[  156817ms] [LOG] [Fast Refresh] rebuilding @ http://localhost:3000/_next/static/chunks/node_modules_next_dist_0u_w_5s._.js:1226
[  156868ms] [LOG] [Fast Refresh] done in 69ms @ http://localhost:3000/_next/static/chunks/node_modules_next_dist_0u_w_5s._.js:1226
[  156980ms] [LOG] [Fast Refresh] rebuilding @ http://localhost:3000/_next/static/chunks/node_modules_next_dist_0u_w_5s._.js:1226
[  156997ms] [LOG] [Fast Refresh] done in 121ms @ http://localhost:3000/_next/static/chunks/node_modules_next_dist_0u_w_5s._.js:1226
[  157110ms] [LOG] [Fast Refresh] rebuilding @ http://localhost:3000/_next/static/chunks/node_modules_next_dist_0u_w_5s._.js:1226
[  157210ms] [LOG] [Fast Refresh] done in 202ms @ http://localhost:3000/_next/static/chunks/node_modules_next_dist_0u_w_5s._.js:1226
[  157641ms] [INFO] %cDownload the React DevTools for a better development experience: https://react.dev/link/react-devtools font-weight:bold @ http://localhost:3000/_next/static/chunks/node_modules_next_dist_115brz8._.js:2477
[  157654ms] [LOG] [HMR] connected @ http://localhost:3000/_next/static/chunks/node_modules_next_dist_115brz8._.js:2477
[  157748ms] [ERROR] %o

%s ReferenceError: tasks is not defined
    at ArchiveAgendaView (http://localhost:3000/_next/static/chunks/src_components_archive_12r3muv._.js:6596:27)
    at Object.react_stack_bottom_frame (http://localhost:3000/_next/static/chunks/node_modules_next_dist_compiled_react-dom_058-ah~._.js:15037:24)
    at renderWithHooks (http://localhost:3000/_next/static/chunks/node_modules_next_dist_compiled_react-dom_058-ah~._.js:4620:24)
    at updateFunctionComponent (http://localhost:3000/_next/static/chunks/node_modules_next_dist_compiled_react-dom_058-ah~._.js:6081:21)
    at beginWork (http://localhost:3000/_next/static/chunks/node_modules_next_dist_compiled_react-dom_058-ah~._.js:6691:24)
    at runWithFiberInDEV (http://localhost:3000/_next/static/chunks/node_modules_next_dist_compiled_react-dom_058-ah~._.js:965:74)
    at performUnitOfWork (http://localhost:3000/_next/static/chunks/node_modules_next_dist_compiled_react-dom_058-ah~._.js:9555:97)
    at workLoopSync (http://localhost:3000/_next/static/chunks/node_modules_next_dist_compiled_react-dom_058-ah~._.js:9449:40)
    at renderRootSync (http://localhost:3000/_next/static/chunks/node_modules_next_dist_compiled_react-dom_058-ah~._.js:9433:13)
    at performWorkOnRoot (http://localhost:3000/_next/static/chunks/node_modules_next_dist_compiled_react-dom_058-ah~._.js:9061:186)
    at performSyncWorkOnRoot (http://localhost:3000/_next/static/chunks/node_modules_next_dist_compiled_react-dom_058-ah~._.js:10263:9)
    at flushSyncWorkAcrossRoots_impl (http://localhost:3000/_next/static/chunks/node_modules_next_dist_compiled_react-dom_058-ah~._.js:10179:316)
    at flushPassiveEffects (http://localhost:3000/_next/static/chunks/node_modules_next_dist_compiled_react-dom_058-ah~._.js:10008:13)
    at http://localhost:3000/_next/static/chunks/node_modules_next_dist_compiled_react-dom_058-ah~._.js:9724:13
    at MessagePort.performWorkUntilDeadline (http://localhost:3000/_next/static/chunks/node_modules_next_dist_compiled_0rpq4pf._.js:2647:64) The above error occurred in the <ArchiveAgendaView> component. It was handled by the <ErrorBoundaryHandler> error boundary. @ http://localhost:3000/_next/static/chunks/node_modules_next_dist_client_0fhqo1d._.js:1998
[  157748ms] [ERROR] ReferenceError: tasks is not defined
    at ArchiveAgendaView (http://localhost:3000/_next/static/chunks/src_components_archive_12r3muv._.js:6596:27)
    at Object.react_stack_bottom_frame (http://localhost:3000/_next/static/chunks/node_modules_next_dist_compiled_react-dom_058-ah~._.js:15037:24)
    at renderWithHooks (http://localhost:3000/_next/static/chunks/node_modules_next_dist_compiled_react-dom_058-ah~._.js:4620:24)
    at updateFunctionComponent (http://localhost:3000/_next/static/chunks/node_modules_next_dist_compiled_react-dom_058-ah~._.js:6081:21)
    at beginWork (http://localhost:3000/_next/static/chunks/node_modules_next_dist_compiled_react-dom_058-ah~._.js:6691:24)
    at runWithFiberInDEV (http://localhost:3000/_next/static/chunks/node_modules_next_dist_compiled_react-dom_058-ah~._.js:965:74)
    at performUnitOfWork (http://localhost:3000/_next/static/chunks/node_modules_next_dist_compiled_react-dom_058-ah~._.js:9555:97)
    at workLoopSync (http://localhost:3000/_next/static/chunks/node_modules_next_dist_compiled_react-dom_058-ah~._.js:9449:40)
    at renderRootSync (http://localhost:3000/_next/static/chunks/node_modules_next_dist_compiled_react-dom_058-ah~._.js:9433:13)
    at performWorkOnRoot (http://localhost:3000/_next/static/chunks/node_modules_next_dist_compiled_react-dom_058-ah~._.js:9061:186)
    at performSyncWorkOnRoot (http://localhost:3000/_next/static/chunks/node_modules_next_dist_compiled_react-dom_058-ah~._.js:10263:9)
    at flushSyncWorkAcrossRoots_impl (http://localhost:3000/_next/static/chunks/node_modules_next_dist_compiled_react-dom_058-ah~._.js:10179:316)
    at flushPassiveEffects (http://localhost:3000/_next/static/chunks/node_modules_next_dist_compiled_react-dom_058-ah~._.js:10008:13)
    at http://localhost:3000/_next/static/chunks/node_modules_next_dist_compiled_react-dom_058-ah~._.js:9724:13
    at MessagePort.performWorkUntilDeadline (http://localhost:3000/_next/static/chunks/node_modules_next_dist_compiled_0rpq4pf._.js:2647:64) @ http://localhost:3000/_next/static/chunks/node_modules_next_dist_115brz8._.js:3318
[  157749ms] [ERROR] ReferenceError: tasks is not defined
    at ArchiveAgendaView (http://localhost:3000/_next/static/chunks/src_components_archive_12r3muv._.js:6596:27)
    at Object.react_stack_bottom_frame (http://localhost:3000/_next/static/chunks/node_modules_next_dist_compiled_react-dom_058-ah~._.js:15037:24)
    at renderWithHooks (http://localhost:3000/_next/static/chunks/node_modules_next_dist_compiled_react-dom_058-ah~._.js:4620:24)
    at updateFunctionComponent (http://localhost:3000/_next/static/chunks/node_modules_next_dist_compiled_react-dom_058-ah~._.js:6081:21)
    at beginWork (http://localhost:3000/_next/static/chunks/node_modules_next_dist_compiled_react-dom_058-ah~._.js:6691:24)
    at runWithFiberInDEV (http://localhost:3000/_next/static/chunks/node_modules_next_dist_compiled_react-dom_058-ah~._.js:965:74)
    at performUnitOfWork (http://localhost:3000/_next/static/chunks/node_modules_next_dist_compiled_react-dom_058-ah~._.js:9555:97)
    at workLoopSync (http://localhost:3000/_next/static/chunks/node_modules_next_dist_compiled_react-dom_058-ah~._.js:9449:40)
    at renderRootSync (http://localhost:3000/_next/static/chunks/node_modules_next_dist_compiled_react-dom_058-ah~._.js:9433:13)
    at performWorkOnRoot (http://localhost:3000/_next/static/chunks/node_modules_next_dist_compiled_react-dom_058-ah~._.js:9061:186)
    at performSyncWorkOnRoot (http://localhost:3000/_next/static/chunks/node_modules_next_dist_compiled_react-dom_058-ah~._.js:10263:9)
    at flushSyncWorkAcrossRoots_impl (http://localhost:3000/_next/static/chunks/node_modules_next_dist_compiled_react-dom_058-ah~._.js:10179:316)
    at flushPassiveEffects (http://localhost:3000/_next/static/chunks/node_modules_next_dist_compiled_react-dom_058-ah~._.js:10008:13)
    at http://localhost:3000/_next/static/chunks/node_modules_next_dist_compiled_react-dom_058-ah~._.js:9724:13
    at MessagePort.performWorkUntilDeadline (http://localhost:3000/_next/static/chunks/node_modules_next_dist_compiled_0rpq4pf._.js:2647:64) @ http://localhost:3000/_next/static/chunks/node_modules_next_dist_115brz8._.js:3318
[  177105ms] [LOG] [Fast Refresh] rebuilding @ http://localhost:3000/_next/static/chunks/node_modules_next_dist_115brz8._.js:2477
[  177131ms] [LOG] [Fast Refresh] done in 70ms @ http://localhost:3000/_next/static/chunks/node_modules_next_dist_115brz8._.js:2477
